service_date,LocationID,pickups,dropoffs,net_flow,prediction,absolute_error,zero_baseline_absolute_error
2025-07-01,1,0,13,13,16.6976744186047,3.69767441860465,13
2025-07-01,2,0,0,0,0.0310077519379844,0.0310077519379844,0
2025-07-01,3,0,0,0,0.682170542635659,0.682170542635659,0
2025-07-01,4,15,53,38,26.8217054263566,11.1782945736434,38
2025-07-01,5,0,0,0,0.0232558139534883,0.0232558139534883,0
2025-07-01,6,0,0,0,0.131782945736434,0.131782945736434,0
2025-07-01,7,3,12,9,9.62790697674418,0.627906976744184,9
2025-07-01,8,0,0,0,0.0465116279069767,0.0465116279069767,0
2025-07-01,9,0,1,1,0.527131782945736,0.472868217054264,1
2025-07-01,10,1,15,14,6.08527131782946,7.91472868217054,14
2025-07-01,11,0,0,0,0.488372093023256,0.488372093023256,0
2025-07-01,12,4,1,-3,-0.48062015503876,2.51937984496124,3
2025-07-01,13,94,61,-33,-33.9457364341085,0.945736434108525,33
2025-07-01,14,1,6,5,4.67441860465116,0.325581395348837,5
2025-07-01,15,0,2,2,0.914728682170543,1.08527131782946,2
2025-07-01,16,0,0,0,1.10077519379845,1.10077519379845,0
2025-07-01,17,9,17,8,4.49612403100775,3.50387596899225,8
2025-07-01,18,0,0,0,1.15503875968992,1.15503875968992,0
2025-07-01,19,0,0,0,0.945736434108527,0.945736434108527,0
2025-07-01,20,1,0,-1,0.612403100775194,1.61240310077519,1
2025-07-01,21,0,1,1,0.930232558139535,0.0697674418604652,1
2025-07-01,22,0,4,4,1.2015503875969,2.7984496124031,4
2025-07-01,23,0,0,0,0.155038759689922,0.155038759689922,0
2025-07-01,24,20,37,17,9.77519379844961,7.22480620155039,17
2025-07-01,25,10,12,2,8.10852713178295,6.10852713178295,2
2025-07-01,26,2,1,-1,2.16279069767442,3.16279069767442,1
2025-07-01,27,0,0,0,0.108527131782946,0.108527131782946,0
2025-07-01,28,0,2,2,1.65891472868217,0.341085271317829,2
2025-07-01,29,2,0,-2,0.86046511627907,2.86046511627907,2
2025-07-01,30,0,0,0,0.0620155038759689,0.0620155038759689,0
2025-07-01,31,0,0,0,0.193798449612403,0.193798449612403,0
2025-07-01,32,0,0,0,0.713178294573643,0.713178294573643,0
2025-07-01,33,9,24,15,15.2170542635659,0.217054263565892,15
2025-07-01,34,0,0,0,-0.155038759689922,0.155038759689922,0
2025-07-01,35,1,6,5,2.22480620155039,2.77519379844961,5
2025-07-01,36,3,3,0,3.65116279069767,3.65116279069767,0
2025-07-01,37,6,11,5,5.1937984496124,0.193798449612403,5
2025-07-01,38,0,2,2,1.37984496124031,0.62015503875969,2
2025-07-01,39,2,7,5,3.75193798449612,1.24806201550388,5
2025-07-01,40,2,4,2,6.83720930232558,4.83720930232558,2
2025-07-01,41,25,48,23,26.0232558139535,3.02325581395349,23
2025-07-01,42,8,32,24,24.4108527131783,0.410852713178294,24
2025-07-01,43,83,55,-28,-17.3720930232558,10.6279069767442,28
2025-07-01,44,0,0,0,0.0077519379844961,0.0077519379844961,0
2025-07-01,45,23,35,12,12.4806201550388,0.480620155038761,12
2025-07-01,46,0,0,0,0.155038759689922,0.155038759689922,0
2025-07-01,47,0,1,1,0.844961240310077,0.155038759689923,1
2025-07-01,48,165,239,74,70.3565891472868,3.64341085271317,74
2025-07-01,49,5,10,5,7.2015503875969,2.2015503875969,5
2025-07-01,50,49,88,39,47.2790697674419,8.27906976744186,39
2025-07-01,51,2,3,1,2.35658914728682,1.35658914728682,1
2025-07-01,52,4,5,1,4.28682170542636,3.28682170542636,1
2025-07-01,53,0,1,1,0.697674418604651,0.302325581395349,1
2025-07-01,54,0,0,0,1.87596899224806,1.87596899224806,0
2025-07-01,55,1,3,2,1.85271317829457,0.147286821705426,2
2025-07-01,56,1,0,-1,1.47286821705426,2.47286821705426,1
2025-07-01,57,0,0,0,0.0852713178294573,0.0852713178294573,0
2025-07-01,58,0,0,0,0.224806201550388,0.224806201550388,0
2025-07-01,59,0,0,0,0.0310077519379844,0.0310077519379844,0
2025-07-01,60,1,0,-1,0.48062015503876,1.48062015503876,1
2025-07-01,61,10,23,13,7.2093023255814,5.7906976744186,13
2025-07-01,62,0,8,8,2.24031007751938,5.75968992248062,8
2025-07-01,63,1,2,1,1.61240310077519,0.612403100775194,1
2025-07-01,64,0,1,1,0.922480620155039,0.0775193798449612,1
2025-07-01,65,16,11,-5,1.81395348837209,6.81395348837209,5
2025-07-01,66,9,16,7,5.24031007751938,1.75968992248062,7
2025-07-01,67,0,0,0,0.813953488372093,0.813953488372093,0
2025-07-01,68,245,245,0,-48.1937984496124,48.1937984496124,0
2025-07-01,69,1,5,4,2.05426356589147,1.94573643410853,4
2025-07-01,70,11,5,-6,-17.8604651162791,11.8604651162791,6
2025-07-01,71,1,8,7,1.93023255813953,5.06976744186047,7
2025-07-01,72,0,3,3,1.74418604651163,1.25581395348837,3
2025-07-01,73,0,1,1,0.457364341085271,0.542635658914729,1
2025-07-01,74,17,68,51,35.6821705426357,15.3178294573643,51
2025-07-01,75,31,68,37,29.7131782945736,7.28682170542636,37
2025-07-01,76,5,8,3,4.68217054263566,1.68217054263566,3
2025-07-01,77,0,2,2,1.08527131782946,0.914728682170543,2
2025-07-01,78,1,2,1,0.837209302325581,0.162790697674419,1
2025-07-01,79,139,244,105,82.2248062015504,22.7751937984496,105
2025-07-01,80,3,8,5,5.65891472868217,0.658914728682171,5
2025-07-01,81,0,0,0,0.720930232558139,0.720930232558139,0
2025-07-01,82,2,2,0,1,1,0
2025-07-01,83,1,3,2,1.15503875968992,0.844961240310078,2
2025-07-01,84,0,0,0,0.0542635658914728,0.0542635658914728,0
2025-07-01,85,1,6,5,1.2093023255814,3.7906976744186,5
2025-07-01,86,0,0,0,2.03100775193798,2.03100775193798,0
2025-07-01,87,89,103,14,5.10852713178295,8.89147286821705,14
2025-07-01,88,49,29,-20,-2.41085271317829,17.5891472868217,20
2025-07-01,89,0,8,8,4.56589147286822,3.43410852713178,8
2025-07-01,90,158,118,-40,-10.8992248062016,29.1007751937984,40
2025-07-01,91,0,10,10,2.4031007751938,7.5968992248062,10
2025-07-01,92,0,5,5,3.90697674418605,1.09302325581395,5
2025-07-01,93,0,4,4,1.93023255813953,2.06976744186047,4
2025-07-01,94,0,0,0,0.395348837209302,0.395348837209302,0
2025-07-01,95,9,11,2,6.0077519379845,4.0077519379845,2
2025-07-01,96,0,0,0,0.155038759689922,0.155038759689922,0
2025-07-01,97,7,16,9,4.94573643410853,4.05426356589147,9
2025-07-01,98,0,3,3,1.51937984496124,1.48062015503876,3
2025-07-01,99,0,0,0,0,0,0
2025-07-01,100,155,118,-37,-24.2713178294574,12.7286821705426,37
2025-07-01,101,0,0,0,0.565891472868217,0.565891472868217,0
2025-07-01,102,3,3,0,1.48062015503876,1.48062015503876,0
2025-07-01,105,0,0,0,0,0,0
2025-07-01,106,2,2,0,1.85271317829457,1.85271317829457,0
2025-07-01,107,179,213,34,21.6666666666667,12.3333333333333,34
2025-07-01,108,0,1,1,0.945736434108527,0.0542635658914729,1
2025-07-01,109,0,0,0,0.0697674418604651,0.0697674418604651,0
2025-07-01,110,0,0,0,0,0,0
2025-07-01,111,0,0,0,0.0310077519379844,0.0310077519379844,0
2025-07-01,112,9,19,10,16.2790697674419,6.27906976744186,10
2025-07-01,113,129,131,2,13.2558139534884,11.2558139534884,2
2025-07-01,114,87,105,18,24.5658914728682,6.56589147286822,18
2025-07-01,115,0,0,0,0.116279069767442,0.116279069767442,0
2025-07-01,116,7,17,10,12.2015503875969,2.2015503875969,10
2025-07-01,117,0,2,2,1.1937984496124,0.806201550387597,2
2025-07-01,118,0,0,0,0.13953488372093,0.13953488372093,0
2025-07-01,119,0,4,4,1.86046511627907,2.13953488372093,4
2025-07-01,120,0,0,0,0.426356589147287,0.426356589147287,0
2025-07-01,121,0,3,3,1.42635658914729,1.57364341085271,3
2025-07-01,122,0,1,1,0.589147286821705,0.410852713178295,1
2025-07-01,123,0,1,1,1.13178294573643,0.131782945736434,1
2025-07-01,124,0,2,2,1.77519379844961,0.224806201550388,2
2025-07-01,125,57,38,-19,-2.09302325581395,16.906976744186,19
2025-07-01,126,0,2,2,0.294573643410853,1.70542635658915,2
2025-07-01,127,0,4,4,4.92248062015504,0.922480620155039,4
2025-07-01,128,0,0,0,0.472868217054264,0.472868217054264,0
2025-07-01,129,5,10,5,4.51162790697674,0.488372093023256,5
2025-07-01,130,12,4,-8,0.403100775193798,8.4031007751938,8
2025-07-01,131,1,1,0,1.41860465116279,1.41860465116279,0
2025-07-01,132,174,54,-120,-215.976744186046,95.9767441860465,120
2025-07-01,133,0,2,2,1.75193798449612,0.248062015503876,2
2025-07-01,134,1,1,0,1.07751937984496,1.07751937984496,0
2025-07-01,135,0,1,1,1.85271317829457,0.852713178294574,1
2025-07-01,136,0,1,1,0.782945736434108,0.217054263565892,1
2025-07-01,137,116,108,-8,-9.26356589147287,1.26356589147287,8
2025-07-01,138,109,45,-64,-143.744186046512,79.7441860465116,64
2025-07-01,139,0,2,2,1.37209302325581,0.627906976744186,2
2025-07-01,140,195,184,-11,-33.1860465116279,22.1860465116279,11
2025-07-01,141,192,264,72,61.1472868217054,10.8527131782946,72
2025-07-01,142,234,261,27,62.8759689922481,35.8759689922481,27
2025-07-01,143,86,143,57,53.1627906976744,3.83720930232558,57
2025-07-01,144,130,100,-30,-2.15503875968992,27.8449612403101,30
2025-07-01,145,9,20,11,9.4031007751938,1.5968992248062,11
2025-07-01,146,8,8,0,0.720930232558139,0.720930232558139,0
2025-07-01,147,0,1,1,0.294573643410853,0.705426356589147,1
2025-07-01,148,54,109,55,54.4031007751938,0.596899224806201,55
2025-07-01,149,1,2,1,1.38759689922481,0.387596899224806,1
2025-07-01,150,0,2,2,0.51937984496124,1.48062015503876,2
2025-07-01,151,55,65,10,13,3,10
2025-07-01,152,7,3,-4,2.86821705426357,6.86821705426357,4
2025-07-01,153,0,0,0,0.170542635658915,0.170542635658915,0
2025-07-01,154,1,0,-1,0.527131782945736,1.52713178294574,1
2025-07-01,155,1,5,4,1.44186046511628,2.55813953488372,4
2025-07-01,156,0,0,0,0.0542635658914728,0.0542635658914728,0
2025-07-01,157,0,1,1,2,1,1
2025-07-01,158,62,132,70,47.8139534883721,22.1860465116279,70
2025-07-01,159,0,3,3,0.395348837209302,2.6046511627907,3
2025-07-01,160,1,4,3,1.89922480620155,1.10077519379845,3
2025-07-01,161,707,266,-441,-286.294573643411,154.705426356589,441
2025-07-01,162,492,238,-254,-210.364341085271,43.6356589147287,254
2025-07-01,163,344,191,-153,-106.403100775194,46.5968992248062,153
2025-07-01,164,235,199,-36,-25.4418604651163,10.5581395348837,36
2025-07-01,165,1,4,3,1.55038759689922,1.44961240310078,3
2025-07-01,166,31,44,13,7.13178294573643,5.86821705426357,13
2025-07-01,167,0,2,2,1.41860465116279,0.581395348837209,2
2025-07-01,168,2,6,4,2.56589147286822,1.43410852713178,4
2025-07-01,169,0,0,0,1.16279069767442,1.16279069767442,0
2025-07-01,170,306,252,-54,-46.6666666666667,7.33333333333334,54
2025-07-01,171,0,0,0,1.55813953488372,1.55813953488372,0
2025-07-01,172,0,0,0,0.0542635658914728,0.0542635658914728,0
2025-07-01,173,1,1,0,0.775193798449612,0.775193798449612,0
2025-07-01,174,0,1,1,0.573643410852713,0.426356589147287,1
2025-07-01,175,1,1,0,0.767441860465116,0.767441860465116,0
2025-07-01,176,0,0,0,0.0465116279069767,0.0465116279069767,0
2025-07-01,177,3,8,5,1.51162790697674,3.48837209302326,5
2025-07-01,178,0,2,2,0.829457364341085,1.17054263565891,2
2025-07-01,179,2,6,4,3.2015503875969,0.798449612403101,4
2025-07-01,180,0,2,2,0.875968992248062,1.12403100775194,2
2025-07-01,181,9,15,6,16.6744186046512,10.6744186046512,6
2025-07-01,182,1,1,0,1.69767441860465,1.69767441860465,0
2025-07-01,183,0,2,2,0.426356589147287,1.57364341085271,2
2025-07-01,184,0,0,0,0.0155038759689922,0.0155038759689922,0
2025-07-01,185,1,5,4,1.06201550387597,2.93798449612403,4
2025-07-01,186,220,169,-51,-50.8217054263566,0.178294573643413,51
2025-07-01,187,0,0,0,0.0775193798449612,0.0775193798449612,0
2025-07-01,188,8,8,0,2.85271317829457,2.85271317829457,0
2025-07-01,189,6,6,0,4.48062015503876,4.48062015503876,0
2025-07-01,190,0,0,0,0.689922480620155,0.689922480620155,0
2025-07-01,191,4,4,0,1.65891472868217,1.65891472868217,0
2025-07-01,192,0,1,1,0.697674418604651,0.302325581395349,1
2025-07-01,193,5,6,1,1.24031007751938,0.24031007751938,1
2025-07-01,194,0,1,1,1.15503875968992,0.155038759689922,1
2025-07-01,195,1,0,-1,2.09302325581395,3.09302325581395,1
2025-07-01,196,0,2,2,0.953488372093023,1.04651162790698,2
2025-07-01,197,0,2,2,1.8062015503876,0.193798449612403,2
2025-07-01,198,2,5,3,3.04651162790698,0.0465116279069768,3
2025-07-01,199,0,0,0,-0.0155038759689922,0.0155038759689922,0
2025-07-01,200,0,1,1,2.31007751937985,1.31007751937985,1
2025-07-01,201,1,1,0,0.589147286821705,0.589147286821705,0
2025-07-01,202,1,7,6,3.57364341085271,2.42635658914729,6
2025-07-01,203,0,3,3,1.3953488372093,1.6046511627907,3
2025-07-01,204,0,0,0,0.0155038759689922,0.0155038759689922,0
2025-07-01,205,1,9,8,2.62790697674419,5.37209302325581,8
2025-07-01,206,0,0,0,0.193798449612403,0.193798449612403,0
2025-07-01,207,0,0,0,-0.0542635658914728,0.0542635658914728,0
2025-07-01,208,0,1,1,1.27906976744186,0.27906976744186,1
2025-07-01,209,19,48,29,8.03875968992248,20.9612403100775,29
2025-07-01,210,0,1,1,1.27131782945736,0.271317829457364,1
2025-07-01,211,101,67,-34,3.75193798449612,37.7519379844961,34
2025-07-01,212,0,1,1,0.503875968992248,0.496124031007752,1
2025-07-01,213,1,1,0,1.29457364341085,1.29457364341085,0
2025-07-01,214,0,0,0,0.147286821705426,0.147286821705426,0
2025-07-01,215,0,2,2,1.75968992248062,0.24031007751938,2
2025-07-01,216,2,5,3,5.67441860465116,2.67441860465116,3
2025-07-01,217,0,6,6,2.6046511627907,3.3953488372093,6
2025-07-01,218,1,3,2,2.7906976744186,0.790697674418605,2
2025-07-01,219,0,2,2,2.43410852713178,0.434108527131783,2
2025-07-01,220,0,3,3,2.24031007751938,0.75968992248062,3
2025-07-01,221,0,0,0,0.13953488372093,0.13953488372093,0
2025-07-01,222,0,5,5,0.883720930232558,4.11627906976744,5
2025-07-01,223,2,5,3,5.72093023255814,2.72093023255814,3
2025-07-01,224,17,46,29,22.8759689922481,6.12403100775193,29
2025-07-01,225,6,8,2,4.31007751937984,2.31007751937984,2
2025-07-01,226,7,12,5,1.68217054263566,3.31782945736434,5
2025-07-01,227,0,1,1,1.09302325581395,0.0930232558139534,1
2025-07-01,228,7,2,-5,1.94573643410853,6.94573643410853,5
2025-07-01,229,163,198,35,36.4961240310078,1.49612403100775,35
2025-07-01,230,334,478,144,84.7286821705426,59.2713178294574,144
2025-07-01,231,171,156,-15,4.27131782945736,19.2713178294574,15
2025-07-01,232,18,55,37,33.5503875968992,3.44961240310077,37
2025-07-01,233,142,140,-2,-1.31007751937985,0.689922480620155,2
2025-07-01,234,338,252,-86,-42.6899224806202,43.3100775193798,86
2025-07-01,235,0,2,2,1.29457364341085,0.705426356589147,2
2025-07-01,236,302,336,34,43.5891472868217,9.58914728682171,34
2025-07-01,237,466,386,-80,-6.51937984496124,73.4806201550388,80
2025-07-01,238,118,181,63,43.3798449612403,19.6201550387597,63
2025-07-01,239,184,260,76,72.8139534883721,3.18604651162791,76
2025-07-01,240,0,1,1,0.286821705426357,0.713178294573643,1
2025-07-01,241,0,0,0,1.09302325581395,1.09302325581395,0
2025-07-01,242,1,1,0,0.472868217054264,0.472868217054264,0
2025-07-01,243,2,24,22,11.6744186046512,10.3255813953488,22
2025-07-01,244,13,24,11,12.6666666666667,1.66666666666667,11
2025-07-01,245,0,0,0,0.0852713178294573,0.0852713178294573,0
2025-07-01,246,234,199,-35,-22.5116279069767,12.4883720930233,35
2025-07-01,247,1,0,-1,3.26356589147287,4.26356589147287,1
2025-07-01,248,0,4,4,0.689922480620155,3.31007751937985,4
2025-07-01,249,124,226,102,70.3798449612403,31.6201550387597,102
2025-07-01,250,0,1,1,0.387596899224806,0.612403100775194,1
2025-07-01,251,0,0,0,0.116279069767442,0.116279069767442,0
2025-07-01,252,0,1,1,1.18604651162791,0.186046511627907,1
2025-07-01,253,0,0,0,0.10077519379845,0.10077519379845,0
2025-07-01,254,1,2,1,1.35658914728682,0.356589147286822,1
2025-07-01,255,5,21,16,15.5736434108527,0.426356589147288,16
2025-07-01,256,6,22,16,12.046511627907,3.95348837209302,16
2025-07-01,257,0,6,6,2.90697674418605,3.09302325581395,6
2025-07-01,258,2,2,0,1.78294573643411,1.78294573643411,0
2025-07-01,259,1,2,1,1.04651162790698,0.0465116279069768,1
2025-07-01,260,4,7,3,2.10077519379845,0.89922480620155,3
2025-07-01,261,46,26,-20,-22.922480620155,2.92248062015504,20
2025-07-01,262,96,157,61,41.2945736434108,19.7054263565892,61
2025-07-01,263,127,210,83,68.4341085271318,14.5658914728682,83
2025-07-02,1,0,16,16,16.6976744186047,0.697674418604652,16
2025-07-02,2,0,0,0,0.0310077519379844,0.0310077519379844,0
2025-07-02,3,0,0,0,0.682170542635659,0.682170542635659,0
2025-07-02,4,7,36,29,26.8217054263566,2.17829457364341,29
2025-07-02,5,0,0,0,0.0232558139534883,0.0232558139534883,0
2025-07-02,6,0,0,0,0.131782945736434,0.131782945736434,0
2025-07-02,7,6,18,12,9.62790697674418,2.37209302325582,12
2025-07-02,8,0,0,0,0.0465116279069767,0.0465116279069767,0
2025-07-02,9,0,3,3,0.527131782945736,2.47286821705426,3
2025-07-02,10,1,16,15,6.08527131782946,8.91472868217054,15
2025-07-02,11,0,1,1,0.488372093023256,0.511627906976744,1
2025-07-02,12,1,0,-1,-0.48062015503876,0.51937984496124,1
2025-07-02,13,79,57,-22,-33.9457364341085,11.9457364341085,22
2025-07-02,14,3,11,8,4.67441860465116,3.32558139534884,8
2025-07-02,15,0,2,2,0.914728682170543,1.08527131782946,2
2025-07-02,16,0,1,1,1.10077519379845,0.10077519379845,1
2025-07-02,17,2,12,10,4.49612403100775,5.50387596899225,10
2025-07-02,18,1,1,0,1.15503875968992,1.15503875968992,0
2025-07-02,19,1,1,0,0.945736434108527,0.945736434108527,0
2025-07-02,20,0,3,3,0.612403100775194,2.38759689922481,3
2025-07-02,21,1,2,1,0.930232558139535,0.0697674418604652,1
2025-07-02,22,1,5,4,1.2015503875969,2.7984496124031,4
2025-07-02,23,0,0,0,0.155038759689922,0.155038759689922,0
2025-07-02,24,21,28,7,9.77519379844961,2.77519379844961,7
2025-07-02,25,5,12,7,8.10852713178295,1.10852713178295,7
2025-07-02,26,0,2,2,2.16279069767442,0.162790697674418,2
2025-07-02,27,0,1,1,0.108527131782946,0.891472868217054,1
2025-07-02,28,0,1,1,1.65891472868217,0.658914728682171,1
2025-07-02,29,0,4,4,0.86046511627907,3.13953488372093,4
2025-07-02,30,0,0,0,0.0620155038759689,0.0620155038759689,0
2025-07-02,31,0,0,0,0.193798449612403,0.193798449612403,0
2025-07-02,32,0,2,2,0.713178294573643,1.28682170542636,2
2025-07-02,33,5,15,10,15.2170542635659,5.21705426356589,10
2025-07-02,34,1,1,0,-0.155038759689922,0.155038759689922,0
2025-07-02,35,0,4,4,2.22480620155039,1.77519379844961,4
2025-07-02,36,5,8,3,3.65116279069767,0.651162790697674,3
2025-07-02,37,7,10,3,5.1937984496124,2.1937984496124,3
2025-07-02,38,0,4,4,1.37984496124031,2.62015503875969,4
2025-07-02,39,2,6,4,3.75193798449612,0.248062015503876,4
2025-07-02,40,0,13,13,6.83720930232558,6.16279069767442,13
2025-07-02,41,29,43,14,26.0232558139535,12.0232558139535,14
2025-07-02,42,7,36,29,24.4108527131783,4.58914728682171,29
2025-07-02,43,86,60,-26,-17.3720930232558,8.62790697674419,26
2025-07-02,44,0,0,0,0.0077519379844961,0.0077519379844961,0
2025-07-02,45,11,26,15,12.4806201550388,2.51937984496124,15
2025-07-02,46,0,0,0,0.155038759689922,0.155038759689922,0
2025-07-02,47,0,0,0,0.844961240310077,0.844961240310077,0
2025-07-02,48,140,229,89,70.3565891472868,18.6434108527132,89
2025-07-02,49,1,15,14,7.2015503875969,6.7984496124031,14
2025-07-02,50,46,76,30,47.2790697674419,17.2790697674419,30
2025-07-02,51,0,0,0,2.35658914728682,2.35658914728682,0
2025-07-02,52,3,3,0,4.28682170542636,4.28682170542636,0
2025-07-02,53,1,0,-1,0.697674418604651,1.69767441860465,1
2025-07-02,54,0,1,1,1.87596899224806,0.875968992248062,1
2025-07-02,55,1,5,4,1.85271317829457,2.14728682170543,4
2025-07-02,56,1,1,0,1.47286821705426,1.47286821705426,0
2025-07-02,57,0,0,0,0.0852713178294573,0.0852713178294573,0
2025-07-02,58,0,4,4,0.224806201550388,3.77519379844961,4
2025-07-02,59,0,0,0,0.0310077519379844,0.0310077519379844,0
2025-07-02,60,0,0,0,0.48062015503876,0.48062015503876,0
2025-07-02,61,3,14,11,7.2093023255814,3.7906976744186,11
2025-07-02,62,0,7,7,2.24031007751938,4.75968992248062,7
2025-07-02,63,0,4,4,1.61240310077519,2.38759689922481,4
2025-07-02,64,0,5,5,0.922480620155039,4.07751937984496,5
2025-07-02,65,9,11,2,1.81395348837209,0.186046511627907,2
2025-07-02,66,12,19,7,5.24031007751938,1.75968992248062,7
2025-07-02,67,0,0,0,0.813953488372093,0.813953488372093,0
2025-07-02,68,199,173,-26,-48.1937984496124,22.1937984496124,26
2025-07-02,69,2,1,-1,2.05426356589147,3.05426356589147,1
2025-07-02,70,15,4,-11,-17.8604651162791,6.86046511627907,11
2025-07-02,71,2,3,1,1.93023255813953,0.930232558139535,1
2025-07-02,72,1,5,4,1.74418604651163,2.25581395348837,4
2025-07-02,73,0,0,0,0.457364341085271,0.457364341085271,0
2025-07-02,74,13,52,39,35.6821705426357,3.31782945736434,39
2025-07-02,75,43,72,29,29.7131782945736,0.713178294573645,29
2025-07-02,76,0,13,13,4.68217054263566,8.31782945736434,13
2025-07-02,77,0,0,0,1.08527131782946,1.08527131782946,0
2025-07-02,78,0,3,3,0.837209302325581,2.16279069767442,3
2025-07-02,79,89,157,68,82.2248062015504,14.2248062015504,68
2025-07-02,80,4,9,5,5.65891472868217,0.658914728682171,5
2025-07-02,81,0,2,2,0.720930232558139,1.27906976744186,2
2025-07-02,82,4,9,5,1,4,5
2025-07-02,83,1,7,6,1.15503875968992,4.84496124031008,6
2025-07-02,84,0,0,0,0.0542635658914728,0.0542635658914728,0
2025-07-02,85,0,5,5,1.2093023255814,3.7906976744186,5
2025-07-02,86,0,0,0,2.03100775193798,2.03100775193798,0
2025-07-02,87,68,71,3,5.10852713178295,2.10852713178295,3
2025-07-02,88,31,29,-2,-2.41085271317829,0.410852713178294,2
2025-07-02,89,6,10,4,4.56589147286822,0.565891472868217,4
2025-07-02,90,113,118,5,-10.8992248062016,15.8992248062016,5
2025-07-02,91,2,6,4,2.4031007751938,1.5968992248062,4
2025-07-02,92,1,4,3,3.90697674418605,0.906976744186046,3
2025-07-02,93,0,11,11,1.93023255813953,9.06976744186047,11
2025-07-02,94,1,2,1,0.395348837209302,0.604651162790698,1
2025-07-02,95,0,7,7,6.0077519379845,0.992248062015504,7
2025-07-02,96,0,0,0,0.155038759689922,0.155038759689922,0
2025-07-02,97,6,13,7,4.94573643410853,2.05426356589147,7
2025-07-02,98,0,1,1,1.51937984496124,0.51937984496124,1
2025-07-02,99,0,0,0,0,0,0
2025-07-02,100,127,97,-30,-24.2713178294574,5.72868217054264,30
2025-07-02,101,1,1,0,0.565891472868217,0.565891472868217,0
2025-07-02,102,1,3,2,1.48062015503876,0.51937984496124,2
2025-07-02,105,0,0,0,0,0,0
2025-07-02,106,1,5,4,1.85271317829457,2.14728682170543,4
2025-07-02,107,120,130,10,21.6666666666667,11.6666666666667,10
2025-07-02,108,0,0,0,0.945736434108527,0.945736434108527,0
2025-07-02,109,0,0,0,0.0697674418604651,0.0697674418604651,0
2025-07-02,110,0,0,0,0,0,0
2025-07-02,111,0,0,0,0.0310077519379844,0.0310077519379844,0
2025-07-02,112,6,25,19,16.2790697674419,2.72093023255814,19
2025-07-02,113,114,100,-14,13.2558139534884,27.2558139534884,14
2025-07-02,114,59,103,44,24.5658914728682,19.4341085271318,44
2025-07-02,115,0,0,0,0.116279069767442,0.116279069767442,0
2025-07-02,116,8,20,12,12.2015503875969,0.2015503875969,12
2025-07-02,117,0,3,3,1.1937984496124,1.8062015503876,3
2025-07-02,118,0,0,0,0.13953488372093,0.13953488372093,0
2025-07-02,119,0,1,1,1.86046511627907,0.86046511627907,1
2025-07-02,120,0,0,0,0.426356589147287,0.426356589147287,0
2025-07-02,121,0,2,2,1.42635658914729,0.573643410852713,2
2025-07-02,122,0,1,1,0.589147286821705,0.410852713178295,1
2025-07-02,123,0,0,0,1.13178294573643,1.13178294573643,0
2025-07-02,124,0,1,1,1.77519379844961,0.775193798449612,1
2025-07-02,125,39,28,-11,-2.09302325581395,8.90697674418605,11
2025-07-02,126,2,2,0,0.294573643410853,0.294573643410853,0
2025-07-02,127,3,8,5,4.92248062015504,0.0775193798449614,5
2025-07-02,128,0,1,1,0.472868217054264,0.527131782945736,1
2025-07-02,129,6,6,0,4.51162790697674,4.51162790697674,0
2025-07-02,130,12,9,-3,0.403100775193798,3.4031007751938,3
2025-07-02,131,0,4,4,1.41860465116279,2.58139534883721,4
2025-07-02,132,305,64,-241,-215.976744186046,25.0232558139535,241
2025-07-02,133,0,2,2,1.75193798449612,0.248062015503876,2
2025-07-02,134,0,3,3,1.07751937984496,1.92248062015504,3
2025-07-02,135,1,3,2,1.85271317829457,0.147286821705426,2
2025-07-02,136,0,1,1,0.782945736434108,0.217054263565892,1
2025-07-02,137,89,84,-5,-9.26356589147287,4.26356589147287,5
2025-07-02,138,104,59,-45,-143.744186046512,98.7441860465116,45
2025-07-02,139,0,4,4,1.37209302325581,2.62790697674419,4
2025-07-02,140,153,126,-27,-33.1860465116279,6.18604651162791,27
2025-07-02,141,162,186,24,61.1472868217054,37.1472868217054,24
2025-07-02,142,185,215,30,62.8759689922481,32.8759689922481,30
2025-07-02,143,81,125,44,53.1627906976744,9.16279069767442,44
2025-07-02,144,110,80,-30,-2.15503875968992,27.8449612403101,30
2025-07-02,145,3,15,12,9.4031007751938,2.5968992248062,12
2025-07-02,146,4,2,-2,0.720930232558139,2.72093023255814,2
2025-07-02,147,0,2,2,0.294573643410853,1.70542635658915,2
2025-07-02,148,56,102,46,54.4031007751938,8.4031007751938,46
2025-07-02,149,0,1,1,1.38759689922481,0.387596899224806,1
2025-07-02,150,0,0,0,0.51937984496124,0.51937984496124,0
2025-07-02,151,62,67,5,13,8,5
2025-07-02,152,6,15,9,2.86821705426357,6.13178294573643,9
2025-07-02,153,0,0,0,0.170542635658915,0.170542635658915,0
2025-07-02,154,0,1,1,0.527131782945736,0.472868217054264,1
2025-07-02,155,1,3,2,1.44186046511628,0.558139534883721,2
2025-07-02,156,0,0,0,0.0542635658914728,0.0542635658914728,0
2025-07-02,157,1,4,3,2,1,3
2025-07-02,158,58,106,48,47.8139534883721,0.186046511627907,48
2025-07-02,159,0,0,0,0.395348837209302,0.395348837209302,0
2025-07-02,160,2,3,1,1.89922480620155,0.89922480620155,1
2025-07-02,161,482,217,-265,-286.294573643411,21.2945736434108,265
2025-07-02,162,324,185,-139,-210.364341085271,71.3643410852713,139
2025-07-02,163,232,129,-103,-106.403100775194,3.40310077519381,103
2025-07-02,164,208,174,-34,-25.4418604651163,8.55813953488372,34
2025-07-02,165,1,2,1,1.55038759689922,0.550387596899225,1
2025-07-02,166,28,46,18,7.13178294573643,10.8682170542636,18
2025-07-02,167,0,1,1,1.41860465116279,0.418604651162791,1
2025-07-02,168,2,7,5,2.56589147286822,2.43410852713178,5
2025-07-02,169,0,2,2,1.16279069767442,0.837209302325581,2
2025-07-02,170,222,195,-27,-46.6666666666667,19.6666666666667,27
2025-07-02,171,0,2,2,1.55813953488372,0.441860465116279,2
2025-07-02,172,0,0,0,0.0542635658914728,0.0542635658914728,0
2025-07-02,173,0,1,1,0.775193798449612,0.224806201550388,1
2025-07-02,174,0,1,1,0.573643410852713,0.426356589147287,1
2025-07-02,175,0,1,1,0.767441860465116,0.232558139534884,1
2025-07-02,176,0,0,0,0.0465116279069767,0.0465116279069767,0
2025-07-02,177,0,3,3,1.51162790697674,1.48837209302326,3
2025-07-02,178,0,1,1,0.829457364341085,0.170542635658915,1
2025-07-02,179,2,3,1,3.2015503875969,2.2015503875969,1
2025-07-02,180,2,0,-2,0.875968992248062,2.87596899224806,2
2025-07-02,181,3,16,13,16.6744186046512,3.67441860465116,13
2025-07-02,182,0,2,2,1.69767441860465,0.302325581395349,2
2025-07-02,183,0,1,1,0.426356589147287,0.573643410852713,1
2025-07-02,184,0,0,0,0.0155038759689922,0.0155038759689922,0
2025-07-02,185,0,4,4,1.06201550387597,2.93798449612403,4
2025-07-02,186,200,182,-18,-50.8217054263566,32.8217054263566,18
2025-07-02,187,0,0,0,0.0775193798449612,0.0775193798449612,0
2025-07-02,188,4,6,2,2.85271317829457,0.852713178294574,2
2025-07-02,189,3,6,3,4.48062015503876,1.48062015503876,3
2025-07-02,190,1,1,0,0.689922480620155,0.689922480620155,0
2025-07-02,191,0,8,8,1.65891472868217,6.34108527131783,8
2025-07-02,192,1,0,-1,0.697674418604651,1.69767441860465,1
2025-07-02,193,3,6,3,1.24031007751938,1.75968992248062,3
2025-07-02,194,0,1,1,1.15503875968992,0.155038759689922,1
2025-07-02,195,0,4,4,2.09302325581395,1.90697674418605,4
2025-07-02,196,6,3,-3,0.953488372093023,3.95348837209302,3
2025-07-02,197,3,8,5,1.8062015503876,3.1937984496124,5
2025-07-02,198,4,4,0,3.04651162790698,3.04651162790698,0
2025-07-02,199,0,0,0,-0.0155038759689922,0.0155038759689922,0
2025-07-02,200,1,3,2,2.31007751937985,0.310077519379845,2
2025-07-02,201,0,0,0,0.589147286821705,0.589147286821705,0
2025-07-02,202,0,4,4,3.57364341085271,0.426356589147287,4
2025-07-02,203,0,1,1,1.3953488372093,0.395348837209302,1
2025-07-02,204,0,0,0,0.0155038759689922,0.0155038759689922,0
2025-07-02,205,0,7,7,2.62790697674419,4.37209302325581,7
2025-07-02,206,0,0,0,0.193798449612403,0.193798449612403,0
2025-07-02,207,0,0,0,-0.0542635658914728,0.0542635658914728,0
2025-07-02,208,0,2,2,1.27906976744186,0.72093023255814,2
2025-07-02,209,18,25,7,8.03875968992248,1.03875968992248,7
2025-07-02,210,0,3,3,1.27131782945736,1.72868217054264,3
2025-07-02,211,84,66,-18,3.75193798449612,21.7519379844961,18
2025-07-02,212,0,2,2,0.503875968992248,1.49612403100775,2
2025-07-02,213,0,2,2,1.29457364341085,0.705426356589147,2
2025-07-02,214,0,0,0,0.147286821705426,0.147286821705426,0
2025-07-02,215,2,1,-1,1.75968992248062,2.75968992248062,1
2025-07-02,216,4,13,9,5.67441860465116,3.32558139534884,9
2025-07-02,217,1,5,4,2.6046511627907,1.3953488372093,4
2025-07-02,218,0,5,5,2.7906976744186,2.2093023255814,5
2025-07-02,219,3,7,4,2.43410852713178,1.56589147286822,4
2025-07-02,220,1,3,2,2.24031007751938,0.24031007751938,2
2025-07-02,221,0,0,0,0.13953488372093,0.13953488372093,0
2025-07-02,222,0,4,4,0.883720930232558,3.11627906976744,4
2025-07-02,223,1,7,6,5.72093023255814,0.27906976744186,6
2025-07-02,224,9,30,21,22.8759689922481,1.87596899224807,21
2025-07-02,225,4,9,5,4.31007751937984,0.689922480620155,5
2025-07-02,226,4,8,4,1.68217054263566,2.31782945736434,4
2025-07-02,227,1,4,3,1.09302325581395,1.90697674418605,3
2025-07-02,228,4,4,0,1.94573643410853,1.94573643410853,0
2025-07-02,229,125,153,28,36.4961240310078,8.49612403100775,28
2025-07-02,230,287,322,35,84.7286821705426,49.7286821705426,35
2025-07-02,231,122,125,3,4.27131782945736,1.27131782945736,3
2025-07-02,232,8,44,36,33.5503875968992,2.44961240310077,36
2025-07-02,233,93,99,6,-1.31007751937985,7.31007751937985,6
2025-07-02,234,235,180,-55,-42.6899224806202,12.3100775193798,55
2025-07-02,235,1,3,2,1.29457364341085,0.705426356589147,2
2025-07-02,236,254,269,15,43.5891472868217,28.5891472868217,15
2025-07-02,237,277,269,-8,-6.51937984496124,1.48062015503876,8
2025-07-02,238,112,167,55,43.3798449612403,11.6201550387597,55
2025-07-02,239,163,202,39,72.8139534883721,33.8139534883721,39
2025-07-02,240,0,0,0,0.286821705426357,0.286821705426357,0
2025-07-02,241,1,0,-1,1.09302325581395,2.09302325581395,1
2025-07-02,242,0,0,0,0.472868217054264,0.472868217054264,0
2025-07-02,243,2,14,12,11.6744186046512,0.325581395348838,12
2025-07-02,244,8,14,6,12.6666666666667,6.66666666666667,6
2025-07-02,245,0,0,0,0.0852713178294573,0.0852713178294573,0
2025-07-02,246,153,136,-17,-22.5116279069767,5.51162790697675,17
2025-07-02,247,0,2,2,3.26356589147287,1.26356589147287,2
2025-07-02,248,0,0,0,0.689922480620155,0.689922480620155,0
2025-07-02,249,88,169,81,70.3798449612403,10.6201550387597,81
2025-07-02,250,0,1,1,0.387596899224806,0.612403100775194,1
2025-07-02,251,0,0,0,0.116279069767442,0.116279069767442,0
2025-07-02,252,2,2,0,1.18604651162791,1.18604651162791,0
2025-07-02,253,0,1,1,0.10077519379845,0.89922480620155,1
2025-07-02,254,0,1,1,1.35658914728682,0.356589147286822,1
2025-07-02,255,6,14,8,15.5736434108527,7.57364341085271,8
2025-07-02,256,9,22,13,12.046511627907,0.953488372093023,13
2025-07-02,257,1,2,1,2.90697674418605,1.90697674418605,1
2025-07-02,258,1,2,1,1.78294573643411,0.782945736434109,1
2025-07-02,259,0,1,1,1.04651162790698,0.0465116279069768,1
2025-07-02,260,3,5,2,2.10077519379845,0.10077519379845,2
2025-07-02,261,54,25,-29,-22.922480620155,6.07751937984496,29
2025-07-02,262,79,113,34,41.2945736434108,7.29457364341085,34
2025-07-02,263,125,155,30,68.4341085271318,38.4341085271318,30
2025-07-03,1,0,16,16,16.6976744186047,0.697674418604652,16
2025-07-03,2,0,0,0,0.0310077519379844,0.0310077519379844,0
2025-07-03,3,2,1,-1,0.682170542635659,1.68217054263566,1
2025-07-03,4,4,41,37,26.8217054263566,10.1782945736434,37
2025-07-03,5,0,0,0,0.0232558139534883,0.0232558139534883,0
2025-07-03,6,0,0,0,0.131782945736434,0.131782945736434,0
2025-07-03,7,14,19,5,9.62790697674418,4.62790697674418,5
2025-07-03,8,0,0,0,0.0465116279069767,0.0465116279069767,0
2025-07-03,9,1,0,-1,0.527131782945736,1.52713178294574,1
2025-07-03,10,2,16,14,6.08527131782946,7.91472868217054,14
2025-07-03,11,0,1,1,0.488372093023256,0.511627906976744,1
2025-07-03,12,4,0,-4,-0.48062015503876,3.51937984496124,4
2025-07-03,13,66,41,-25,-33.9457364341085,8.94573643410853,25
2025-07-03,14,3,3,0,4.67441860465116,4.67441860465116,0
2025-07-03,15,0,0,0,0.914728682170543,0.914728682170543,0
2025-07-03,16,0,2,2,1.10077519379845,0.89922480620155,2
2025-07-03,17,7,7,0,4.49612403100775,4.49612403100775,0
2025-07-03,18,0,0,0,1.15503875968992,1.15503875968992,0
2025-07-03,19,0,2,2,0.945736434108527,1.05426356589147,2
2025-07-03,20,2,3,1,0.612403100775194,0.387596899224806,1
2025-07-03,21,1,3,2,0.930232558139535,1.06976744186047,2
2025-07-03,22,0,1,1,1.2015503875969,0.201550387596899,1
2025-07-03,23,0,0,0,0.155038759689922,0.155038759689922,0
2025-07-03,24,16,27,11,9.77519379844961,1.22480620155039,11
2025-07-03,25,9,21,12,8.10852713178295,3.89147286821705,12
2025-07-03,26,0,1,1,2.16279069767442,1.16279069767442,1
2025-07-03,27,1,2,1,0.108527131782946,0.891472868217054,1
2025-07-03,28,4,4,0,1.65891472868217,1.65891472868217,0
2025-07-03,29,0,3,3,0.86046511627907,2.13953488372093,3
2025-07-03,30,0,0,0,0.0620155038759689,0.0620155038759689,0
2025-07-03,31,0,0,0,0.193798449612403,0.193798449612403,0
2025-07-03,32,1,0,-1,0.713178294573643,1.71317829457364,1
2025-07-03,33,4,17,13,15.2170542635659,2.21705426356589,13
2025-07-03,34,0,0,0,-0.155038759689922,0.155038759689922,0
2025-07-03,35,2,7,5,2.22480620155039,2.77519379844961,5
2025-07-03,36,1,7,6,3.65116279069767,2.34883720930233,6
2025-07-03,37,2,10,8,5.1937984496124,2.8062015503876,8
2025-07-03,38,0,0,0,1.37984496124031,1.37984496124031,0
2025-07-03,39,1,9,8,3.75193798449612,4.24806201550388,8
2025-07-03,40,4,6,2,6.83720930232558,4.83720930232558,2
2025-07-03,41,33,56,23,26.0232558139535,3.02325581395349,23
2025-07-03,42,25,49,24,24.4108527131783,0.410852713178294,24
2025-07-03,43,71,36,-35,-17.3720930232558,17.6279069767442,35
2025-07-03,44,0,0,0,0.0077519379844961,0.0077519379844961,0
2025-07-03,45,13,18,5,12.4806201550388,7.48062015503876,5
2025-07-03,46,0,0,0,0.155038759689922,0.155038759689922,0
2025-07-03,47,1,2,1,0.844961240310077,0.155038759689923,1
2025-07-03,48,144,284,140,70.3565891472868,69.6434108527132,140
2025-07-03,49,0,6,6,7.2015503875969,1.2015503875969,6
2025-07-03,50,32,91,59,47.2790697674419,11.7209302325581,59
2025-07-03,51,1,3,2,2.35658914728682,0.356589147286822,2
2025-07-03,52,1,6,5,4.28682170542636,0.713178294573644,5
2025-07-03,53,0,0,0,0.697674418604651,0.697674418604651,0
2025-07-03,54,0,1,1,1.87596899224806,0.875968992248062,1
2025-07-03,55,1,2,1,1.85271317829457,0.852713178294574,1
2025-07-03,56,1,0,-1,1.47286821705426,2.47286821705426,1
2025-07-03,57,0,0,0,0.0852713178294573,0.0852713178294573,0
2025-07-03,58,0,1,1,0.224806201550388,0.775193798449612,1
2025-07-03,59,0,0,0,0.0310077519379844,0.0310077519379844,0
2025-07-03,60,1,1,0,0.48062015503876,0.48062015503876,0
2025-07-03,61,4,14,10,7.2093023255814,2.7906976744186,10
2025-07-03,62,2,4,2,2.24031007751938,0.24031007751938,2
2025-07-03,63,1,5,4,1.61240310077519,2.38759689922481,4
2025-07-03,64,0,1,1,0.922480620155039,0.0775193798449612,1
2025-07-03,65,12,15,3,1.81395348837209,1.18604651162791,3
2025-07-03,66,19,11,-8,5.24031007751938,13.2403100775194,8
2025-07-03,67,1,2,1,0.813953488372093,0.186046511627907,1
2025-07-03,68,192,186,-6,-48.1937984496124,42.1937984496124,6
2025-07-03,69,2,3,1,2.05426356589147,1.05426356589147,1
2025-07-03,70,18,7,-11,-17.8604651162791,6.86046511627907,11
2025-07-03,71,1,0,-1,1.93023255813953,2.93023255813953,1
2025-07-03,72,3,2,-1,1.74418604651163,2.74418604651163,1
2025-07-03,73,0,0,0,0.457364341085271,0.457364341085271,0
2025-07-03,74,32,68,36,35.6821705426357,0.31782945736434,36
2025-07-03,75,55,80,25,29.7131782945736,4.71317829457364,25
2025-07-03,76,4,9,5,4.68217054263566,0.317829457364341,5
2025-07-03,77,2,3,1,1.08527131782946,0.0852713178294573,1
2025-07-03,78,1,3,2,0.837209302325581,1.16279069767442,2
2025-07-03,79,116,140,24,82.2248062015504,58.2248062015504,24
2025-07-03,80,6,10,4,5.65891472868217,1.65891472868217,4
2025-07-03,81,0,3,3,0.720930232558139,2.27906976744186,3
2025-07-03,82,2,4,2,1,1,2
2025-07-03,83,0,2,2,1.15503875968992,0.844961240310078,2
2025-07-03,84,0,0,0,0.0542635658914728,0.0542635658914728,0
2025-07-03,85,2,3,1,1.2093023255814,0.209302325581395,1
2025-07-03,86,1,4,3,2.03100775193798,0.968992248062015,3
2025-07-03,87,66,61,-5,5.10852713178295,10.1085271317829,5
2025-07-03,88,35,33,-2,-2.41085271317829,0.410852713178294,2
2025-07-03,89,4,7,3,4.56589147286822,1.56589147286822,3
2025-07-03,90,107,81,-26,-10.8992248062016,15.1007751937984,26
2025-07-03,91,0,2,2,2.4031007751938,0.403100775193798,2
2025-07-03,92,2,4,2,3.90697674418605,1.90697674418605,2
2025-07-03,93,1,6,5,1.93023255813953,3.06976744186047,5
2025-07-03,94,0,1,1,0.395348837209302,0.604651162790698,1
2025-07-03,95,5,7,2,6.0077519379845,4.0077519379845,2
2025-07-03,96,0,0,0,0.155038759689922,0.155038759689922,0
2025-07-03,97,4,10,6,4.94573643410853,1.05426356589147,6
2025-07-03,98,1,4,3,1.51937984496124,1.48062015503876,3
2025-07-03,99,0,0,0,0,0,0
2025-07-03,100,111,92,-19,-24.2713178294574,5.27131782945736,19
2025-07-03,101,3,1,-2,0.565891472868217,2.56589147286822,2
2025-07-03,102,1,5,4,1.48062015503876,2.51937984496124,4
2025-07-03,105,0,0,0,0,0,0
2025-07-03,106,2,7,5,1.85271317829457,3.14728682170543,5
2025-07-03,107,101,117,16,21.6666666666667,5.66666666666667,16
2025-07-03,108,0,0,0,0.945736434108527,0.945736434108527,0
2025-07-03,109,0,0,0,0.0697674418604651,0.0697674418604651,0
2025-07-03,110,0,0,0,0,0,0
2025-07-03,111,0,0,0,0.0310077519379844,0.0310077519379844,0
2025-07-03,112,6,13,7,16.2790697674419,9.27906976744186,7
2025-07-03,113,97,70,-27,13.2558139534884,40.2558139534884,27
2025-07-03,114,85,74,-11,24.5658914728682,35.5658914728682,11
2025-07-03,115,0,0,0,0.116279069767442,0.116279069767442,0
2025-07-03,116,12,29,17,12.2015503875969,4.7984496124031,17
2025-07-03,117,0,0,0,1.1937984496124,1.1937984496124,0
2025-07-03,118,0,0,0,0.13953488372093,0.13953488372093,0
2025-07-03,119,0,5,5,1.86046511627907,3.13953488372093,5
2025-07-03,120,1,0,-1,0.426356589147287,1.42635658914729,1
2025-07-03,121,1,4,3,1.42635658914729,1.57364341085271,3
2025-07-03,122,0,4,4,0.589147286821705,3.41085271317829,4
2025-07-03,123,1,1,0,1.13178294573643,1.13178294573643,0
2025-07-03,124,0,2,2,1.77519379844961,0.224806201550388,2
2025-07-03,125,24,34,10,-2.09302325581395,12.093023255814,10
2025-07-03,126,4,4,0,0.294573643410853,0.294573643410853,0
2025-07-03,127,1,9,8,4.92248062015504,3.07751937984496,8
2025-07-03,128,0,0,0,0.472868217054264,0.472868217054264,0
2025-07-03,129,6,10,4,4.51162790697674,0.511627906976744,4
2025-07-03,130,14,6,-8,0.403100775193798,8.4031007751938,8
2025-07-03,131,3,1,-2,1.41860465116279,3.41860465116279,2
2025-07-03,132,313,62,-251,-215.976744186046,35.0232558139535,251
2025-07-03,133,2,2,0,1.75193798449612,1.75193798449612,0
2025-07-03,134,1,4,3,1.07751937984496,1.92248062015504,3
2025-07-03,135,1,4,3,1.85271317829457,1.14728682170543,3
2025-07-03,136,1,1,0,0.782945736434108,0.782945736434108,0
2025-07-03,137,94,100,6,-9.26356589147287,15.2635658914729,6
2025-07-03,138,148,27,-121,-143.744186046512,22.7441860465116,121
2025-07-03,139,1,2,1,1.37209302325581,0.372093023255814,1
2025-07-03,140,167,129,-38,-33.1860465116279,4.81395348837209,38
2025-07-03,141,184,167,-17,61.1472868217054,78.1472868217054,17
2025-07-03,142,205,224,19,62.8759689922481,43.8759689922481,19
2025-07-03,143,85,122,37,53.1627906976744,16.1627906976744,37
2025-07-03,144,90,73,-17,-2.15503875968992,14.8449612403101,17
2025-07-03,145,9,15,6,9.4031007751938,3.4031007751938,6
2025-07-03,146,1,7,6,0.720930232558139,5.27906976744186,6
2025-07-03,147,0,0,0,0.294573643410853,0.294573643410853,0
2025-07-03,148,60,78,18,54.4031007751938,36.4031007751938,18
2025-07-03,149,0,0,0,1.38759689922481,1.38759689922481,0
2025-07-03,150,0,1,1,0.51937984496124,0.48062015503876,1
2025-07-03,151,79,63,-16,13,29,16
2025-07-03,152,9,17,8,2.86821705426357,5.13178294573643,8
2025-07-03,153,2,0,-2,0.170542635658915,2.17054263565891,2
2025-07-03,154,0,0,0,0.527131782945736,0.527131782945736,0
2025-07-03,155,1,3,2,1.44186046511628,0.558139534883721,2
2025-07-03,156,0,0,0,0.0542635658914728,0.0542635658914728,0
2025-07-03,157,2,3,1,2,1,1
2025-07-03,158,64,70,6,47.8139534883721,41.8139534883721,6
2025-07-03,159,4,2,-2,0.395348837209302,2.3953488372093,2
2025-07-03,160,1,3,2,1.89922480620155,0.10077519379845,2
2025-07-03,161,336,222,-114,-286.294573643411,172.294573643411,114
2025-07-03,162,231,188,-43,-210.364341085271,167.364341085271,43
2025-07-03,163,228,156,-72,-106.403100775194,34.4031007751938,72
2025-07-03,164,142,179,37,-25.4418604651163,62.4418604651163,37
2025-07-03,165,2,3,1,1.55038759689922,0.550387596899225,1
2025-07-03,166,39,43,4,7.13178294573643,3.13178294573643,4
2025-07-03,167,0,5,5,1.41860465116279,3.58139534883721,5
2025-07-03,168,8,8,0,2.56589147286822,2.56589147286822,0
2025-07-03,169,1,1,0,1.16279069767442,1.16279069767442,0
2025-07-03,170,171,222,51,-46.6666666666667,97.6666666666667,51
2025-07-03,171,0,1,1,1.55813953488372,0.558139534883721,1
2025-07-03,172,0,0,0,0.0542635658914728,0.0542635658914728,0
2025-07-03,173,0,2,2,0.775193798449612,1.22480620155039,2
2025-07-03,174,2,3,1,0.573643410852713,0.426356589147287,1
2025-07-03,175,0,1,1,0.767441860465116,0.232558139534884,1
2025-07-03,176,0,0,0,0.0465116279069767,0.0465116279069767,0
2025-07-03,177,1,1,0,1.51162790697674,1.51162790697674,0
2025-07-03,178,2,0,-2,0.829457364341085,2.82945736434109,2
2025-07-03,179,2,8,6,3.2015503875969,2.7984496124031,6
2025-07-03,180,0,1,1,0.875968992248062,0.124031007751938,1
2025-07-03,181,11,38,27,16.6744186046512,10.3255813953488,27
2025-07-03,182,2,2,0,1.69767441860465,1.69767441860465,0
2025-07-03,183,2,0,-2,0.426356589147287,2.42635658914729,2
2025-07-03,184,0,1,1,0.0155038759689922,0.984496124031008,1
2025-07-03,185,0,3,3,1.06201550387597,1.93798449612403,3
2025-07-03,186,247,198,-49,-50.8217054263566,1.82170542635659,49
2025-07-03,187,0,0,0,0.0775193798449612,0.0775193798449612,0
2025-07-03,188,8,12,4,2.85271317829457,1.14728682170543,4
2025-07-03,189,3,8,5,4.48062015503876,0.51937984496124,5
2025-07-03,190,1,2,1,0.689922480620155,0.310077519379845,1
2025-07-03,191,2,4,2,1.65891472868217,0.341085271317829,2
2025-07-03,192,0,1,1,0.697674418604651,0.302325581395349,1
2025-07-03,193,2,5,3,1.24031007751938,1.75968992248062,3
2025-07-03,194,0,0,0,1.15503875968992,1.15503875968992,0
2025-07-03,195,0,3,3,2.09302325581395,0.906976744186046,3
2025-07-03,196,6,4,-2,0.953488372093023,2.95348837209302,2
2025-07-03,197,6,2,-4,1.8062015503876,5.8062015503876,4
2025-07-03,198,1,7,6,3.04651162790698,2.95348837209302,6
2025-07-03,199,0,0,0,-0.0155038759689922,0.0155038759689922,0
2025-07-03,200,2,4,2,2.31007751937985,0.310077519379845,2
2025-07-03,201,1,1,0,0.589147286821705,0.589147286821705,0
2025-07-03,202,0,2,2,3.57364341085271,1.57364341085271,2
2025-07-03,203,1,1,0,1.3953488372093,1.3953488372093,0
2025-07-03,204,0,0,0,0.0155038759689922,0.0155038759689922,0
2025-07-03,205,0,2,2,2.62790697674419,0.627906976744186,2
2025-07-03,206,0,0,0,0.193798449612403,0.193798449612403,0
2025-07-03,207,0,0,0,-0.0542635658914728,0.0542635658914728,0
2025-07-03,208,0,2,2,1.27906976744186,0.72093023255814,2
2025-07-03,209,21,35,14,8.03875968992248,5.96124031007752,14
2025-07-03,210,2,3,1,1.27131782945736,0.271317829457364,1
2025-07-03,211,82,68,-14,3.75193798449612,17.7519379844961,14
2025-07-03,212,1,4,3,0.503875968992248,2.49612403100775,3
2025-07-03,213,0,4,4,1.29457364341085,2.70542635658915,4
2025-07-03,214,0,0,0,0.147286821705426,0.147286821705426,0
2025-07-03,215,1,7,6,1.75968992248062,4.24031007751938,6
2025-07-03,216,3,8,5,5.67441860465116,0.674418604651163,5
2025-07-03,217,1,2,1,2.6046511627907,1.6046511627907,1
2025-07-03,218,0,9,9,2.7906976744186,6.2093023255814,9
2025-07-03,219,1,2,1,2.43410852713178,1.43410852713178,1
2025-07-03,220,0,9,9,2.24031007751938,6.75968992248062,9
2025-07-03,221,0,1,1,0.13953488372093,0.86046511627907,1
2025-07-03,222,0,2,2,0.883720930232558,1.11627906976744,2
2025-07-03,223,3,10,7,5.72093023255814,1.27906976744186,7
2025-07-03,224,12,40,28,22.8759689922481,5.12403100775193,28
2025-07-03,225,4,2,-2,4.31007751937984,6.31007751937984,2
2025-07-03,226,13,13,0,1.68217054263566,1.68217054263566,0
2025-07-03,227,1,6,5,1.09302325581395,3.90697674418605,5
2025-07-03,228,4,4,0,1.94573643410853,1.94573643410853,0
2025-07-03,229,133,151,18,36.4961240310078,18.4961240310078,18
2025-07-03,230,229,474,245,84.7286821705426,160.271317829457,245
2025-07-03,231,89,103,14,4.27131782945736,9.72868217054264,14
2025-07-03,232,9,49,40,33.5503875968992,6.44961240310077,40
2025-07-03,233,88,115,27,-1.31007751937985,28.3100775193798,27
2025-07-03,234,214,139,-75,-42.6899224806202,32.3100775193798,75
2025-07-03,235,0,1,1,1.29457364341085,0.294573643410853,1
2025-07-03,236,205,209,4,43.5891472868217,39.5891472868217,4
2025-07-03,237,266,200,-66,-6.51937984496124,59.4806201550388,66
2025-07-03,238,130,143,13,43.3798449612403,30.3798449612403,13
2025-07-03,239,176,181,5,72.8139534883721,67.8139534883721,5
2025-07-03,240,0,1,1,0.286821705426357,0.713178294573643,1
2025-07-03,241,2,5,3,1.09302325581395,1.90697674418605,3
2025-07-03,242,1,0,-1,0.472868217054264,1.47286821705426,1
2025-07-03,243,4,25,21,11.6744186046512,9.32558139534884,21
2025-07-03,244,17,22,5,12.6666666666667,7.66666666666667,5
2025-07-03,245,0,0,0,0.0852713178294573,0.0852713178294573,0
2025-07-03,246,145,174,29,-22.5116279069767,51.5116279069767,29
2025-07-03,247,3,1,-2,3.26356589147287,5.26356589147287,2
2025-07-03,248,0,1,1,0.689922480620155,0.310077519379845,1
2025-07-03,249,112,170,58,70.3798449612403,12.3798449612403,58
2025-07-03,250,1,1,0,0.387596899224806,0.387596899224806,0
2025-07-03,251,0,0,0,0.116279069767442,0.116279069767442,0
2025-07-03,252,0,1,1,1.18604651162791,0.186046511627907,1
2025-07-03,253,0,0,0,0.10077519379845,0.10077519379845,0
2025-07-03,254,2,4,2,1.35658914728682,0.643410852713178,2
2025-07-03,255,9,16,7,15.5736434108527,8.57364341085271,7
2025-07-03,256,7,13,6,12.046511627907,6.04651162790698,6
2025-07-03,257,0,2,2,2.90697674418605,0.906976744186046,2
2025-07-03,258,0,5,5,1.78294573643411,3.21705426356589,5
2025-07-03,259,0,2,2,1.04651162790698,0.953488372093023,2
2025-07-03,260,6,3,-3,2.10077519379845,5.10077519379845,3
2025-07-03,261,56,39,-17,-22.922480620155,5.92248062015504,17
2025-07-03,262,85,110,25,41.2945736434108,16.2945736434108,25
2025-07-03,263,106,148,42,68.4341085271318,26.4341085271318,42
2025-07-04,1,0,2,2,16.6976744186047,14.6976744186047,2
2025-07-04,2,0,0,0,0.0310077519379844,0.0310077519379844,0
2025-07-04,3,2,1,-1,0.682170542635659,1.68217054263566,1
2025-07-04,4,16,31,15,26.8217054263566,11.8217054263566,15
2025-07-04,5,0,0,0,0.0232558139534883,0.0232558139534883,0
2025-07-04,6,0,0,0,0.131782945736434,0.131782945736434,0
2025-07-04,7,32,18,-14,9.62790697674418,23.6279069767442,14
2025-07-04,8,0,3,3,0.0465116279069767,2.95348837209302,3
2025-07-04,9,2,3,1,0.527131782945736,0.472868217054264,1
2025-07-04,10,1,20,19,6.08527131782946,12.9147286821705,19
2025-07-04,11,2,1,-1,0.488372093023256,1.48837209302326,1
2025-07-04,12,3,14,11,-0.48062015503876,11.4806201550388,11
2025-07-04,13,49,44,-5,-33.9457364341085,28.9457364341085,5
2025-07-04,14,5,12,7,4.67441860465116,2.32558139534884,7
2025-07-04,15,0,1,1,0.914728682170543,0.0852713178294574,1
2025-07-04,16,0,3,3,1.10077519379845,1.89922480620155,3
2025-07-04,17,16,12,-4,4.49612403100775,8.49612403100775,4
2025-07-04,18,1,3,2,1.15503875968992,0.844961240310078,2
2025-07-04,19,0,0,0,0.945736434108527,0.945736434108527,0
2025-07-04,20,2,1,-1,0.612403100775194,1.61240310077519,1
2025-07-04,21,2,4,2,0.930232558139535,1.06976744186047,2
2025-07-04,22,2,2,0,1.2015503875969,1.2015503875969,0
2025-07-04,23,0,0,0,0.155038759689922,0.155038759689922,0
2025-07-04,24,15,11,-4,9.77519379844961,13.7751937984496,4
2025-07-04,25,9,10,1,8.10852713178295,7.10852713178295,1
2025-07-04,26,1,2,1,2.16279069767442,1.16279069767442,1
2025-07-04,27,1,0,-1,0.108527131782946,1.10852713178295,1
2025-07-04,28,2,4,2,1.65891472868217,0.341085271317829,2
2025-07-04,29,1,2,1,0.86046511627907,0.13953488372093,1
2025-07-04,30,0,1,1,0.0620155038759689,0.937984496124031,1
2025-07-04,31,0,0,0,0.193798449612403,0.193798449612403,0
2025-07-04,32,1,1,0,0.713178294573643,0.713178294573643,0
2025-07-04,33,3,9,6,15.2170542635659,9.21705426356589,6
2025-07-04,34,2,0,-2,-0.155038759689922,1.84496124031008,2
2025-07-04,35,6,2,-4,2.22480620155039,6.22480620155039,4
2025-07-04,36,8,22,14,3.65116279069767,10.3488372093023,14
2025-07-04,37,15,22,7,5.1937984496124,1.8062015503876,7
2025-07-04,38,0,1,1,1.37984496124031,0.37984496124031,1
2025-07-04,39,10,13,3,3.75193798449612,0.751937984496124,3
2025-07-04,40,3,6,3,6.83720930232558,3.83720930232558,3
2025-07-04,41,41,33,-8,26.0232558139535,34.0232558139535,8
2025-07-04,42,28,33,5,24.4108527131783,19.4108527131783,5
2025-07-04,43,109,41,-68,-17.3720930232558,50.6279069767442,68
2025-07-04,44,0,0,0,0.0077519379844961,0.0077519379844961,0
2025-07-04,45,16,49,33,12.4806201550388,20.5193798449612,33
2025-07-04,46,1,1,0,0.155038759689922,0.155038759689922,0
2025-07-04,47,2,3,1,0.844961240310077,0.155038759689923,1
2025-07-04,48,128,143,15,70.3565891472868,55.3565891472868,15
2025-07-04,49,8,8,0,7.2015503875969,7.2015503875969,0
2025-07-04,50,35,62,27,47.2790697674419,20.2790697674419,27
2025-07-04,51,3,2,-1,2.35658914728682,3.35658914728682,1
2025-07-04,52,0,7,7,4.28682170542636,2.71317829457364,7
2025-07-04,53,3,6,3,0.697674418604651,2.30232558139535,3
2025-07-04,54,0,4,4,1.87596899224806,2.12403100775194,4
2025-07-04,55,6,12,6,1.85271317829457,4.14728682170543,6
2025-07-04,56,8,4,-4,1.47286821705426,5.47286821705426,4
2025-07-04,57,3,0,-3,0.0852713178294573,3.08527131782946,3
2025-07-04,58,0,2,2,0.224806201550388,1.77519379844961,2
2025-07-04,59,0,0,0,0.0310077519379844,0.0310077519379844,0
2025-07-04,60,2,1,-1,0.48062015503876,1.48062015503876,1
2025-07-04,61,22,30,8,7.2093023255814,0.790697674418604,8
2025-07-04,62,5,6,1,2.24031007751938,1.24031007751938,1
2025-07-04,63,2,4,2,1.61240310077519,0.387596899224806,2
2025-07-04,64,1,1,0,0.922480620155039,0.922480620155039,0
2025-07-04,65,22,24,2,1.81395348837209,0.186046511627907,2
2025-07-04,66,12,17,5,5.24031007751938,0.24031007751938,5
2025-07-04,67,0,1,1,0.813953488372093,0.186046511627907,1
2025-07-04,68,134,105,-29,-48.1937984496124,19.1937984496124,29
2025-07-04,69,1,1,0,2.05426356589147,2.05426356589147,0
2025-07-04,70,11,6,-5,-17.8604651162791,12.8604651162791,5
2025-07-04,71,3,5,2,1.93023255813953,0.069767441860465,2
2025-07-04,72,10,3,-7,1.74418604651163,8.74418604651163,7
2025-07-04,73,1,0,-1,0.457364341085271,1.45736434108527,1
2025-07-04,74,22,42,20,35.6821705426357,15.6821705426357,20
2025-07-04,75,52,47,-5,29.7131782945736,34.7131782945736,5
2025-07-04,76,23,16,-7,4.68217054263566,11.6821705426357,7
2025-07-04,77,7,2,-5,1.08527131782946,6.08527131782946,5
2025-07-04,78,0,2,2,0.837209302325581,1.16279069767442,2
2025-07-04,79,81,110,29,82.2248062015504,53.2248062015504,29
2025-07-04,80,9,33,24,5.65891472868217,18.3410852713178,24
2025-07-04,81,1,3,2,0.720930232558139,1.27906976744186,2
2025-07-04,82,18,16,-2,1,3,2
2025-07-04,83,6,3,-3,1.15503875968992,4.15503875968992,3
2025-07-04,84,0,0,0,0.0542635658914728,0.0542635658914728,0
2025-07-04,85,9,4,-5,1.2093023255814,6.2093023255814,5
2025-07-04,86,1,2,1,2.03100775193798,1.03100775193798,1
2025-07-04,87,30,91,61,5.10852713178295,55.8914728682171,61
2025-07-04,88,21,25,4,-2.41085271317829,6.41085271317829,4
2025-07-04,89,20,14,-6,4.56589147286822,10.5658914728682,6
2025-07-04,90,64,70,6,-10.8992248062016,16.8992248062016,6
2025-07-04,91,4,6,2,2.4031007751938,0.403100775193798,2
2025-07-04,92,11,14,3,3.90697674418605,0.906976744186046,3
2025-07-04,93,35,2,-33,1.93023255813953,34.9302325581395,33
2025-07-04,94,3,0,-3,0.395348837209302,3.3953488372093,3
2025-07-04,95,12,13,1,6.0077519379845,5.0077519379845,1
2025-07-04,96,0,0,0,0.155038759689922,0.155038759689922,0
2025-07-04,97,24,14,-10,4.94573643410853,14.9457364341085,10
2025-07-04,98,0,2,2,1.51937984496124,0.48062015503876,2
2025-07-04,99,0,0,0,0,0,0
2025-07-04,100,76,60,-16,-24.2713178294574,8.27131782945736,16
2025-07-04,101,2,0,-2,0.565891472868217,2.56589147286822,2
2025-07-04,102,2,2,0,1.48062015503876,1.48062015503876,0
2025-07-04,105,0,0,0,0,0,0
2025-07-04,106,0,2,2,1.85271317829457,0.147286821705426,2
2025-07-04,107,62,83,21,21.6666666666667,0.666666666666668,21
2025-07-04,108,1,0,-1,0.945736434108527,1.94573643410853,1
2025-07-04,109,0,0,0,0.0697674418604651,0.0697674418604651,0
2025-07-04,110,0,0,0,0,0,0
2025-07-04,111,0,0,0,0.0310077519379844,0.0310077519379844,0
2025-07-04,112,12,52,40,16.2790697674419,23.7209302325581,40
2025-07-04,113,51,35,-16,13.2558139534884,29.2558139534884,16
2025-07-04,114,42,37,-5,24.5658914728682,29.5658914728682,5
2025-07-04,115,0,0,0,0.116279069767442,0.116279069767442,0
2025-07-04,116,11,17,6,12.2015503875969,6.2015503875969,6
2025-07-04,117,0,1,1,1.1937984496124,0.193798449612403,1
2025-07-04,118,0,0,0,0.13953488372093,0.13953488372093,0
2025-07-04,119,2,2,0,1.86046511627907,1.86046511627907,0
2025-07-04,120,0,1,1,0.426356589147287,0.573643410852713,1
2025-07-04,121,1,5,4,1.42635658914729,2.57364341085271,4
2025-07-04,122,1,4,3,0.589147286821705,2.41085271317829,3
2025-07-04,123,0,3,3,1.13178294573643,1.86821705426357,3
2025-07-04,124,0,4,4,1.77519379844961,2.22480620155039,4
2025-07-04,125,28,32,4,-2.09302325581395,6.09302325581395,4
2025-07-04,126,5,3,-2,0.294573643410853,2.29457364341085,2
2025-07-04,127,3,9,6,4.92248062015504,1.07751937984496,6
2025-07-04,128,0,0,0,0.472868217054264,0.472868217054264,0
2025-07-04,129,17,19,2,4.51162790697674,2.51162790697674,2
2025-07-04,130,16,6,-10,0.403100775193798,10.4031007751938,10
2025-07-04,131,0,6,6,1.41860465116279,4.58139534883721,6
2025-07-04,132,269,41,-228,-215.976744186046,12.0232558139535,228
2025-07-04,133,0,3,3,1.75193798449612,1.24806201550388,3
2025-07-04,134,1,4,3,1.07751937984496,1.92248062015504,3
2025-07-04,135,1,0,-1,1.85271317829457,2.85271317829457,1
2025-07-04,136,2,2,0,0.782945736434108,0.782945736434108,0
2025-07-04,137,50,84,34,-9.26356589147287,43.2635658914729,34
2025-07-04,138,96,18,-78,-143.744186046512,65.7441860465116,78
2025-07-04,139,1,4,3,1.37209302325581,1.62790697674419,3
2025-07-04,140,67,66,-1,-33.1860465116279,32.1860465116279,1
2025-07-04,141,93,86,-7,61.1472868217054,68.1472868217054,7
2025-07-04,142,130,112,-18,62.8759689922481,80.8759689922481,18
2025-07-04,143,63,56,-7,53.1627906976744,60.1627906976744,7
2025-07-04,144,73,52,-21,-2.15503875968992,18.8449612403101,21
2025-07-04,145,15,42,27,9.4031007751938,17.5968992248062,27
2025-07-04,146,15,9,-6,0.720930232558139,6.72093023255814,6
2025-07-04,147,3,1,-2,0.294573643410853,2.29457364341085,2
2025-07-04,148,67,70,3,54.4031007751938,51.4031007751938,3
2025-07-04,149,0,3,3,1.38759689922481,1.61240310077519,3
2025-07-04,150,4,2,-2,0.51937984496124,2.51937984496124,2
2025-07-04,151,50,28,-22,13,35,22
2025-07-04,152,5,17,12,2.86821705426357,9.13178294573643,12
2025-07-04,153,1,0,-1,0.170542635658915,1.17054263565891,1
2025-07-04,154,0,0,0,0.527131782945736,0.527131782945736,0
2025-07-04,155,5,5,0,1.44186046511628,1.44186046511628,0
2025-07-04,156,0,0,0,0.0542635658914728,0.0542635658914728,0
2025-07-04,157,1,9,8,2,6,8
2025-07-04,158,85,97,12,47.8139534883721,35.8139534883721,12
2025-07-04,159,6,4,-2,0.395348837209302,2.3953488372093,2
2025-07-04,160,1,6,5,1.89922480620155,3.10077519379845,5
2025-07-04,161,196,133,-63,-286.294573643411,223.294573643411,63
2025-07-04,162,107,109,2,-210.364341085271,212.364341085271,2
2025-07-04,163,144,98,-46,-106.403100775194,60.4031007751938,46
2025-07-04,164,88,121,33,-25.4418604651163,58.4418604651163,33
2025-07-04,165,3,2,-1,1.55038759689922,2.55038759689922,1
2025-07-04,166,32,30,-2,7.13178294573643,9.13178294573643,2
2025-07-04,167,2,6,4,1.41860465116279,2.58139534883721,4
2025-07-04,168,12,5,-7,2.56589147286822,9.56589147286822,7
2025-07-04,169,2,4,2,1.16279069767442,0.837209302325581,2
2025-07-04,170,102,124,22,-46.6666666666667,68.6666666666667,22
2025-07-04,171,3,4,1,1.55813953488372,0.558139534883721,1
2025-07-04,172,0,0,0,0.0542635658914728,0.0542635658914728,0
2025-07-04,173,4,3,-1,0.775193798449612,1.77519379844961,1
2025-07-04,174,1,2,1,0.573643410852713,0.426356589147287,1
2025-07-04,175,0,3,3,0.767441860465116,2.23255813953488,3
2025-07-04,176,0,0,0,0.0465116279069767,0.0465116279069767,0
2025-07-04,177,6,7,1,1.51162790697674,0.511627906976744,1
2025-07-04,178,1,2,1,0.829457364341085,0.170542635658915,1
2025-07-04,179,5,8,3,3.2015503875969,0.201550387596899,3
2025-07-04,180,1,0,-1,0.875968992248062,1.87596899224806,1
2025-07-04,181,12,9,-3,16.6744186046512,19.6744186046512,3
2025-07-04,182,3,2,-1,1.69767441860465,2.69767441860465,1
2025-07-04,183,0,0,0,0.426356589147287,0.426356589147287,0
2025-07-04,184,1,0,-1,0.0155038759689922,1.01550387596899,1
2025-07-04,185,0,1,1,1.06201550387597,0.0620155038759691,1
2025-07-04,186,148,85,-63,-50.8217054263566,12.1782945736434,63
2025-07-04,187,0,0,0,0.0775193798449612,0.0775193798449612,0
2025-07-04,188,12,13,1,2.85271317829457,1.85271317829457,1
2025-07-04,189,8,7,-1,4.48062015503876,5.48062015503876,1
2025-07-04,190,4,2,-2,0.689922480620155,2.68992248062015,2
2025-07-04,191,2,6,4,1.65891472868217,2.34108527131783,4
2025-07-04,192,1,2,1,0.697674418604651,0.302325581395349,1
2025-07-04,193,5,5,0,1.24031007751938,1.24031007751938,0
2025-07-04,194,0,0,0,1.15503875968992,1.15503875968992,0
2025-07-04,195,5,7,2,2.09302325581395,0.0930232558139537,2
2025-07-04,196,10,7,-3,0.953488372093023,3.95348837209302,3
2025-07-04,197,3,4,1,1.8062015503876,0.806201550387597,1
2025-07-04,198,4,12,8,3.04651162790698,4.95348837209302,8
2025-07-04,199,0,0,0,-0.0155038759689922,0.0155038759689922,0
2025-07-04,200,1,1,0,2.31007751937985,2.31007751937985,0
2025-07-04,201,1,2,1,0.589147286821705,0.410852713178295,1
2025-07-04,202,0,2,2,3.57364341085271,1.57364341085271,2
2025-07-04,203,2,7,5,1.3953488372093,3.6046511627907,5
2025-07-04,204,0,0,0,0.0155038759689922,0.0155038759689922,0
2025-07-04,205,2,7,5,2.62790697674419,2.37209302325581,5
2025-07-04,206,0,0,0,0.193798449612403,0.193798449612403,0
2025-07-04,207,0,0,0,-0.0542635658914728,0.0542635658914728,0
2025-07-04,208,2,4,2,1.27906976744186,0.72093023255814,2
2025-07-04,209,9,44,35,8.03875968992248,26.9612403100775,35
2025-07-04,210,2,7,5,1.27131782945736,3.72868217054264,5
2025-07-04,211,75,28,-47,3.75193798449612,50.7519379844961,47
2025-07-04,212,4,0,-4,0.503875968992248,4.50387596899225,4
2025-07-04,213,5,4,-1,1.29457364341085,2.29457364341085,1
2025-07-04,214,0,1,1,0.147286821705426,0.852713178294574,1
2025-07-04,215,4,7,3,1.75968992248062,1.24031007751938,3
2025-07-04,216,7,16,9,5.67441860465116,3.32558139534884,9
2025-07-04,217,1,3,2,2.6046511627907,0.604651162790698,2
2025-07-04,218,2,4,2,2.7906976744186,0.790697674418605,2
2025-07-04,219,0,1,1,2.43410852713178,1.43410852713178,1
2025-07-04,220,0,0,0,2.24031007751938,2.24031007751938,0
2025-07-04,221,0,0,0,0.13953488372093,0.13953488372093,0
2025-07-04,222,2,2,0,0.883720930232558,0.883720930232558,0
2025-07-04,223,9,7,-2,5.72093023255814,7.72093023255814,2
2025-07-04,224,11,24,13,22.8759689922481,9.87596899224807,13
2025-07-04,225,15,18,3,4.31007751937984,1.31007751937984,3
2025-07-04,226,18,13,-5,1.68217054263566,6.68217054263566,5
2025-07-04,227,2,2,0,1.09302325581395,1.09302325581395,0
2025-07-04,228,3,11,8,1.94573643410853,6.05426356589147,8
2025-07-04,229,81,95,14,36.4961240310078,22.4961240310078,14
2025-07-04,230,179,192,13,84.7286821705426,71.7286821705426,13
2025-07-04,231,73,98,25,4.27131782945736,20.7286821705426,25
2025-07-04,232,27,95,68,33.5503875968992,34.4496124031008,68
2025-07-04,233,52,87,35,-1.31007751937985,36.3100775193798,35
2025-07-04,234,82,97,15,-42.6899224806202,57.6899224806202,15
2025-07-04,235,2,4,2,1.29457364341085,0.705426356589147,2
2025-07-04,236,129,91,-38,43.5891472868217,81.5891472868217,38
2025-07-04,237,154,73,-81,-6.51937984496124,74.4806201550388,81
2025-07-04,238,80,93,13,43.3798449612403,30.3798449612403,13
2025-07-04,239,121,91,-30,72.8139534883721,102.813953488372,30
2025-07-04,240,1,1,0,0.286821705426357,0.286821705426357,0
2025-07-04,241,1,1,0,1.09302325581395,1.09302325581395,0
2025-07-04,242,2,5,3,0.472868217054264,2.52713178294574,3
2025-07-04,243,8,15,7,11.6744186046512,4.67441860465116,7
2025-07-04,244,14,25,11,12.6666666666667,1.66666666666667,11
2025-07-04,245,0,0,0,0.0852713178294573,0.0852713178294573,0
2025-07-04,246,123,128,5,-22.5116279069767,27.5116279069767,5
2025-07-04,247,4,1,-3,3.26356589147287,6.26356589147287,3
2025-07-04,248,1,1,0,0.689922480620155,0.689922480620155,0
2025-07-04,249,87,92,5,70.3798449612403,65.3798449612403,5
2025-07-04,250,1,3,2,0.387596899224806,1.61240310077519,2
2025-07-04,251,0,0,0,0.116279069767442,0.116279069767442,0
2025-07-04,252,3,5,2,1.18604651162791,0.813953488372093,2
2025-07-04,253,0,0,0,0.10077519379845,0.10077519379845,0
2025-07-04,254,2,1,-1,1.35658914728682,2.35658914728682,1
2025-07-04,255,12,41,29,15.5736434108527,13.4263565891473,29
2025-07-04,256,19,28,9,12.046511627907,3.04651162790698,9
2025-07-04,257,2,2,0,2.90697674418605,2.90697674418605,0
2025-07-04,258,8,13,5,1.78294573643411,3.21705426356589,5
2025-07-04,259,0,3,3,1.04651162790698,1.95348837209302,3
2025-07-04,260,26,7,-19,2.10077519379845,21.1007751937984,19
2025-07-04,261,59,50,-9,-22.922480620155,13.922480620155,9
2025-07-04,262,64,56,-8,41.2945736434108,49.2945736434108,8
2025-07-04,263,86,78,-8,68.4341085271318,76.4341085271318,8
2025-07-07,1,0,2,2,16.6976744186047,14.6976744186047,2
2025-07-07,2,0,0,0,0.0310077519379844,0.0310077519379844,0
2025-07-07,3,0,1,1,0.682170542635659,0.317829457364341,1
2025-07-07,4,8,20,12,26.8217054263566,14.8217054263566,12
2025-07-07,5,0,0,0,0.0232558139534883,0.0232558139534883,0
2025-07-07,6,0,0,0,0.131782945736434,0.131782945736434,0
2025-07-07,7,7,13,6,9.62790697674418,3.62790697674418,6
2025-07-07,8,0,0,0,0.0465116279069767,0.0465116279069767,0
2025-07-07,9,0,2,2,0.527131782945736,1.47286821705426,2
2025-07-07,10,2,12,10,6.08527131782946,3.91472868217054,10
2025-07-07,11,1,1,0,0.488372093023256,0.488372093023256,0
2025-07-07,12,6,0,-6,-0.48062015503876,5.51937984496124,6
2025-07-07,13,71,53,-18,-33.9457364341085,15.9457364341085,18
2025-07-07,14,1,5,4,4.67441860465116,0.674418604651163,4
2025-07-07,15,0,1,1,0.914728682170543,0.0852713178294574,1
2025-07-07,16,0,1,1,1.10077519379845,0.10077519379845,1
2025-07-07,17,2,5,3,4.49612403100775,1.49612403100775,3
2025-07-07,18,1,2,1,1.15503875968992,0.155038759689922,1
2025-07-07,19,0,0,0,0.945736434108527,0.945736434108527,0
2025-07-07,20,0,0,0,0.612403100775194,0.612403100775194,0
2025-07-07,21,0,3,3,0.930232558139535,2.06976744186047,3
2025-07-07,22,1,0,-1,1.2015503875969,2.2015503875969,1
2025-07-07,23,0,0,0,0.155038759689922,0.155038759689922,0
2025-07-07,24,18,25,7,9.77519379844961,2.77519379844961,7
2025-07-07,25,6,12,6,8.10852713178295,2.10852713178295,6
2025-07-07,26,1,2,1,2.16279069767442,1.16279069767442,1
2025-07-07,27,0,0,0,0.108527131782946,0.108527131782946,0
2025-07-07,28,1,5,4,1.65891472868217,2.34108527131783,4
2025-07-07,29,1,1,0,0.86046511627907,0.86046511627907,0
2025-07-07,30,0,0,0,0.0620155038759689,0.0620155038759689,0
2025-07-07,31,0,0,0,0.193798449612403,0.193798449612403,0
2025-07-07,32,0,2,2,0.713178294573643,1.28682170542636,2
2025-07-07,33,4,21,17,15.2170542635659,1.78294573643411,17
2025-07-07,34,0,0,0,-0.155038759689922,0.155038759689922,0
2025-07-07,35,2,1,-1,2.22480620155039,3.22480620155039,1
2025-07-07,36,1,6,5,3.65116279069767,1.34883720930233,5
2025-07-07,37,3,9,6,5.1937984496124,0.806201550387597,6
2025-07-07,38,0,3,3,1.37984496124031,1.62015503875969,3
2025-07-07,39,0,4,4,3.75193798449612,0.248062015503876,4
2025-07-07,40,0,5,5,6.83720930232558,1.83720930232558,5
2025-07-07,41,14,40,26,26.0232558139535,0.0232558139534866,26
2025-07-07,42,4,20,16,24.4108527131783,8.41085271317829,16
2025-07-07,43,66,50,-16,-17.3720930232558,1.37209302325581,16
2025-07-07,44,0,0,0,0.0077519379844961,0.0077519379844961,0
2025-07-07,45,12,13,1,12.4806201550388,11.4806201550388,1
2025-07-07,46,0,0,0,0.155038759689922,0.155038759689922,0
2025-07-07,47,0,0,0,0.844961240310077,0.844961240310077,0
2025-07-07,48,124,167,43,70.3565891472868,27.3565891472868,43
2025-07-07,49,2,8,6,7.2015503875969,1.2015503875969,6
2025-07-07,50,28,59,31,47.2790697674419,16.2790697674419,31
2025-07-07,51,1,2,1,2.35658914728682,1.35658914728682,1
2025-07-07,52,0,4,4,4.28682170542636,0.286821705426356,4
2025-07-07,53,0,3,3,0.697674418604651,2.30232558139535,3
2025-07-07,54,0,2,2,1.87596899224806,0.124031007751938,2
2025-07-07,55,0,2,2,1.85271317829457,0.147286821705426,2
2025-07-07,56,0,3,3,1.47286821705426,1.52713178294574,3
2025-07-07,57,0,0,0,0.0852713178294573,0.0852713178294573,0
2025-07-07,58,0,0,0,0.224806201550388,0.224806201550388,0
2025-07-07,59,0,0,0,0.0310077519379844,0.0310077519379844,0
2025-07-07,60,0,0,0,0.48062015503876,0.48062015503876,0
2025-07-07,61,4,16,12,7.2093023255814,4.7906976744186,12
2025-07-07,62,1,3,2,2.24031007751938,0.24031007751938,2
2025-07-07,63,0,3,3,1.61240310077519,1.38759689922481,3
2025-07-07,64,0,0,0,0.922480620155039,0.922480620155039,0
2025-07-07,65,9,10,1,1.81395348837209,0.813953488372093,1
2025-07-07,66,10,13,3,5.24031007751938,2.24031007751938,3
2025-07-07,67,0,2,2,0.813953488372093,1.18604651162791,2
2025-07-07,68,183,142,-41,-48.1937984496124,7.1937984496124,41
2025-07-07,69,0,7,7,2.05426356589147,4.94573643410853,7
2025-07-07,70,19,2,-17,-17.8604651162791,0.86046511627907,17
2025-07-07,71,0,1,1,1.93023255813953,0.930232558139535,1
2025-07-07,72,1,7,6,1.74418604651163,4.25581395348837,6
2025-07-07,73,0,0,0,0.457364341085271,0.457364341085271,0
2025-07-07,74,14,35,21,35.6821705426357,14.6821705426357,21
2025-07-07,75,34,48,14,29.7131782945736,15.7131782945736,14
2025-07-07,76,4,6,2,4.68217054263566,2.68217054263566,2
2025-07-07,77,0,2,2,1.08527131782946,0.914728682170543,2
2025-07-07,78,2,1,-1,0.837209302325581,1.83720930232558,1
2025-07-07,79,69,158,89,82.2248062015504,6.77519379844961,89
2025-07-07,80,3,7,4,5.65891472868217,1.65891472868217,4
2025-07-07,81,0,3,3,0.720930232558139,2.27906976744186,3
2025-07-07,82,4,1,-3,1,4,3
2025-07-07,83,0,2,2,1.15503875968992,0.844961240310078,2
2025-07-07,84,0,0,0,0.0542635658914728,0.0542635658914728,0
2025-07-07,85,0,5,5,1.2093023255814,3.7906976744186,5
2025-07-07,86,0,2,2,2.03100775193798,0.031007751937985,2
2025-07-07,87,41,70,29,5.10852713178295,23.8914728682171,29
2025-07-07,88,28,22,-6,-2.41085271317829,3.58914728682171,6
2025-07-07,89,6,7,1,4.56589147286822,3.56589147286822,1
2025-07-07,90,86,85,-1,-10.8992248062016,9.89922480620155,1
2025-07-07,91,0,2,2,2.4031007751938,0.403100775193798,2
2025-07-07,92,0,1,1,3.90697674418605,2.90697674418605,1
2025-07-07,93,1,3,2,1.93023255813953,0.069767441860465,2
2025-07-07,94,0,0,0,0.395348837209302,0.395348837209302,0
2025-07-07,95,2,11,9,6.0077519379845,2.9922480620155,9
2025-07-07,96,0,1,1,0.155038759689922,0.844961240310078,1
2025-07-07,97,2,5,3,4.94573643410853,1.94573643410853,3
2025-07-07,98,0,3,3,1.51937984496124,1.48062015503876,3
2025-07-07,99,0,0,0,0,0,0
2025-07-07,100,127,76,-51,-24.2713178294574,26.7286821705426,51
2025-07-07,101,0,1,1,0.565891472868217,0.434108527131783,1
2025-07-07,102,0,1,1,1.48062015503876,0.48062015503876,1
2025-07-07,105,0,0,0,0,0,0
2025-07-07,106,3,3,0,1.85271317829457,1.85271317829457,0
2025-07-07,107,84,159,75,21.6666666666667,53.3333333333333,75
2025-07-07,108,0,1,1,0.945736434108527,0.0542635658914729,1
2025-07-07,109,0,0,0,0.0697674418604651,0.0697674418604651,0
2025-07-07,110,0,0,0,0,0,0
2025-07-07,111,0,0,0,0.0310077519379844,0.0310077519379844,0
2025-07-07,112,3,15,12,16.2790697674419,4.27906976744186,12
2025-07-07,113,78,98,20,13.2558139534884,6.74418604651163,20
2025-07-07,114,52,61,9,24.5658914728682,15.5658914728682,9
2025-07-07,115,0,0,0,0.116279069767442,0.116279069767442,0
2025-07-07,116,3,15,12,12.2015503875969,0.2015503875969,12
2025-07-07,117,0,1,1,1.1937984496124,0.193798449612403,1
2025-07-07,118,0,0,0,0.13953488372093,0.13953488372093,0
2025-07-07,119,0,3,3,1.86046511627907,1.13953488372093,3
2025-07-07,120,0,0,0,0.426356589147287,0.426356589147287,0
2025-07-07,121,0,2,2,1.42635658914729,0.573643410852713,2
2025-07-07,122,0,1,1,0.589147286821705,0.410852713178295,1
2025-07-07,123,0,0,0,1.13178294573643,1.13178294573643,0
2025-07-07,124,0,3,3,1.77519379844961,1.22480620155039,3
2025-07-07,125,27,44,17,-2.09302325581395,19.093023255814,17
2025-07-07,126,0,0,0,0.294573643410853,0.294573643410853,0
2025-07-07,127,0,2,2,4.92248062015504,2.92248062015504,2
2025-07-07,128,0,0,0,0.472868217054264,0.472868217054264,0
2025-07-07,129,4,8,4,4.51162790697674,0.511627906976744,4
2025-07-07,130,3,9,6,0.403100775193798,5.5968992248062,6
2025-07-07,131,0,3,3,1.41860465116279,1.58139534883721,3
2025-07-07,132,414,68,-346,-215.976744186046,130.023255813954,346
2025-07-07,133,1,3,2,1.75193798449612,0.248062015503876,2
2025-07-07,134,1,5,4,1.07751937984496,2.92248062015504,4
2025-07-07,135,0,3,3,1.85271317829457,1.14728682170543,3
2025-07-07,136,1,3,2,0.782945736434108,1.21705426356589,2
2025-07-07,137,66,71,5,-9.26356589147287,14.2635658914729,5
2025-07-07,138,155,34,-121,-143.744186046512,22.7441860465116,121
2025-07-07,139,0,0,0,1.37209302325581,1.37209302325581,0
2025-07-07,140,122,125,3,-33.1860465116279,36.1860465116279,3
2025-07-07,141,143,208,65,61.1472868217054,3.85271317829457,65
2025-07-07,142,151,183,32,62.8759689922481,30.8759689922481,32
2025-07-07,143,58,107,49,53.1627906976744,4.16279069767442,49
2025-07-07,144,74,65,-9,-2.15503875968992,6.84496124031008,9
2025-07-07,145,4,20,16,9.4031007751938,6.5968992248062,16
2025-07-07,146,3,4,1,0.720930232558139,0.279069767441861,1
2025-07-07,147,0,0,0,0.294573643410853,0.294573643410853,0
2025-07-07,148,27,56,29,54.4031007751938,25.4031007751938,29
2025-07-07,149,0,2,2,1.38759689922481,0.612403100775194,2
2025-07-07,150,0,1,1,0.51937984496124,0.48062015503876,1
2025-07-07,151,33,64,31,13,18,31
2025-07-07,152,9,13,4,2.86821705426357,1.13178294573643,4
2025-07-07,153,0,2,2,0.170542635658915,1.82945736434109,2
2025-07-07,154,1,0,-1,0.527131782945736,1.52713178294574,1
2025-07-07,155,1,0,-1,1.44186046511628,2.44186046511628,1
2025-07-07,156,0,0,0,0.0542635658914728,0.0542635658914728,0
2025-07-07,157,1,2,1,2,1,1
2025-07-07,158,48,82,34,47.8139534883721,13.8139534883721,34
2025-07-07,159,1,1,0,0.395348837209302,0.395348837209302,0
2025-07-07,160,0,3,3,1.89922480620155,1.10077519379845,3
2025-07-07,161,483,197,-286,-286.294573643411,0.294573643410843,286
2025-07-07,162,361,170,-191,-210.364341085271,19.3643410852713,191
2025-07-07,163,234,144,-90,-106.403100775194,16.4031007751938,90
2025-07-07,164,155,160,5,-25.4418604651163,30.4418604651163,5
2025-07-07,165,0,5,5,1.55038759689922,3.44961240310078,5
2025-07-07,166,27,47,20,7.13178294573643,12.8682170542636,20
2025-07-07,167,1,4,3,1.41860465116279,1.58139534883721,3
2025-07-07,168,0,4,4,2.56589147286822,1.43410852713178,4
2025-07-07,169,0,2,2,1.16279069767442,0.837209302325581,2
2025-07-07,170,210,166,-44,-46.6666666666667,2.66666666666666,44
2025-07-07,171,0,0,0,1.55813953488372,1.55813953488372,0
2025-07-07,172,0,0,0,0.0542635658914728,0.0542635658914728,0
2025-07-07,173,0,0,0,0.775193798449612,0.775193798449612,0
2025-07-07,174,0,0,0,0.573643410852713,0.573643410852713,0
2025-07-07,175,0,6,6,0.767441860465116,5.23255813953488,6
2025-07-07,176,0,0,0,0.0465116279069767,0.0465116279069767,0
2025-07-07,177,0,2,2,1.51162790697674,0.488372093023256,2
2025-07-07,178,1,1,0,0.829457364341085,0.829457364341085,0
2025-07-07,179,0,7,7,3.2015503875969,3.7984496124031,7
2025-07-07,180,0,0,0,0.875968992248062,0.875968992248062,0
2025-07-07,181,2,16,14,16.6744186046512,2.67441860465116,14
2025-07-07,182,0,7,7,1.69767441860465,5.30232558139535,7
2025-07-07,183,1,0,-1,0.426356589147287,1.42635658914729,1
2025-07-07,184,0,0,0,0.0155038759689922,0.0155038759689922,0
2025-07-07,185,0,3,3,1.06201550387597,1.93798449612403,3
2025-07-07,186,250,132,-118,-50.8217054263566,67.1782945736434,118
2025-07-07,187,0,0,0,0.0775193798449612,0.0775193798449612,0
2025-07-07,188,0,5,5,2.85271317829457,2.14728682170543,5
2025-07-07,189,2,3,1,4.48062015503876,3.48062015503876,1
2025-07-07,190,0,0,0,0.689922480620155,0.689922480620155,0
2025-07-07,191,1,1,0,1.65891472868217,1.65891472868217,0
2025-07-07,192,0,0,0,0.697674418604651,0.697674418604651,0
2025-07-07,193,2,3,1,1.24031007751938,0.24031007751938,1
2025-07-07,194,0,0,0,1.15503875968992,1.15503875968992,0
2025-07-07,195,0,5,5,2.09302325581395,2.90697674418605,5
2025-07-07,196,2,6,4,0.953488372093023,3.04651162790698,4
2025-07-07,197,0,12,12,1.8062015503876,10.1937984496124,12
2025-07-07,198,0,5,5,3.04651162790698,1.95348837209302,5
2025-07-07,199,0,0,0,-0.0155038759689922,0.0155038759689922,0
2025-07-07,200,0,1,1,2.31007751937985,1.31007751937985,1
2025-07-07,201,0,0,0,0.589147286821705,0.589147286821705,0
2025-07-07,202,0,1,1,3.57364341085271,2.57364341085271,1
2025-07-07,203,0,2,2,1.3953488372093,0.604651162790698,2
2025-07-07,204,0,0,0,0.0155038759689922,0.0155038759689922,0
2025-07-07,205,0,6,6,2.62790697674419,3.37209302325581,6
2025-07-07,206,0,0,0,0.193798449612403,0.193798449612403,0
2025-07-07,207,0,0,0,-0.0542635658914728,0.0542635658914728,0
2025-07-07,208,0,2,2,1.27906976744186,0.72093023255814,2
2025-07-07,209,10,19,9,8.03875968992248,0.961240310077519,9
2025-07-07,210,2,3,1,1.27131782945736,0.271317829457364,1
2025-07-07,211,55,52,-3,3.75193798449612,6.75193798449612,3
2025-07-07,212,1,1,0,0.503875968992248,0.503875968992248,0
2025-07-07,213,1,2,1,1.29457364341085,0.294573643410853,1
2025-07-07,214,0,0,0,0.147286821705426,0.147286821705426,0
2025-07-07,215,0,2,2,1.75968992248062,0.24031007751938,2
2025-07-07,216,4,6,2,5.67441860465116,3.67441860465116,2
2025-07-07,217,1,2,1,2.6046511627907,1.6046511627907,1
2025-07-07,218,0,1,1,2.7906976744186,1.7906976744186,1
2025-07-07,219,1,7,6,2.43410852713178,3.56589147286822,6
2025-07-07,220,1,4,3,2.24031007751938,0.75968992248062,3
2025-07-07,221,0,1,1,0.13953488372093,0.86046511627907,1
2025-07-07,222,1,1,0,0.883720930232558,0.883720930232558,0
2025-07-07,223,1,8,7,5.72093023255814,1.27906976744186,7
2025-07-07,224,5,28,23,22.8759689922481,0.124031007751935,23
2025-07-07,225,1,5,4,4.31007751937984,0.310077519379845,4
2025-07-07,226,8,8,0,1.68217054263566,1.68217054263566,0
2025-07-07,227,2,0,-2,1.09302325581395,3.09302325581395,2
2025-07-07,228,2,3,1,1.94573643410853,0.945736434108527,1
2025-07-07,229,109,133,24,36.4961240310078,12.4961240310078,24
2025-07-07,230,208,258,50,84.7286821705426,34.7286821705426,50
2025-07-07,231,92,109,17,4.27131782945736,12.7286821705426,17
2025-07-07,232,5,36,31,33.5503875968992,2.55038759689923,31
2025-07-07,233,69,93,24,-1.31007751937985,25.3100775193798,24
2025-07-07,234,208,201,-7,-42.6899224806202,35.6899224806202,7
2025-07-07,235,0,1,1,1.29457364341085,0.294573643410853,1
2025-07-07,236,217,349,132,43.5891472868217,88.4108527131783,132
2025-07-07,237,333,321,-12,-6.51937984496124,5.48062015503876,12
2025-07-07,238,78,136,58,43.3798449612403,14.6201550387597,58
2025-07-07,239,131,187,56,72.8139534883721,16.8139534883721,56
2025-07-07,240,0,0,0,0.286821705426357,0.286821705426357,0
2025-07-07,241,0,2,2,1.09302325581395,0.906976744186047,2
2025-07-07,242,0,0,0,0.472868217054264,0.472868217054264,0
2025-07-07,243,4,12,8,11.6744186046512,3.67441860465116,8
2025-07-07,244,5,28,23,12.6666666666667,10.3333333333333,23
2025-07-07,245,0,0,0,0.0852713178294573,0.0852713178294573,0
2025-07-07,246,137,111,-26,-22.5116279069767,3.48837209302325,26
2025-07-07,247,2,3,1,3.26356589147287,2.26356589147287,1
2025-07-07,248,0,2,2,0.689922480620155,1.31007751937985,2
2025-07-07,249,63,173,110,70.3798449612403,39.6201550387597,110
2025-07-07,250,0,0,0,0.387596899224806,0.387596899224806,0
2025-07-07,251,0,0,0,0.116279069767442,0.116279069767442,0
2025-07-07,252,0,0,0,1.18604651162791,1.18604651162791,0
2025-07-07,253,0,0,0,0.10077519379845,0.10077519379845,0
2025-07-07,254,0,1,1,1.35658914728682,0.356589147286822,1
2025-07-07,255,2,12,10,15.5736434108527,5.57364341085271,10
2025-07-07,256,4,15,11,12.046511627907,1.04651162790698,11
2025-07-07,257,0,3,3,2.90697674418605,0.0930232558139537,3
2025-07-07,258,0,1,1,1.78294573643411,0.782945736434109,1
2025-07-07,259,0,2,2,1.04651162790698,0.953488372093023,2
2025-07-07,260,1,1,0,2.10077519379845,2.10077519379845,0
2025-07-07,261,65,33,-32,-22.922480620155,9.07751937984496,32
2025-07-07,262,47,106,59,41.2945736434108,17.7054263565892,59
2025-07-07,263,78,143,65,68.4341085271318,3.43410852713178,65
2025-07-08,1,0,19,19,16.6976744186047,2.30232558139535,19
2025-07-08,2,0,0,0,0.0310077519379844,0.0310077519379844,0
2025-07-08,3,0,1,1,0.682170542635659,0.317829457364341,1
2025-07-08,4,7,26,19,26.8217054263566,7.82170542635659,19
2025-07-08,5,0,0,0,0.0232558139534883,0.0232558139534883,0
2025-07-08,6,0,0,0,0.131782945736434,0.131782945736434,0
2025-07-08,7,2,14,12,9.62790697674418,2.37209302325582,12
2025-07-08,8,0,1,1,0.0465116279069767,0.953488372093023,1
2025-07-08,9,0,0,0,0.527131782945736,0.527131782945736,0
2025-07-08,10,2,15,13,6.08527131782946,6.91472868217054,13
2025-07-08,11,0,1,1,0.488372093023256,0.511627906976744,1
2025-07-08,12,3,5,2,-0.48062015503876,2.48062015503876,2
2025-07-08,13,102,61,-41,-33.9457364341085,7.05426356589147,41
2025-07-08,14,1,5,4,4.67441860465116,0.674418604651163,4
2025-07-08,15,0,0,0,0.914728682170543,0.914728682170543,0
2025-07-08,16,1,4,3,1.10077519379845,1.89922480620155,3
2025-07-08,17,2,8,6,4.49612403100775,1.50387596899225,6
2025-07-08,18,0,2,2,1.15503875968992,0.844961240310078,2
2025-07-08,19,0,0,0,0.945736434108527,0.945736434108527,0
2025-07-08,20,0,2,2,0.612403100775194,1.38759689922481,2
2025-07-08,21,0,1,1,0.930232558139535,0.0697674418604652,1
2025-07-08,22,0,1,1,1.2015503875969,0.201550387596899,1
2025-07-08,23,0,0,0,0.155038759689922,0.155038759689922,0
2025-07-08,24,15,21,6,9.77519379844961,3.77519379844961,6
2025-07-08,25,2,11,9,8.10852713178295,0.891472868217054,9
2025-07-08,26,2,4,2,2.16279069767442,0.162790697674418,2
2025-07-08,27,0,0,0,0.108527131782946,0.108527131782946,0
2025-07-08,28,0,5,5,1.65891472868217,3.34108527131783,5
2025-07-08,29,0,1,1,0.86046511627907,0.13953488372093,1
2025-07-08,30,0,0,0,0.0620155038759689,0.0620155038759689,0
2025-07-08,31,0,0,0,0.193798449612403,0.193798449612403,0
2025-07-08,32,1,3,2,0.713178294573643,1.28682170542636,2
2025-07-08,33,3,24,21,15.2170542635659,5.78294573643411,21
2025-07-08,34,1,0,-1,-0.155038759689922,0.844961240310078,1
2025-07-08,35,1,5,4,2.22480620155039,1.77519379844961,4
2025-07-08,36,3,6,3,3.65116279069767,0.651162790697674,3
2025-07-08,37,6,10,4,5.1937984496124,1.1937984496124,4
2025-07-08,38,0,2,2,1.37984496124031,0.62015503875969,2
2025-07-08,39,2,8,6,3.75193798449612,2.24806201550388,6
2025-07-08,40,1,5,4,6.83720930232558,2.83720930232558,4
2025-07-08,41,13,48,35,26.0232558139535,8.97674418604651,35
2025-07-08,42,7,31,24,24.4108527131783,0.410852713178294,24
2025-07-08,43,96,77,-19,-17.3720930232558,1.62790697674419,19
2025-07-08,44,0,0,0,0.0077519379844961,0.0077519379844961,0
2025-07-08,45,14,21,7,12.4806201550388,5.48062015503876,7
2025-07-08,46,0,0,0,0.155038759689922,0.155038759689922,0
2025-07-08,47,0,2,2,0.844961240310077,1.15503875968992,2
2025-07-08,48,197,252,55,70.3565891472868,15.3565891472868,55
2025-07-08,49,5,13,8,7.2015503875969,0.7984496124031,8
2025-07-08,50,30,90,60,47.2790697674419,12.7209302325581,60
2025-07-08,51,1,2,1,2.35658914728682,1.35658914728682,1
2025-07-08,52,1,6,5,4.28682170542636,0.713178294573644,5
2025-07-08,53,1,0,-1,0.697674418604651,1.69767441860465,1
2025-07-08,54,1,2,1,1.87596899224806,0.875968992248062,1
2025-07-08,55,0,2,2,1.85271317829457,0.147286821705426,2
2025-07-08,56,0,2,2,1.47286821705426,0.527131782945736,2
2025-07-08,57,0,0,0,0.0852713178294573,0.0852713178294573,0
2025-07-08,58,0,0,0,0.224806201550388,0.224806201550388,0
2025-07-08,59,0,0,0,0.0310077519379844,0.0310077519379844,0
2025-07-08,60,1,1,0,0.48062015503876,0.48062015503876,0
2025-07-08,61,7,14,7,7.2093023255814,0.209302325581396,7
2025-07-08,62,3,1,-2,2.24031007751938,4.24031007751938,2
2025-07-08,63,1,2,1,1.61240310077519,0.612403100775194,1
2025-07-08,64,0,1,1,0.922480620155039,0.0775193798449612,1
2025-07-08,65,7,9,2,1.81395348837209,0.186046511627907,2
2025-07-08,66,9,16,7,5.24031007751938,1.75968992248062,7
2025-07-08,67,0,0,0,0.813953488372093,0.813953488372093,0
2025-07-08,68,260,192,-68,-48.1937984496124,19.8062015503876,68
2025-07-08,69,1,4,3,2.05426356589147,0.945736434108527,3
2025-07-08,70,25,2,-23,-17.8604651162791,5.13953488372093,23
2025-07-08,71,0,4,4,1.93023255813953,2.06976744186047,4
2025-07-08,72,3,5,2,1.74418604651163,0.255813953488372,2
2025-07-08,73,0,0,0,0.457364341085271,0.457364341085271,0
2025-07-08,74,7,55,48,35.6821705426357,12.3178294573643,48
2025-07-08,75,34,84,50,29.7131782945736,20.2868217054264,50
2025-07-08,76,0,9,9,4.68217054263566,4.31782945736434,9
2025-07-08,77,1,2,1,1.08527131782946,0.0852713178294573,1
2025-07-08,78,0,1,1,0.837209302325581,0.162790697674419,1
2025-07-08,79,94,197,103,82.2248062015504,20.7751937984496,103
2025-07-08,80,3,8,5,5.65891472868217,0.658914728682171,5
2025-07-08,81,0,0,0,0.720930232558139,0.720930232558139,0
2025-07-08,82,1,4,3,1,2,3
2025-07-08,83,0,1,1,1.15503875968992,0.155038759689922,1
2025-07-08,84,0,0,0,0.0542635658914728,0.0542635658914728,0
2025-07-08,85,1,0,-1,1.2093023255814,2.2093023255814,1
2025-07-08,86,0,1,1,2.03100775193798,1.03100775193798,1
2025-07-08,87,59,56,-3,5.10852713178295,8.10852713178295,3
2025-07-08,88,33,25,-8,-2.41085271317829,5.58914728682171,8
2025-07-08,89,6,12,6,4.56589147286822,1.43410852713178,6
2025-07-08,90,116,115,-1,-10.8992248062016,9.89922480620155,1
2025-07-08,91,1,3,2,2.4031007751938,0.403100775193798,2
2025-07-08,92,0,1,1,3.90697674418605,2.90697674418605,1
2025-07-08,93,0,0,0,1.93023255813953,1.93023255813953,0
2025-07-08,94,0,4,4,0.395348837209302,3.6046511627907,4
2025-07-08,95,6,13,7,6.0077519379845,0.992248062015504,7
2025-07-08,96,0,0,0,0.155038759689922,0.155038759689922,0
2025-07-08,97,8,10,2,4.94573643410853,2.94573643410853,2
2025-07-08,98,0,2,2,1.51937984496124,0.48062015503876,2
2025-07-08,99,0,0,0,0,0,0
2025-07-08,100,158,113,-45,-24.2713178294574,20.7286821705426,45
2025-07-08,101,1,2,1,0.565891472868217,0.434108527131783,1
2025-07-08,102,2,2,0,1.48062015503876,1.48062015503876,0
2025-07-08,105,0,0,0,0,0,0
2025-07-08,106,1,2,1,1.85271317829457,0.852713178294574,1
2025-07-08,107,148,195,47,21.6666666666667,25.3333333333333,47
2025-07-08,108,0,2,2,0.945736434108527,1.05426356589147,2
2025-07-08,109,0,1,1,0.0697674418604651,0.930232558139535,1
2025-07-08,110,0,0,0,0,0,0
2025-07-08,111,0,0,0,0.0310077519379844,0.0310077519379844,0
2025-07-08,112,1,23,22,16.2790697674419,5.72093023255814,22
2025-07-08,113,92,121,29,13.2558139534884,15.7441860465116,29
2025-07-08,114,69,80,11,24.5658914728682,13.5658914728682,11
2025-07-08,115,0,0,0,0.116279069767442,0.116279069767442,0
2025-07-08,116,8,27,19,12.2015503875969,6.7984496124031,19
2025-07-08,117,0,3,3,1.1937984496124,1.8062015503876,3
2025-07-08,118,0,0,0,0.13953488372093,0.13953488372093,0
2025-07-08,119,1,3,2,1.86046511627907,0.13953488372093,2
2025-07-08,120,0,0,0,0.426356589147287,0.426356589147287,0
2025-07-08,121,0,1,1,1.42635658914729,0.426356589147287,1
2025-07-08,122,0,0,0,0.589147286821705,0.589147286821705,0
2025-07-08,123,1,1,0,1.13178294573643,1.13178294573643,0
2025-07-08,124,0,2,2,1.77519379844961,0.224806201550388,2
2025-07-08,125,46,49,3,-2.09302325581395,5.09302325581395,3
2025-07-08,126,0,1,1,0.294573643410853,0.705426356589147,1
2025-07-08,127,0,11,11,4.92248062015504,6.07751937984496,11
2025-07-08,128,0,1,1,0.472868217054264,0.527131782945736,1
2025-07-08,129,1,3,2,4.51162790697674,2.51162790697674,2
2025-07-08,130,4,4,0,0.403100775193798,0.403100775193798,0
2025-07-08,131,0,2,2,1.41860465116279,0.581395348837209,2
2025-07-08,132,336,43,-293,-215.976744186046,77.0232558139535,293
2025-07-08,133,0,1,1,1.75193798449612,0.751937984496124,1
2025-07-08,134,0,1,1,1.07751937984496,0.0775193798449612,1
2025-07-08,135,1,3,2,1.85271317829457,0.147286821705426,2
2025-07-08,136,1,0,-1,0.782945736434108,1.78294573643411,1
2025-07-08,137,78,111,33,-9.26356589147287,42.2635658914729,33
2025-07-08,138,144,27,-117,-143.744186046512,26.7441860465116,117
2025-07-08,139,2,0,-2,1.37209302325581,3.37209302325581,2
2025-07-08,140,145,145,0,-33.1860465116279,33.1860465116279,0
2025-07-08,141,182,287,105,61.1472868217054,43.8527131782946,105
2025-07-08,142,243,290,47,62.8759689922481,15.8759689922481,47
2025-07-08,143,106,160,54,53.1627906976744,0.837209302325583,54
2025-07-08,144,86,79,-7,-2.15503875968992,4.84496124031008,7
2025-07-08,145,7,22,15,9.4031007751938,5.5968992248062,15
2025-07-08,146,3,5,2,0.720930232558139,1.27906976744186,2
2025-07-08,147,1,1,0,0.294573643410853,0.294573643410853,0
2025-07-08,148,44,75,31,54.4031007751938,23.4031007751938,31
2025-07-08,149,1,1,0,1.38759689922481,1.38759689922481,0
2025-07-08,150,1,2,1,0.51937984496124,0.48062015503876,1
2025-07-08,151,77,87,10,13,3,10
2025-07-08,152,10,15,5,2.86821705426357,2.13178294573643,5
2025-07-08,153,0,2,2,0.170542635658915,1.82945736434109,2
2025-07-08,154,0,1,1,0.527131782945736,0.472868217054264,1
2025-07-08,155,2,0,-2,1.44186046511628,3.44186046511628,2
2025-07-08,156,0,0,0,0.0542635658914728,0.0542635658914728,0
2025-07-08,157,0,3,3,2,1,3
2025-07-08,158,61,125,64,47.8139534883721,16.1860465116279,64
2025-07-08,159,0,0,0,0.395348837209302,0.395348837209302,0
2025-07-08,160,1,1,0,1.89922480620155,1.89922480620155,0
2025-07-08,161,700,271,-429,-286.294573643411,142.705426356589,429
2025-07-08,162,452,212,-240,-210.364341085271,29.6356589147287,240
2025-07-08,163,325,183,-142,-106.403100775194,35.5968992248062,142
2025-07-08,164,221,194,-27,-25.4418604651163,1.55813953488372,27
2025-07-08,165,0,2,2,1.55038759689922,0.449612403100775,2
2025-07-08,166,34,59,25,7.13178294573643,17.8682170542636,25
2025-07-08,167,0,2,2,1.41860465116279,0.581395348837209,2
2025-07-08,168,3,3,0,2.56589147286822,2.56589147286822,0
2025-07-08,169,0,2,2,1.16279069767442,0.837209302325581,2
2025-07-08,170,268,221,-47,-46.6666666666667,0.333333333333343,47
2025-07-08,171,1,2,1,1.55813953488372,0.558139534883721,1
2025-07-08,172,0,0,0,0.0542635658914728,0.0542635658914728,0
2025-07-08,173,1,0,-1,0.775193798449612,1.77519379844961,1
2025-07-08,174,0,2,2,0.573643410852713,1.42635658914729,2
2025-07-08,175,0,1,1,0.767441860465116,0.232558139534884,1
2025-07-08,176,0,0,0,0.0465116279069767,0.0465116279069767,0
2025-07-08,177,0,2,2,1.51162790697674,0.488372093023256,2
2025-07-08,178,0,0,0,0.829457364341085,0.829457364341085,0
2025-07-08,179,2,6,4,3.2015503875969,0.798449612403101,4
2025-07-08,180,0,1,1,0.875968992248062,0.124031007751938,1
2025-07-08,181,2,15,13,16.6744186046512,3.67441860465116,13
2025-07-08,182,0,1,1,1.69767441860465,0.697674418604651,1
2025-07-08,183,0,0,0,0.426356589147287,0.426356589147287,0
2025-07-08,184,0,0,0,0.0155038759689922,0.0155038759689922,0
2025-07-08,185,1,1,0,1.06201550387597,1.06201550387597,0
2025-07-08,186,297,156,-141,-50.8217054263566,90.1782945736434,141
2025-07-08,187,0,0,0,0.0775193798449612,0.0775193798449612,0
2025-07-08,188,2,6,4,2.85271317829457,1.14728682170543,4
2025-07-08,189,0,5,5,4.48062015503876,0.51937984496124,5
2025-07-08,190,0,0,0,0.689922480620155,0.689922480620155,0
2025-07-08,191,2,3,1,1.65891472868217,0.658914728682171,1
2025-07-08,192,0,0,0,0.697674418604651,0.697674418604651,0
2025-07-08,193,4,4,0,1.24031007751938,1.24031007751938,0
2025-07-08,194,0,1,1,1.15503875968992,0.155038759689922,1
2025-07-08,195,1,4,3,2.09302325581395,0.906976744186046,3
2025-07-08,196,2,4,2,0.953488372093023,1.04651162790698,2
2025-07-08,197,0,1,1,1.8062015503876,0.806201550387597,1
2025-07-08,198,2,5,3,3.04651162790698,0.0465116279069768,3
2025-07-08,199,0,0,0,-0.0155038759689922,0.0155038759689922,0
2025-07-08,200,0,2,2,2.31007751937985,0.310077519379845,2
2025-07-08,201,1,1,0,0.589147286821705,0.589147286821705,0
2025-07-08,202,0,4,4,3.57364341085271,0.426356589147287,4
2025-07-08,203,1,4,3,1.3953488372093,1.6046511627907,3
2025-07-08,204,0,0,0,0.0155038759689922,0.0155038759689922,0
2025-07-08,205,0,3,3,2.62790697674419,0.372093023255814,3
2025-07-08,206,0,0,0,0.193798449612403,0.193798449612403,0
2025-07-08,207,0,0,0,-0.0542635658914728,0.0542635658914728,0
2025-07-08,208,0,5,5,1.27906976744186,3.72093023255814,5
2025-07-08,209,8,18,10,8.03875968992248,1.96124031007752,10
2025-07-08,210,0,4,4,1.27131782945736,2.72868217054264,4
2025-07-08,211,85,80,-5,3.75193798449612,8.75193798449612,5
2025-07-08,212,0,0,0,0.503875968992248,0.503875968992248,0
2025-07-08,213,0,0,0,1.29457364341085,1.29457364341085,0
2025-07-08,214,0,0,0,0.147286821705426,0.147286821705426,0
2025-07-08,215,0,2,2,1.75968992248062,0.24031007751938,2
2025-07-08,216,1,5,4,5.67441860465116,1.67441860465116,4
2025-07-08,217,0,2,2,2.6046511627907,0.604651162790698,2
2025-07-08,218,0,3,3,2.7906976744186,0.209302325581395,3
2025-07-08,219,0,11,11,2.43410852713178,8.56589147286822,11
2025-07-08,220,0,4,4,2.24031007751938,1.75968992248062,4
2025-07-08,221,0,0,0,0.13953488372093,0.13953488372093,0
2025-07-08,222,0,5,5,0.883720930232558,4.11627906976744,5
2025-07-08,223,1,11,10,5.72093023255814,4.27906976744186,10
2025-07-08,224,8,20,12,22.8759689922481,10.8759689922481,12
2025-07-08,225,5,6,1,4.31007751937984,3.31007751937984,1
2025-07-08,226,3,13,10,1.68217054263566,8.31782945736434,10
2025-07-08,227,1,2,1,1.09302325581395,0.0930232558139534,1
2025-07-08,228,0,4,4,1.94573643410853,2.05426356589147,4
2025-07-08,229,164,199,35,36.4961240310078,1.49612403100775,35
2025-07-08,230,349,443,94,84.7286821705426,9.27131782945736,94
2025-07-08,231,134,126,-8,4.27131782945736,12.2713178294574,8
2025-07-08,232,12,47,35,33.5503875968992,1.44961240310077,35
2025-07-08,233,95,116,21,-1.31007751937985,22.3100775193798,21
2025-07-08,234,273,222,-51,-42.6899224806202,8.31007751937984,51
2025-07-08,235,0,1,1,1.29457364341085,0.294573643410853,1
2025-07-08,236,367,410,43,43.5891472868217,0.589147286821706,43
2025-07-08,237,438,423,-15,-6.51937984496124,8.48062015503876,15
2025-07-08,238,157,189,32,43.3798449612403,11.3798449612403,32
2025-07-08,239,183,263,80,72.8139534883721,7.18604651162791,80
2025-07-08,240,0,0,0,0.286821705426357,0.286821705426357,0
2025-07-08,241,0,1,1,1.09302325581395,0.0930232558139534,1
2025-07-08,242,0,0,0,0.472868217054264,0.472868217054264,0
2025-07-08,243,3,18,15,11.6744186046512,3.32558139534884,15
2025-07-08,244,5,28,23,12.6666666666667,10.3333333333333,23
2025-07-08,245,0,0,0,0.0852713178294573,0.0852713178294573,0
2025-07-08,246,194,210,16,-22.5116279069767,38.5116279069767,16
2025-07-08,247,3,17,14,3.26356589147287,10.7364341085271,14
2025-07-08,248,1,0,-1,0.689922480620155,1.68992248062015,1
2025-07-08,249,121,205,84,70.3798449612403,13.6201550387597,84
2025-07-08,250,0,0,0,0.387596899224806,0.387596899224806,0
2025-07-08,251,0,0,0,0.116279069767442,0.116279069767442,0
2025-07-08,252,0,1,1,1.18604651162791,0.186046511627907,1
2025-07-08,253,0,0,0,0.10077519379845,0.10077519379845,0
2025-07-08,254,0,2,2,1.35658914728682,0.643410852713178,2
2025-07-08,255,4,19,15,15.5736434108527,0.573643410852712,15
2025-07-08,256,3,13,10,12.046511627907,2.04651162790698,10
2025-07-08,257,0,6,6,2.90697674418605,3.09302325581395,6
2025-07-08,258,0,3,3,1.78294573643411,1.21705426356589,3
2025-07-08,259,1,0,-1,1.04651162790698,2.04651162790698,1
2025-07-08,260,1,1,0,2.10077519379845,2.10077519379845,0
2025-07-08,261,48,27,-21,-22.922480620155,1.92248062015504,21
2025-07-08,262,97,145,48,41.2945736434108,6.70542635658915,48
2025-07-08,263,99,227,128,68.4341085271318,59.5658914728682,128
2025-07-09,1,0,13,13,16.6976744186047,3.69767441860465,13
2025-07-09,2,0,0,0,0.0310077519379844,0.0310077519379844,0
2025-07-09,3,0,1,1,0.682170542635659,0.317829457364341,1
2025-07-09,4,11,33,22,26.8217054263566,4.82170542635659,22
2025-07-09,5,0,0,0,0.0232558139534883,0.0232558139534883,0
2025-07-09,6,0,0,0,0.131782945736434,0.131782945736434,0
2025-07-09,7,6,11,5,9.62790697674418,4.62790697674418,5
2025-07-09,8,1,0,-1,0.0465116279069767,1.04651162790698,1
2025-07-09,9,0,0,0,0.527131782945736,0.527131782945736,0
2025-07-09,10,3,11,8,6.08527131782946,1.91472868217054,8
2025-07-09,11,0,0,0,0.488372093023256,0.488372093023256,0
2025-07-09,12,4,1,-3,-0.48062015503876,2.51937984496124,3
2025-07-09,13,102,71,-31,-33.9457364341085,2.94573643410853,31
2025-07-09,14,1,7,6,4.67441860465116,1.32558139534884,6
2025-07-09,15,0,1,1,0.914728682170543,0.0852713178294574,1
2025-07-09,16,0,0,0,1.10077519379845,1.10077519379845,0
2025-07-09,17,1,2,1,4.49612403100775,3.49612403100775,1
2025-07-09,18,0,1,1,1.15503875968992,0.155038759689922,1
2025-07-09,19,1,5,4,0.945736434108527,3.05426356589147,4
2025-07-09,20,1,1,0,0.612403100775194,0.612403100775194,0
2025-07-09,21,0,0,0,0.930232558139535,0.930232558139535,0
2025-07-09,22,0,2,2,1.2015503875969,0.798449612403101,2
2025-07-09,23,0,0,0,0.155038759689922,0.155038759689922,0
2025-07-09,24,17,32,15,9.77519379844961,5.22480620155039,15
2025-07-09,25,3,3,0,8.10852713178295,8.10852713178295,0
2025-07-09,26,0,6,6,2.16279069767442,3.83720930232558,6
2025-07-09,27,0,0,0,0.108527131782946,0.108527131782946,0
2025-07-09,28,1,4,3,1.65891472868217,1.34108527131783,3
2025-07-09,29,0,4,4,0.86046511627907,3.13953488372093,4
2025-07-09,30,0,0,0,0.0620155038759689,0.0620155038759689,0
2025-07-09,31,0,0,0,0.193798449612403,0.193798449612403,0
2025-07-09,32,0,0,0,0.713178294573643,0.713178294573643,0
2025-07-09,33,6,20,14,15.2170542635659,1.21705426356589,14
2025-07-09,34,4,4,0,-0.155038759689922,0.155038759689922,0
2025-07-09,35,2,3,1,2.22480620155039,1.22480620155039,1
2025-07-09,36,2,1,-1,3.65116279069767,4.65116279069767,1
2025-07-09,37,1,8,7,5.1937984496124,1.8062015503876,7
2025-07-09,38,0,7,7,1.37984496124031,5.62015503875969,7
2025-07-09,39,0,10,10,3.75193798449612,6.24806201550388,10
2025-07-09,40,4,8,4,6.83720930232558,2.83720930232558,4
2025-07-09,41,20,41,21,26.0232558139535,5.02325581395349,21
2025-07-09,42,15,29,14,24.4108527131783,10.4108527131783,14
2025-07-09,43,81,68,-13,-17.3720930232558,4.37209302325581,13
2025-07-09,44,0,0,0,0.0077519379844961,0.0077519379844961,0
2025-07-09,45,7,22,15,12.4806201550388,2.51937984496124,15
2025-07-09,46,0,0,0,0.155038759689922,0.155038759689922,0
2025-07-09,47,0,0,0,0.844961240310077,0.844961240310077,0
2025-07-09,48,176,231,55,70.3565891472868,15.3565891472868,55
2025-07-09,49,3,8,5,7.2015503875969,2.2015503875969,5
2025-07-09,50,41,81,40,47.2790697674419,7.27906976744186,40
2025-07-09,51,0,4,4,2.35658914728682,1.64341085271318,4
2025-07-09,52,2,2,0,4.28682170542636,4.28682170542636,0
2025-07-09,53,0,3,3,0.697674418604651,2.30232558139535,3
2025-07-09,54,1,2,1,1.87596899224806,0.875968992248062,1
2025-07-09,55,1,2,1,1.85271317829457,0.852713178294574,1
2025-07-09,56,0,3,3,1.47286821705426,1.52713178294574,3
2025-07-09,57,0,0,0,0.0852713178294573,0.0852713178294573,0
2025-07-09,58,0,1,1,0.224806201550388,0.775193798449612,1
2025-07-09,59,0,0,0,0.0310077519379844,0.0310077519379844,0
2025-07-09,60,0,0,0,0.48062015503876,0.48062015503876,0
2025-07-09,61,5,9,4,7.2093023255814,3.2093023255814,4
2025-07-09,62,0,4,4,2.24031007751938,1.75968992248062,4
2025-07-09,63,0,2,2,1.61240310077519,0.387596899224806,2
2025-07-09,64,0,1,1,0.922480620155039,0.0775193798449612,1
2025-07-09,65,6,6,0,1.81395348837209,1.81395348837209,0
2025-07-09,66,2,15,13,5.24031007751938,7.75968992248062,13
2025-07-09,67,0,1,1,0.813953488372093,0.186046511627907,1
2025-07-09,68,263,214,-49,-48.1937984496124,0.806201550387598,49
2025-07-09,69,0,0,0,2.05426356589147,2.05426356589147,0
2025-07-09,70,16,2,-14,-17.8604651162791,3.86046511627907,14
2025-07-09,71,0,3,3,1.93023255813953,1.06976744186047,3
2025-07-09,72,1,0,-1,1.74418604651163,2.74418604651163,1
2025-07-09,73,1,0,-1,0.457364341085271,1.45736434108527,1
2025-07-09,74,17,36,19,35.6821705426357,16.6821705426357,19
2025-07-09,75,39,64,25,29.7131782945736,4.71317829457364,25
2025-07-09,76,2,4,2,4.68217054263566,2.68217054263566,2
2025-07-09,77,0,0,0,1.08527131782946,1.08527131782946,0
2025-07-09,78,0,1,1,0.837209302325581,0.162790697674419,1
2025-07-09,79,91,197,106,82.2248062015504,23.7751937984496,106
2025-07-09,80,3,10,7,5.65891472868217,1.34108527131783,7
2025-07-09,81,0,0,0,0.720930232558139,0.720930232558139,0
2025-07-09,82,2,6,4,1,3,4
2025-07-09,83,0,2,2,1.15503875968992,0.844961240310078,2
2025-07-09,84,0,0,0,0.0542635658914728,0.0542635658914728,0
2025-07-09,85,0,1,1,1.2093023255814,0.209302325581395,1
2025-07-09,86,0,1,1,2.03100775193798,1.03100775193798,1
2025-07-09,87,69,85,16,5.10852713178295,10.8914728682171,16
2025-07-09,88,42,39,-3,-2.41085271317829,0.589147286821706,3
2025-07-09,89,1,3,2,4.56589147286822,2.56589147286822,2
2025-07-09,90,122,126,4,-10.8992248062016,14.8992248062016,4
2025-07-09,91,0,6,6,2.4031007751938,3.5968992248062,6
2025-07-09,92,0,8,8,3.90697674418605,4.09302325581395,8
2025-07-09,93,0,1,1,1.93023255813953,0.930232558139535,1
2025-07-09,94,0,0,0,0.395348837209302,0.395348837209302,0
2025-07-09,95,7,10,3,6.0077519379845,3.0077519379845,3
2025-07-09,96,0,0,0,0.155038759689922,0.155038759689922,0
2025-07-09,97,6,11,5,4.94573643410853,0.054263565891473,5
2025-07-09,98,1,2,1,1.51937984496124,0.51937984496124,1
2025-07-09,99,0,0,0,0,0,0
2025-07-09,100,133,108,-25,-24.2713178294574,0.728682170542637,25
2025-07-09,101,1,0,-1,0.565891472868217,1.56589147286822,1
2025-07-09,102,0,0,0,1.48062015503876,1.48062015503876,0
2025-07-09,105,0,0,0,0,0,0
2025-07-09,106,1,4,3,1.85271317829457,1.14728682170543,3
2025-07-09,107,147,180,33,21.6666666666667,11.3333333333333,33
2025-07-09,108,0,1,1,0.945736434108527,0.0542635658914729,1
2025-07-09,109,0,0,0,0.0697674418604651,0.0697674418604651,0
2025-07-09,110,0,0,0,0,0,0
2025-07-09,111,0,0,0,0.0310077519379844,0.0310077519379844,0
2025-07-09,112,3,23,20,16.2790697674419,3.72093023255814,20
2025-07-09,113,112,109,-3,13.2558139534884,16.2558139534884,3
2025-07-09,114,97,87,-10,24.5658914728682,34.5658914728682,10
2025-07-09,115,0,0,0,0.116279069767442,0.116279069767442,0
2025-07-09,116,11,19,8,12.2015503875969,4.2015503875969,8
2025-07-09,117,2,1,-1,1.1937984496124,2.1937984496124,1
2025-07-09,118,0,0,0,0.13953488372093,0.13953488372093,0
2025-07-09,119,0,6,6,1.86046511627907,4.13953488372093,6
2025-07-09,120,0,1,1,0.426356589147287,0.573643410852713,1
2025-07-09,121,0,2,2,1.42635658914729,0.573643410852713,2
2025-07-09,122,0,2,2,0.589147286821705,1.41085271317829,2
2025-07-09,123,2,2,0,1.13178294573643,1.13178294573643,0
2025-07-09,124,0,6,6,1.77519379844961,4.22480620155039,6
2025-07-09,125,50,36,-14,-2.09302325581395,11.906976744186,14
2025-07-09,126,0,1,1,0.294573643410853,0.705426356589147,1
2025-07-09,127,0,4,4,4.92248062015504,0.922480620155039,4
2025-07-09,128,0,2,2,0.472868217054264,1.52713178294574,2
2025-07-09,129,4,10,6,4.51162790697674,1.48837209302326,6
2025-07-09,130,6,11,5,0.403100775193798,4.5968992248062,5
2025-07-09,131,0,4,4,1.41860465116279,2.58139534883721,4
2025-07-09,132,344,57,-287,-215.976744186046,71.0232558139535,287
2025-07-09,133,1,3,2,1.75193798449612,0.248062015503876,2
2025-07-09,134,0,2,2,1.07751937984496,0.922480620155039,2
2025-07-09,135,0,0,0,1.85271317829457,1.85271317829457,0
2025-07-09,136,0,0,0,0.782945736434108,0.782945736434108,0
2025-07-09,137,87,96,9,-9.26356589147287,18.2635658914729,9
2025-07-09,138,143,61,-82,-143.744186046512,61.7441860465116,82
2025-07-09,139,0,2,2,1.37209302325581,0.627906976744186,2
2025-07-09,140,151,122,-29,-33.1860465116279,4.18604651162791,29
2025-07-09,141,185,241,56,61.1472868217054,5.14728682170543,56
2025-07-09,142,213,293,80,62.8759689922481,17.1240310077519,80
2025-07-09,143,70,136,66,53.1627906976744,12.8372093023256,66
2025-07-09,144,89,94,5,-2.15503875968992,7.15503875968992,5
2025-07-09,145,6,25,19,9.4031007751938,9.5968992248062,19
2025-07-09,146,0,7,7,0.720930232558139,6.27906976744186,7
2025-07-09,147,0,0,0,0.294573643410853,0.294573643410853,0
2025-07-09,148,40,114,74,54.4031007751938,19.5968992248062,74
2025-07-09,149,0,1,1,1.38759689922481,0.387596899224806,1
2025-07-09,150,0,0,0,0.51937984496124,0.51937984496124,0
2025-07-09,151,49,68,19,13,6,19
2025-07-09,152,5,7,2,2.86821705426357,0.868217054263566,2
2025-07-09,153,0,0,0,0.170542635658915,0.170542635658915,0
2025-07-09,154,0,3,3,0.527131782945736,2.47286821705426,3
2025-07-09,155,0,1,1,1.44186046511628,0.441860465116279,1
2025-07-09,156,0,0,0,0.0542635658914728,0.0542635658914728,0
2025-07-09,157,0,2,2,2,0,2
2025-07-09,158,63,111,48,47.8139534883721,0.186046511627907,48
2025-07-09,159,0,2,2,0.395348837209302,1.6046511627907,2
2025-07-09,160,1,2,1,1.89922480620155,0.89922480620155,1
2025-07-09,161,622,319,-303,-286.294573643411,16.7054263565892,303
2025-07-09,162,431,220,-211,-210.364341085271,0.635658914728708,211
2025-07-09,163,292,225,-67,-106.403100775194,39.4031007751938,67
2025-07-09,164,222,206,-16,-25.4418604651163,9.44186046511628,16
2025-07-09,165,1,2,1,1.55038759689922,0.550387596899225,1
2025-07-09,166,34,63,29,7.13178294573643,21.8682170542636,29
2025-07-09,167,0,2,2,1.41860465116279,0.581395348837209,2
2025-07-09,168,2,3,1,2.56589147286822,1.56589147286822,1
2025-07-09,169,1,0,-1,1.16279069767442,2.16279069767442,1
2025-07-09,170,302,228,-74,-46.6666666666667,27.3333333333333,74
2025-07-09,171,0,0,0,1.55813953488372,1.55813953488372,0
2025-07-09,172,0,0,0,0.0542635658914728,0.0542635658914728,0
2025-07-09,173,1,0,-1,0.775193798449612,1.77519379844961,1
2025-07-09,174,0,3,3,0.573643410852713,2.42635658914729,3
2025-07-09,175,0,1,1,0.767441860465116,0.232558139534884,1
2025-07-09,176,0,1,1,0.0465116279069767,0.953488372093023,1
2025-07-09,177,2,2,0,1.51162790697674,1.51162790697674,0
2025-07-09,178,0,1,1,0.829457364341085,0.170542635658915,1
2025-07-09,179,4,9,5,3.2015503875969,1.7984496124031,5
2025-07-09,180,0,2,2,0.875968992248062,1.12403100775194,2
2025-07-09,181,3,10,7,16.6744186046512,9.67441860465116,7
2025-07-09,182,0,5,5,1.69767441860465,3.30232558139535,5
2025-07-09,183,0,1,1,0.426356589147287,0.573643410852713,1
2025-07-09,184,0,0,0,0.0155038759689922,0.0155038759689922,0
2025-07-09,185,0,1,1,1.06201550387597,0.0620155038759691,1
2025-07-09,186,302,180,-122,-50.8217054263566,71.1782945736434,122
2025-07-09,187,0,0,0,0.0775193798449612,0.0775193798449612,0
2025-07-09,188,2,11,9,2.85271317829457,6.14728682170543,9
2025-07-09,189,6,9,3,4.48062015503876,1.48062015503876,3
2025-07-09,190,0,0,0,0.689922480620155,0.689922480620155,0
2025-07-09,191,0,1,1,1.65891472868217,0.658914728682171,1
2025-07-09,192,0,1,1,0.697674418604651,0.302325581395349,1
2025-07-09,193,1,5,4,1.24031007751938,2.75968992248062,4
2025-07-09,194,0,0,0,1.15503875968992,1.15503875968992,0
2025-07-09,195,1,0,-1,2.09302325581395,3.09302325581395,1
2025-07-09,196,3,1,-2,0.953488372093023,2.95348837209302,2
2025-07-09,197,1,1,0,1.8062015503876,1.8062015503876,0
2025-07-09,198,3,7,4,3.04651162790698,0.953488372093023,4
2025-07-09,199,1,0,-1,-0.0155038759689922,0.984496124031008,1
2025-07-09,200,0,3,3,2.31007751937985,0.689922480620155,3
2025-07-09,201,0,2,2,0.589147286821705,1.41085271317829,2
2025-07-09,202,0,4,4,3.57364341085271,0.426356589147287,4
2025-07-09,203,0,3,3,1.3953488372093,1.6046511627907,3
2025-07-09,204,0,0,0,0.0155038759689922,0.0155038759689922,0
2025-07-09,205,0,5,5,2.62790697674419,2.37209302325581,5
2025-07-09,206,0,1,1,0.193798449612403,0.806201550387597,1
2025-07-09,207,0,0,0,-0.0542635658914728,0.0542635658914728,0
2025-07-09,208,1,4,3,1.27906976744186,1.72093023255814,3
2025-07-09,209,26,43,17,8.03875968992248,8.96124031007752,17
2025-07-09,210,0,1,1,1.27131782945736,0.271317829457364,1
2025-07-09,211,61,73,12,3.75193798449612,8.24806201550388,12
2025-07-09,212,2,1,-1,0.503875968992248,1.50387596899225,1
2025-07-09,213,0,2,2,1.29457364341085,0.705426356589147,2
2025-07-09,214,0,0,0,0.147286821705426,0.147286821705426,0
2025-07-09,215,2,1,-1,1.75968992248062,2.75968992248062,1
2025-07-09,216,2,10,8,5.67441860465116,2.32558139534884,8
2025-07-09,217,0,2,2,2.6046511627907,0.604651162790698,2
2025-07-09,218,1,6,5,2.7906976744186,2.2093023255814,5
2025-07-09,219,0,1,1,2.43410852713178,1.43410852713178,1
2025-07-09,220,0,2,2,2.24031007751938,0.24031007751938,2
2025-07-09,221,0,0,0,0.13953488372093,0.13953488372093,0
2025-07-09,222,0,2,2,0.883720930232558,1.11627906976744,2
2025-07-09,223,5,3,-2,5.72093023255814,7.72093023255814,2
2025-07-09,224,8,39,31,22.8759689922481,8.12403100775193,31
2025-07-09,225,3,12,9,4.31007751937984,4.68992248062016,9
2025-07-09,226,4,9,5,1.68217054263566,3.31782945736434,5
2025-07-09,227,1,0,-1,1.09302325581395,2.09302325581395,1
2025-07-09,228,2,3,1,1.94573643410853,0.945736434108527,1
2025-07-09,229,174,174,0,36.4961240310078,36.4961240310078,0
2025-07-09,230,336,345,9,84.7286821705426,75.7286821705426,9
2025-07-09,231,153,161,8,4.27131782945736,3.72868217054264,8
2025-07-09,232,6,44,38,33.5503875968992,4.44961240310077,38
2025-07-09,233,131,116,-15,-1.31007751937985,13.6899224806202,15
2025-07-09,234,306,278,-28,-42.6899224806202,14.6899224806202,28
2025-07-09,235,0,4,4,1.29457364341085,2.70542635658915,4
2025-07-09,236,310,385,75,43.5891472868217,31.4108527131783,75
2025-07-09,237,413,442,29,-6.51937984496124,35.5193798449612,29
2025-07-09,238,132,151,19,43.3798449612403,24.3798449612403,19
2025-07-09,239,197,277,80,72.8139534883721,7.18604651162791,80
2025-07-09,240,0,0,0,0.286821705426357,0.286821705426357,0
2025-07-09,241,0,0,0,1.09302325581395,1.09302325581395,0
2025-07-09,242,0,1,1,0.472868217054264,0.527131782945736,1
2025-07-09,243,0,17,17,11.6744186046512,5.32558139534884,17
2025-07-09,244,10,15,5,12.6666666666667,7.66666666666667,5
2025-07-09,245,0,0,0,0.0852713178294573,0.0852713178294573,0
2025-07-09,246,194,192,-2,-22.5116279069767,20.5116279069767,2
2025-07-09,247,0,8,8,3.26356589147287,4.73643410852713,8
2025-07-09,248,0,1,1,0.689922480620155,0.310077519379845,1
2025-07-09,249,127,178,51,70.3798449612403,19.3798449612403,51
2025-07-09,250,0,1,1,0.387596899224806,0.612403100775194,1
2025-07-09,251,0,0,0,0.116279069767442,0.116279069767442,0
2025-07-09,252,0,2,2,1.18604651162791,0.813953488372093,2
2025-07-09,253,0,0,0,0.10077519379845,0.10077519379845,0
2025-07-09,254,0,2,2,1.35658914728682,0.643410852713178,2
2025-07-09,255,4,25,21,15.5736434108527,5.42635658914729,21
2025-07-09,256,1,11,10,12.046511627907,2.04651162790698,10
2025-07-09,257,0,0,0,2.90697674418605,2.90697674418605,0
2025-07-09,258,0,4,4,1.78294573643411,2.21705426356589,4
2025-07-09,259,1,1,0,1.04651162790698,1.04651162790698,0
2025-07-09,260,2,3,1,2.10077519379845,1.10077519379845,1
2025-07-09,261,55,26,-29,-22.922480620155,6.07751937984496,29
2025-07-09,262,95,135,40,41.2945736434108,1.29457364341085,40
2025-07-09,263,125,197,72,68.4341085271318,3.56589147286822,72
2025-07-10,1,0,13,13,16.6976744186047,3.69767441860465,13
2025-07-10,2,0,0,0,0.0310077519379844,0.0310077519379844,0
2025-07-10,3,0,3,3,0.682170542635659,2.31782945736434,3
2025-07-10,4,6,33,27,26.8217054263566,0.178294573643409,27
2025-07-10,5,0,0,0,0.0232558139534883,0.0232558139534883,0
2025-07-10,6,0,0,0,0.131782945736434,0.131782945736434,0
2025-07-10,7,5,11,6,9.62790697674418,3.62790697674418,6
2025-07-10,8,0,0,0,0.0465116279069767,0.0465116279069767,0
2025-07-10,9,0,1,1,0.527131782945736,0.472868217054264,1
2025-07-10,10,2,10,8,6.08527131782946,1.91472868217054,8
2025-07-10,11,0,1,1,0.488372093023256,0.511627906976744,1
2025-07-10,12,5,1,-4,-0.48062015503876,3.51937984496124,4
2025-07-10,13,87,41,-46,-33.9457364341085,12.0542635658915,46
2025-07-10,14,1,4,3,4.67441860465116,1.67441860465116,3
2025-07-10,15,0,3,3,0.914728682170543,2.08527131782946,3
2025-07-10,16,0,1,1,1.10077519379845,0.10077519379845,1
2025-07-10,17,1,8,7,4.49612403100775,2.50387596899225,7
2025-07-10,18,0,2,2,1.15503875968992,0.844961240310078,2
2025-07-10,19,0,0,0,0.945736434108527,0.945736434108527,0
2025-07-10,20,0,0,0,0.612403100775194,0.612403100775194,0
2025-07-10,21,1,1,0,0.930232558139535,0.930232558139535,0
2025-07-10,22,0,1,1,1.2015503875969,0.201550387596899,1
2025-07-10,23,0,0,0,0.155038759689922,0.155038759689922,0
2025-07-10,24,19,28,9,9.77519379844961,0.775193798449612,9
2025-07-10,25,7,15,8,8.10852713178295,0.108527131782946,8
2025-07-10,26,1,1,0,2.16279069767442,2.16279069767442,0
2025-07-10,27,0,0,0,0.108527131782946,0.108527131782946,0
2025-07-10,28,1,4,3,1.65891472868217,1.34108527131783,3
2025-07-10,29,0,1,1,0.86046511627907,0.13953488372093,1
2025-07-10,30,0,0,0,0.0620155038759689,0.0620155038759689,0
2025-07-10,31,0,2,2,0.193798449612403,1.8062015503876,2
2025-07-10,32,1,3,2,0.713178294573643,1.28682170542636,2
2025-07-10,33,4,25,21,15.2170542635659,5.78294573643411,21
2025-07-10,34,1,3,2,-0.155038759689922,2.15503875968992,2
2025-07-10,35,1,4,3,2.22480620155039,0.775193798449612,3
2025-07-10,36,0,1,1,3.65116279069767,2.65116279069767,1
2025-07-10,37,5,4,-1,5.1937984496124,6.1937984496124,1
2025-07-10,38,0,0,0,1.37984496124031,1.37984496124031,0
2025-07-10,39,3,1,-2,3.75193798449612,5.75193798449612,2
2025-07-10,40,3,6,3,6.83720930232558,3.83720930232558,3
2025-07-10,41,22,49,27,26.0232558139535,0.976744186046513,27
2025-07-10,42,19,34,15,24.4108527131783,9.41085271317829,15
2025-07-10,43,108,75,-33,-17.3720930232558,15.6279069767442,33
2025-07-10,44,0,0,0,0.0077519379844961,0.0077519379844961,0
2025-07-10,45,18,29,11,12.4806201550388,1.48062015503876,11
2025-07-10,46,0,0,0,0.155038759689922,0.155038759689922,0
2025-07-10,47,0,2,2,0.844961240310077,1.15503875968992,2
2025-07-10,48,136,241,105,70.3565891472868,34.6434108527132,105
2025-07-10,49,3,5,2,7.2015503875969,5.2015503875969,2
2025-07-10,50,47,88,41,47.2790697674419,6.27906976744186,41
2025-07-10,51,1,3,2,2.35658914728682,0.356589147286822,2
2025-07-10,52,2,4,2,4.28682170542636,2.28682170542636,2
2025-07-10,53,0,0,0,0.697674418604651,0.697674418604651,0
2025-07-10,54,1,2,1,1.87596899224806,0.875968992248062,1
2025-07-10,55,1,6,5,1.85271317829457,3.14728682170543,5
2025-07-10,56,0,2,2,1.47286821705426,0.527131782945736,2
2025-07-10,57,0,0,0,0.0852713178294573,0.0852713178294573,0
2025-07-10,58,0,0,0,0.224806201550388,0.224806201550388,0
2025-07-10,59,0,0,0,0.0310077519379844,0.0310077519379844,0
2025-07-10,60,0,1,1,0.48062015503876,0.51937984496124,1
2025-07-10,61,5,17,12,7.2093023255814,4.7906976744186,12
2025-07-10,62,2,8,6,2.24031007751938,3.75968992248062,6
2025-07-10,63,0,3,3,1.61240310077519,1.38759689922481,3
2025-07-10,64,0,1,1,0.922480620155039,0.0775193798449612,1
2025-07-10,65,10,9,-1,1.81395348837209,2.81395348837209,1
2025-07-10,66,3,16,13,5.24031007751938,7.75968992248062,13
2025-07-10,67,0,1,1,0.813953488372093,0.186046511627907,1
2025-07-10,68,250,156,-94,-48.1937984496124,45.8062015503876,94
2025-07-10,69,1,4,3,2.05426356589147,0.945736434108527,3
2025-07-10,70,10,8,-2,-17.8604651162791,15.8604651162791,2
2025-07-10,71,0,3,3,1.93023255813953,1.06976744186047,3
2025-07-10,72,0,3,3,1.74418604651163,1.25581395348837,3
2025-07-10,73,0,1,1,0.457364341085271,0.542635658914729,1
2025-07-10,74,16,63,47,35.6821705426357,11.3178294573643,47
2025-07-10,75,54,58,4,29.7131782945736,25.7131782945736,4
2025-07-10,76,5,15,10,4.68217054263566,5.31782945736434,10
2025-07-10,77,0,0,0,1.08527131782946,1.08527131782946,0
2025-07-10,78,0,2,2,0.837209302325581,1.16279069767442,2
2025-07-10,79,102,201,99,82.2248062015504,16.7751937984496,99
2025-07-10,80,2,7,5,5.65891472868217,0.658914728682171,5
2025-07-10,81,0,2,2,0.720930232558139,1.27906976744186,2
2025-07-10,82,1,3,2,1,1,2
2025-07-10,83,1,2,1,1.15503875968992,0.155038759689922,1
2025-07-10,84,0,0,0,0.0542635658914728,0.0542635658914728,0
2025-07-10,85,0,6,6,1.2093023255814,4.7906976744186,6
2025-07-10,86,0,3,3,2.03100775193798,0.968992248062015,3
2025-07-10,87,59,77,18,5.10852713178295,12.8914728682171,18
2025-07-10,88,40,30,-10,-2.41085271317829,7.58914728682171,10
2025-07-10,89,2,10,8,4.56589147286822,3.43410852713178,8
2025-07-10,90,112,96,-16,-10.8992248062016,5.10077519379845,16
2025-07-10,91,1,2,1,2.4031007751938,1.4031007751938,1
2025-07-10,92,2,1,-1,3.90697674418605,4.90697674418605,1
2025-07-10,93,2,3,1,1.93023255813953,0.930232558139535,1
2025-07-10,94,0,0,0,0.395348837209302,0.395348837209302,0
2025-07-10,95,1,10,9,6.0077519379845,2.9922480620155,9
2025-07-10,96,0,0,0,0.155038759689922,0.155038759689922,0
2025-07-10,97,8,16,8,4.94573643410853,3.05426356589147,8
2025-07-10,98,0,2,2,1.51937984496124,0.48062015503876,2
2025-07-10,99,0,0,0,0,0,0
2025-07-10,100,141,111,-30,-24.2713178294574,5.72868217054264,30
2025-07-10,101,0,0,0,0.565891472868217,0.565891472868217,0
2025-07-10,102,0,5,5,1.48062015503876,3.51937984496124,5
2025-07-10,105,0,0,0,0,0,0
2025-07-10,106,2,2,0,1.85271317829457,1.85271317829457,0
2025-07-10,107,133,154,21,21.6666666666667,0.666666666666668,21
2025-07-10,108,0,0,0,0.945736434108527,0.945736434108527,0
2025-07-10,109,0,0,0,0.0697674418604651,0.0697674418604651,0
2025-07-10,110,0,0,0,0,0,0
2025-07-10,111,0,0,0,0.0310077519379844,0.0310077519379844,0
2025-07-10,112,5,16,11,16.2790697674419,5.27906976744186,11
2025-07-10,113,96,106,10,13.2558139534884,3.25581395348837,10
2025-07-10,114,74,94,20,24.5658914728682,4.56589147286822,20
2025-07-10,115,0,0,0,0.116279069767442,0.116279069767442,0
2025-07-10,116,7,33,26,12.2015503875969,13.7984496124031,26
2025-07-10,117,1,1,0,1.1937984496124,1.1937984496124,0
2025-07-10,118,0,0,0,0.13953488372093,0.13953488372093,0
2025-07-10,119,0,5,5,1.86046511627907,3.13953488372093,5
2025-07-10,120,0,0,0,0.426356589147287,0.426356589147287,0
2025-07-10,121,1,2,1,1.42635658914729,0.426356589147287,1
2025-07-10,122,0,0,0,0.589147286821705,0.589147286821705,0
2025-07-10,123,0,1,1,1.13178294573643,0.131782945736434,1
2025-07-10,124,0,1,1,1.77519379844961,0.775193798449612,1
2025-07-10,125,37,29,-8,-2.09302325581395,5.90697674418605,8
2025-07-10,126,0,4,4,0.294573643410853,3.70542635658915,4
2025-07-10,127,1,2,1,4.92248062015504,3.92248062015504,1
2025-07-10,128,0,1,1,0.472868217054264,0.527131782945736,1
2025-07-10,129,3,7,4,4.51162790697674,0.511627906976744,4
2025-07-10,130,3,3,0,0.403100775193798,0.403100775193798,0
2025-07-10,131,0,3,3,1.41860465116279,1.58139534883721,3
2025-07-10,132,360,67,-293,-215.976744186046,77.0232558139535,293
2025-07-10,133,2,4,2,1.75193798449612,0.248062015503876,2
2025-07-10,134,1,1,0,1.07751937984496,1.07751937984496,0
2025-07-10,135,0,4,4,1.85271317829457,2.14728682170543,4
2025-07-10,136,1,1,0,0.782945736434108,0.782945736434108,0
2025-07-10,137,86,82,-4,-9.26356589147287,5.26356589147287,4
2025-07-10,138,222,86,-136,-143.744186046512,7.74418604651163,136
2025-07-10,139,0,1,1,1.37209302325581,0.372093023255814,1
2025-07-10,140,163,114,-49,-33.1860465116279,15.8139534883721,49
2025-07-10,141,160,205,45,61.1472868217054,16.1472868217054,45
2025-07-10,142,181,239,58,62.8759689922481,4.87596899224806,58
2025-07-10,143,67,115,48,53.1627906976744,5.16279069767442,48
2025-07-10,144,93,68,-25,-2.15503875968992,22.8449612403101,25
2025-07-10,145,9,24,15,9.4031007751938,5.5968992248062,15
2025-07-10,146,6,8,2,0.720930232558139,1.27906976744186,2
2025-07-10,147,0,0,0,0.294573643410853,0.294573643410853,0
2025-07-10,148,45,110,65,54.4031007751938,10.5968992248062,65
2025-07-10,149,0,1,1,1.38759689922481,0.387596899224806,1
2025-07-10,150,1,0,-1,0.51937984496124,1.51937984496124,1
2025-07-10,151,64,55,-9,13,22,9
2025-07-10,152,9,4,-5,2.86821705426357,7.86821705426357,5
2025-07-10,153,0,0,0,0.170542635658915,0.170542635658915,0
2025-07-10,154,0,4,4,0.527131782945736,3.47286821705426,4
2025-07-10,155,0,1,1,1.44186046511628,0.441860465116279,1
2025-07-10,156,0,0,0,0.0542635658914728,0.0542635658914728,0
2025-07-10,157,0,4,4,2,2,4
2025-07-10,158,53,90,37,47.8139534883721,10.8139534883721,37
2025-07-10,159,0,5,5,0.395348837209302,4.6046511627907,5
2025-07-10,160,1,2,1,1.89922480620155,0.89922480620155,1
2025-07-10,161,516,287,-229,-286.294573643411,57.2945736434108,229
2025-07-10,162,417,201,-216,-210.364341085271,5.63565891472871,216
2025-07-10,163,250,176,-74,-106.403100775194,32.4031007751938,74
2025-07-10,164,203,172,-31,-25.4418604651163,5.55813953488372,31
2025-07-10,165,1,2,1,1.55038759689922,0.550387596899225,1
2025-07-10,166,33,39,6,7.13178294573643,1.13178294573643,6
2025-07-10,167,0,1,1,1.41860465116279,0.418604651162791,1
2025-07-10,168,2,3,1,2.56589147286822,1.56589147286822,1
2025-07-10,169,0,1,1,1.16279069767442,0.162790697674419,1
2025-07-10,170,281,240,-41,-46.6666666666667,5.66666666666666,41
2025-07-10,171,0,3,3,1.55813953488372,1.44186046511628,3
2025-07-10,172,0,0,0,0.0542635658914728,0.0542635658914728,0
2025-07-10,173,0,0,0,0.775193798449612,0.775193798449612,0
2025-07-10,174,0,1,1,0.573643410852713,0.426356589147287,1
2025-07-10,175,0,0,0,0.767441860465116,0.767441860465116,0
2025-07-10,176,0,0,0,0.0465116279069767,0.0465116279069767,0
2025-07-10,177,0,3,3,1.51162790697674,1.48837209302326,3
2025-07-10,178,0,0,0,0.829457364341085,0.829457364341085,0
2025-07-10,179,0,6,6,3.2015503875969,2.7984496124031,6
2025-07-10,180,0,3,3,0.875968992248062,2.12403100775194,3
2025-07-10,181,3,16,13,16.6744186046512,3.67441860465116,13
2025-07-10,182,1,4,3,1.69767441860465,1.30232558139535,3
2025-07-10,183,0,1,1,0.426356589147287,0.573643410852713,1
2025-07-10,184,0,0,0,0.0155038759689922,0.0155038759689922,0
2025-07-10,185,0,2,2,1.06201550387597,0.937984496124031,2
2025-07-10,186,238,167,-71,-50.8217054263566,20.1782945736434,71
2025-07-10,187,0,0,0,0.0775193798449612,0.0775193798449612,0
2025-07-10,188,1,6,5,2.85271317829457,2.14728682170543,5
2025-07-10,189,0,6,6,4.48062015503876,1.51937984496124,6
2025-07-10,190,0,0,0,0.689922480620155,0.689922480620155,0
2025-07-10,191,0,0,0,1.65891472868217,1.65891472868217,0
2025-07-10,192,0,1,1,0.697674418604651,0.302325581395349,1
2025-07-10,193,1,7,6,1.24031007751938,4.75968992248062,6
2025-07-10,194,0,2,2,1.15503875968992,0.844961240310078,2
2025-07-10,195,2,5,3,2.09302325581395,0.906976744186046,3
2025-07-10,196,1,3,2,0.953488372093023,1.04651162790698,2
2025-07-10,197,1,2,1,1.8062015503876,0.806201550387597,1
2025-07-10,198,0,7,7,3.04651162790698,3.95348837209302,7
2025-07-10,199,0,0,0,-0.0155038759689922,0.0155038759689922,0
2025-07-10,200,0,5,5,2.31007751937985,2.68992248062015,5
2025-07-10,201,0,2,2,0.589147286821705,1.41085271317829,2
2025-07-10,202,1,6,5,3.57364341085271,1.42635658914729,5
2025-07-10,203,1,4,3,1.3953488372093,1.6046511627907,3
2025-07-10,204,0,0,0,0.0155038759689922,0.0155038759689922,0
2025-07-10,205,1,1,0,2.62790697674419,2.62790697674419,0
2025-07-10,206,0,0,0,0.193798449612403,0.193798449612403,0
2025-07-10,207,0,0,0,-0.0542635658914728,0.0542635658914728,0
2025-07-10,208,0,1,1,1.27906976744186,0.27906976744186,1
2025-07-10,209,17,26,9,8.03875968992248,0.961240310077519,9
2025-07-10,210,0,3,3,1.27131782945736,1.72868217054264,3
2025-07-10,211,74,77,3,3.75193798449612,0.751937984496124,3
2025-07-10,212,0,0,0,0.503875968992248,0.503875968992248,0
2025-07-10,213,1,2,1,1.29457364341085,0.294573643410853,1
2025-07-10,214,0,0,0,0.147286821705426,0.147286821705426,0
2025-07-10,215,2,2,0,1.75968992248062,1.75968992248062,0
2025-07-10,216,1,8,7,5.67441860465116,1.32558139534884,7
2025-07-10,217,0,5,5,2.6046511627907,2.3953488372093,5
2025-07-10,218,0,5,5,2.7906976744186,2.2093023255814,5
2025-07-10,219,1,5,4,2.43410852713178,1.56589147286822,4
2025-07-10,220,0,3,3,2.24031007751938,0.75968992248062,3
2025-07-10,221,0,0,0,0.13953488372093,0.13953488372093,0
2025-07-10,222,0,1,1,0.883720930232558,0.116279069767442,1
2025-07-10,223,1,5,4,5.72093023255814,1.72093023255814,4
2025-07-10,224,7,28,21,22.8759689922481,1.87596899224807,21
2025-07-10,225,1,11,10,4.31007751937984,5.68992248062016,10
2025-07-10,226,5,14,9,1.68217054263566,7.31782945736434,9
2025-07-10,227,0,1,1,1.09302325581395,0.0930232558139534,1
2025-07-10,228,0,1,1,1.94573643410853,0.945736434108527,1
2025-07-10,229,149,194,45,36.4961240310078,8.50387596899225,45
2025-07-10,230,256,377,121,84.7286821705426,36.2713178294574,121
2025-07-10,231,141,136,-5,4.27131782945736,9.27131782945736,5
2025-07-10,232,6,51,45,33.5503875968992,11.4496124031008,45
2025-07-10,233,128,94,-34,-1.31007751937985,32.6899224806202,34
2025-07-10,234,263,201,-62,-42.6899224806202,19.3100775193798,62
2025-07-10,235,0,5,5,1.29457364341085,3.70542635658915,5
2025-07-10,236,255,315,60,43.5891472868217,16.4108527131783,60
2025-07-10,237,370,307,-63,-6.51937984496124,56.4806201550388,63
2025-07-10,238,119,173,54,43.3798449612403,10.6201550387597,54
2025-07-10,239,167,216,49,72.8139534883721,23.8139534883721,49
2025-07-10,240,0,1,1,0.286821705426357,0.713178294573643,1
2025-07-10,241,0,1,1,1.09302325581395,0.0930232558139534,1
2025-07-10,242,0,1,1,0.472868217054264,0.527131782945736,1
2025-07-10,243,4,12,8,11.6744186046512,3.67441860465116,8
2025-07-10,244,8,14,6,12.6666666666667,6.66666666666667,6
2025-07-10,245,0,0,0,0.0852713178294573,0.0852713178294573,0
2025-07-10,246,176,180,4,-22.5116279069767,26.5116279069767,4
2025-07-10,247,1,17,16,3.26356589147287,12.7364341085271,16
2025-07-10,248,0,0,0,0.689922480620155,0.689922480620155,0
2025-07-10,249,103,177,74,70.3798449612403,3.62015503875969,74
2025-07-10,250,0,0,0,0.387596899224806,0.387596899224806,0
2025-07-10,251,0,1,1,0.116279069767442,0.883720930232558,1
2025-07-10,252,0,2,2,1.18604651162791,0.813953488372093,2
2025-07-10,253,0,0,0,0.10077519379845,0.10077519379845,0
2025-07-10,254,0,2,2,1.35658914728682,0.643410852713178,2
2025-07-10,255,2,27,25,15.5736434108527,9.42635658914729,25
2025-07-10,256,1,17,16,12.046511627907,3.95348837209302,16
2025-07-10,257,0,0,0,2.90697674418605,2.90697674418605,0
2025-07-10,258,0,4,4,1.78294573643411,2.21705426356589,4
2025-07-10,259,1,3,2,1.04651162790698,0.953488372093023,2
2025-07-10,260,4,1,-3,2.10077519379845,5.10077519379845,3
2025-07-10,261,53,26,-27,-22.922480620155,4.07751937984496,27
2025-07-10,262,74,112,38,41.2945736434108,3.29457364341085,38
2025-07-10,263,115,165,50,68.4341085271318,18.4341085271318,50
2025-07-11,1,0,12,12,16.6976744186047,4.69767441860465,12
2025-07-11,2,0,0,0,0.0310077519379844,0.0310077519379844,0
2025-07-11,3,1,0,-1,0.682170542635659,1.68217054263566,1
2025-07-11,4,14,34,20,26.8217054263566,6.82170542635659,20
2025-07-11,5,0,0,0,0.0232558139534883,0.0232558139534883,0
2025-07-11,6,0,0,0,0.131782945736434,0.131782945736434,0
2025-07-11,7,10,18,8,9.62790697674418,1.62790697674418,8
2025-07-11,8,0,1,1,0.0465116279069767,0.953488372093023,1
2025-07-11,9,0,0,0,0.527131782945736,0.527131782945736,0
2025-07-11,10,1,11,10,6.08527131782946,3.91472868217054,10
2025-07-11,11,0,0,0,0.488372093023256,0.488372093023256,0
2025-07-11,12,8,3,-5,-0.48062015503876,4.51937984496124,5
2025-07-11,13,81,40,-41,-33.9457364341085,7.05426356589147,41
2025-07-11,14,4,5,1,4.67441860465116,3.67441860465116,1
2025-07-11,15,0,1,1,0.914728682170543,0.0852713178294574,1
2025-07-11,16,0,2,2,1.10077519379845,0.89922480620155,2
2025-07-11,17,3,10,7,4.49612403100775,2.50387596899225,7
2025-07-11,18,0,3,3,1.15503875968992,1.84496124031008,3
2025-07-11,19,0,3,3,0.945736434108527,2.05426356589147,3
2025-07-11,20,0,0,0,0.612403100775194,0.612403100775194,0
2025-07-11,21,0,1,1,0.930232558139535,0.0697674418604652,1
2025-07-11,22,0,1,1,1.2015503875969,0.201550387596899,1
2025-07-11,23,0,0,0,0.155038759689922,0.155038759689922,0
2025-07-11,24,13,26,13,9.77519379844961,3.22480620155039,13
2025-07-11,25,3,10,7,8.10852713178295,1.10852713178295,7
2025-07-11,26,0,1,1,2.16279069767442,1.16279069767442,1
2025-07-11,27,0,0,0,0.108527131782946,0.108527131782946,0
2025-07-11,28,0,1,1,1.65891472868217,0.658914728682171,1
2025-07-11,29,1,6,5,0.86046511627907,4.13953488372093,5
2025-07-11,30,0,0,0,0.0620155038759689,0.0620155038759689,0
2025-07-11,31,0,0,0,0.193798449612403,0.193798449612403,0
2025-07-11,32,0,1,1,0.713178294573643,0.286821705426357,1
2025-07-11,33,7,29,22,15.2170542635659,6.78294573643411,22
2025-07-11,34,0,0,0,-0.155038759689922,0.155038759689922,0
2025-07-11,35,2,10,8,2.22480620155039,5.77519379844961,8
2025-07-11,36,2,8,6,3.65116279069767,2.34883720930233,6
2025-07-11,37,3,5,2,5.1937984496124,3.1937984496124,2
2025-07-11,38,0,1,1,1.37984496124031,0.37984496124031,1
2025-07-11,39,5,9,4,3.75193798449612,0.248062015503876,4
2025-07-11,40,0,8,8,6.83720930232558,1.16279069767442,8
2025-07-11,41,27,60,33,26.0232558139535,6.97674418604651,33
2025-07-11,42,20,34,14,24.4108527131783,10.4108527131783,14
2025-07-11,43,126,106,-20,-17.3720930232558,2.62790697674419,20
2025-07-11,44,0,0,0,0.0077519379844961,0.0077519379844961,0
2025-07-11,45,22,34,12,12.4806201550388,0.480620155038761,12
2025-07-11,46,0,0,0,0.155038759689922,0.155038759689922,0
2025-07-11,47,0,6,6,0.844961240310077,5.15503875968992,6
2025-07-11,48,162,240,78,70.3565891472868,7.64341085271317,78
2025-07-11,49,8,14,6,7.2015503875969,1.2015503875969,6
2025-07-11,50,46,84,38,47.2790697674419,9.27906976744186,38
2025-07-11,51,1,0,-1,2.35658914728682,3.35658914728682,1
2025-07-11,52,1,6,5,4.28682170542636,0.713178294573644,5
2025-07-11,53,0,1,1,0.697674418604651,0.302325581395349,1
2025-07-11,54,0,5,5,1.87596899224806,3.12403100775194,5
2025-07-11,55,2,9,7,1.85271317829457,5.14728682170543,7
2025-07-11,56,1,0,-1,1.47286821705426,2.47286821705426,1
2025-07-11,57,0,0,0,0.0852713178294573,0.0852713178294573,0
2025-07-11,58,0,0,0,0.224806201550388,0.224806201550388,0
2025-07-11,59,0,0,0,0.0310077519379844,0.0310077519379844,0
2025-07-11,60,0,1,1,0.48062015503876,0.51937984496124,1
2025-07-11,61,11,10,-1,7.2093023255814,8.2093023255814,1
2025-07-11,62,2,3,1,2.24031007751938,1.24031007751938,1
2025-07-11,63,2,3,1,1.61240310077519,0.612403100775194,1
2025-07-11,64,0,1,1,0.922480620155039,0.0775193798449612,1
2025-07-11,65,8,7,-1,1.81395348837209,2.81395348837209,1
2025-07-11,66,7,17,10,5.24031007751938,4.75968992248062,10
2025-07-11,67,1,0,-1,0.813953488372093,1.81395348837209,1
2025-07-11,68,237,156,-81,-48.1937984496124,32.8062015503876,81
2025-07-11,69,1,7,6,2.05426356589147,3.94573643410853,6
2025-07-11,70,24,7,-17,-17.8604651162791,0.86046511627907,17
2025-07-11,71,3,3,0,1.93023255813953,1.93023255813953,0
2025-07-11,72,5,7,2,1.74418604651163,0.255813953488372,2
2025-07-11,73,0,1,1,0.457364341085271,0.542635658914729,1
2025-07-11,74,26,66,40,35.6821705426357,4.31782945736434,40
2025-07-11,75,35,70,35,29.7131782945736,5.28682170542636,35
2025-07-11,76,4,14,10,4.68217054263566,5.31782945736434,10
2025-07-11,77,1,1,0,1.08527131782946,1.08527131782946,0
2025-07-11,78,1,2,1,0.837209302325581,0.162790697674419,1
2025-07-11,79,131,220,89,82.2248062015504,6.77519379844961,89
2025-07-11,80,3,12,9,5.65891472868217,3.34108527131783,9
2025-07-11,81,0,0,0,0.720930232558139,0.720930232558139,0
2025-07-11,82,2,5,3,1,2,3
2025-07-11,83,2,4,2,1.15503875968992,0.844961240310078,2
2025-07-11,84,0,0,0,0.0542635658914728,0.0542635658914728,0
2025-07-11,85,2,1,-1,1.2093023255814,2.2093023255814,1
2025-07-11,86,0,1,1,2.03100775193798,1.03100775193798,1
2025-07-11,87,60,64,4,5.10852713178295,1.10852713178295,4
2025-07-11,88,43,23,-20,-2.41085271317829,17.5891472868217,20
2025-07-11,89,3,8,5,4.56589147286822,0.434108527131783,5
2025-07-11,90,124,102,-22,-10.8992248062016,11.1007751937984,22
2025-07-11,91,1,4,3,2.4031007751938,0.596899224806202,3
2025-07-11,92,1,6,5,3.90697674418605,1.09302325581395,5
2025-07-11,93,1,10,9,1.93023255813953,7.06976744186047,9
2025-07-11,94,0,0,0,0.395348837209302,0.395348837209302,0
2025-07-11,95,0,9,9,6.0077519379845,2.9922480620155,9
2025-07-11,96,0,1,1,0.155038759689922,0.844961240310078,1
2025-07-11,97,16,22,6,4.94573643410853,1.05426356589147,6
2025-07-11,98,0,1,1,1.51937984496124,0.51937984496124,1
2025-07-11,99,0,0,0,0,0,0
2025-07-11,100,112,119,7,-24.2713178294574,31.2713178294574,7
2025-07-11,101,0,0,0,0.565891472868217,0.565891472868217,0
2025-07-11,102,1,1,0,1.48062015503876,1.48062015503876,0
2025-07-11,105,0,0,0,0,0,0
2025-07-11,106,1,2,1,1.85271317829457,0.852713178294574,1
2025-07-11,107,145,129,-16,21.6666666666667,37.6666666666667,16
2025-07-11,108,0,0,0,0.945736434108527,0.945736434108527,0
2025-07-11,109,0,0,0,0.0697674418604651,0.0697674418604651,0
2025-07-11,110,0,0,0,0,0,0
2025-07-11,111,0,1,1,0.0310077519379844,0.968992248062016,1
2025-07-11,112,7,31,24,16.2790697674419,7.72093023255814,24
2025-07-11,113,105,89,-16,13.2558139534884,29.2558139534884,16
2025-07-11,114,78,85,7,24.5658914728682,17.5658914728682,7
2025-07-11,115,0,0,0,0.116279069767442,0.116279069767442,0
2025-07-11,116,4,25,21,12.2015503875969,8.7984496124031,21
2025-07-11,117,0,0,0,1.1937984496124,1.1937984496124,0
2025-07-11,118,1,0,-1,0.13953488372093,1.13953488372093,1
2025-07-11,119,0,8,8,1.86046511627907,6.13953488372093,8
2025-07-11,120,0,0,0,0.426356589147287,0.426356589147287,0
2025-07-11,121,0,3,3,1.42635658914729,1.57364341085271,3
2025-07-11,122,0,2,2,0.589147286821705,1.41085271317829,2
2025-07-11,123,1,6,5,1.13178294573643,3.86821705426357,5
2025-07-11,124,0,9,9,1.77519379844961,7.22480620155039,9
2025-07-11,125,52,46,-6,-2.09302325581395,3.90697674418605,6
2025-07-11,126,1,0,-1,0.294573643410853,1.29457364341085,1
2025-07-11,127,2,11,9,4.92248062015504,4.07751937984496,9
2025-07-11,128,0,1,1,0.472868217054264,0.527131782945736,1
2025-07-11,129,5,7,2,4.51162790697674,2.51162790697674,2
2025-07-11,130,3,5,2,0.403100775193798,1.5968992248062,2
2025-07-11,131,0,2,2,1.41860465116279,0.581395348837209,2
2025-07-11,132,289,65,-224,-215.976744186046,8.02325581395351,224
2025-07-11,133,0,3,3,1.75193798449612,1.24806201550388,3
2025-07-11,134,1,4,3,1.07751937984496,1.92248062015504,3
2025-07-11,135,0,0,0,1.85271317829457,1.85271317829457,0
2025-07-11,136,1,1,0,0.782945736434108,0.782945736434108,0
2025-07-11,137,88,83,-5,-9.26356589147287,4.26356589147287,5
2025-07-11,138,205,45,-160,-143.744186046512,16.2558139534884,160
2025-07-11,139,0,2,2,1.37209302325581,0.627906976744186,2
2025-07-11,140,149,99,-50,-33.1860465116279,16.8139534883721,50
2025-07-11,141,188,192,4,61.1472868217054,57.1472868217054,4
2025-07-11,142,192,237,45,62.8759689922481,17.8759689922481,45
2025-07-11,143,75,104,29,53.1627906976744,24.1627906976744,29
2025-07-11,144,75,71,-4,-2.15503875968992,1.84496124031008,4
2025-07-11,145,7,28,21,9.4031007751938,11.5968992248062,21
2025-07-11,146,11,4,-7,0.720930232558139,7.72093023255814,7
2025-07-11,147,1,2,1,0.294573643410853,0.705426356589147,1
2025-07-11,148,59,127,68,54.4031007751938,13.5968992248062,68
2025-07-11,149,2,0,-2,1.38759689922481,3.38759689922481,2
2025-07-11,150,0,1,1,0.51937984496124,0.48062015503876,1
2025-07-11,151,69,51,-18,13,31,18
2025-07-11,152,6,8,2,2.86821705426357,0.868217054263566,2
2025-07-11,153,0,1,1,0.170542635658915,0.829457364341085,1
2025-07-11,154,2,0,-2,0.527131782945736,2.52713178294574,2
2025-07-11,155,0,1,1,1.44186046511628,0.441860465116279,1
2025-07-11,156,0,0,0,0.0542635658914728,0.0542635658914728,0
2025-07-11,157,2,2,0,2,2,0
2025-07-11,158,63,91,28,47.8139534883721,19.8139534883721,28
2025-07-11,159,2,4,2,0.395348837209302,1.6046511627907,2
2025-07-11,160,2,5,3,1.89922480620155,1.10077519379845,3
2025-07-11,161,359,229,-130,-286.294573643411,156.294573643411,130
2025-07-11,162,310,185,-125,-210.364341085271,85.3643410852713,125
2025-07-11,163,210,143,-67,-106.403100775194,39.4031007751938,67
2025-07-11,164,179,149,-30,-25.4418604651163,4.55813953488372,30
2025-07-11,165,0,1,1,1.55038759689922,0.550387596899225,1
2025-07-11,166,44,40,-4,7.13178294573643,11.1317829457364,4
2025-07-11,167,0,2,2,1.41860465116279,0.581395348837209,2
2025-07-11,168,0,7,7,2.56589147286822,4.43410852713178,7
2025-07-11,169,0,1,1,1.16279069767442,0.162790697674419,1
2025-07-11,170,241,207,-34,-46.6666666666667,12.6666666666667,34
2025-07-11,171,0,1,1,1.55813953488372,0.558139534883721,1
2025-07-11,172,0,0,0,0.0542635658914728,0.0542635658914728,0
2025-07-11,173,1,0,-1,0.775193798449612,1.77519379844961,1
2025-07-11,174,0,0,0,0.573643410852713,0.573643410852713,0
2025-07-11,175,0,0,0,0.767441860465116,0.767441860465116,0
2025-07-11,176,0,0,0,0.0465116279069767,0.0465116279069767,0
2025-07-11,177,4,2,-2,1.51162790697674,3.51162790697674,2
2025-07-11,178,1,0,-1,0.829457364341085,1.82945736434109,1
2025-07-11,179,3,3,0,3.2015503875969,3.2015503875969,0
2025-07-11,180,0,2,2,0.875968992248062,1.12403100775194,2
2025-07-11,181,4,14,10,16.6744186046512,6.67441860465116,10
2025-07-11,182,0,8,8,1.69767441860465,6.30232558139535,8
2025-07-11,183,0,3,3,0.426356589147287,2.57364341085271,3
2025-07-11,184,0,0,0,0.0155038759689922,0.0155038759689922,0
2025-07-11,185,2,5,3,1.06201550387597,1.93798449612403,3
2025-07-11,186,249,190,-59,-50.8217054263566,8.17829457364341,59
2025-07-11,187,0,0,0,0.0775193798449612,0.0775193798449612,0
2025-07-11,188,2,7,5,2.85271317829457,2.14728682170543,5
2025-07-11,189,3,5,2,4.48062015503876,2.48062015503876,2
2025-07-11,190,0,0,0,0.689922480620155,0.689922480620155,0
2025-07-11,191,1,4,3,1.65891472868217,1.34108527131783,3
2025-07-11,192,0,2,2,0.697674418604651,1.30232558139535,2
2025-07-11,193,0,3,3,1.24031007751938,1.75968992248062,3
2025-07-11,194,0,0,0,1.15503875968992,1.15503875968992,0
2025-07-11,195,1,8,7,2.09302325581395,4.90697674418605,7
2025-07-11,196,0,7,7,0.953488372093023,6.04651162790698,7
2025-07-11,197,0,3,3,1.8062015503876,1.1937984496124,3
2025-07-11,198,0,4,4,3.04651162790698,0.953488372093023,4
2025-07-11,199,0,0,0,-0.0155038759689922,0.0155038759689922,0
2025-07-11,200,0,1,1,2.31007751937985,1.31007751937985,1
2025-07-11,201,2,0,-2,0.589147286821705,2.58914728682171,2
2025-07-11,202,0,6,6,3.57364341085271,2.42635658914729,6
2025-07-11,203,0,4,4,1.3953488372093,2.6046511627907,4
2025-07-11,204,0,0,0,0.0155038759689922,0.0155038759689922,0
2025-07-11,205,0,3,3,2.62790697674419,0.372093023255814,3
2025-07-11,206,0,0,0,0.193798449612403,0.193798449612403,0
2025-07-11,207,0,0,0,-0.0542635658914728,0.0542635658914728,0
2025-07-11,208,0,0,0,1.27906976744186,1.27906976744186,0
2025-07-11,209,16,30,14,8.03875968992248,5.96124031007752,14
2025-07-11,210,0,1,1,1.27131782945736,0.271317829457364,1
2025-07-11,211,77,65,-12,3.75193798449612,15.7519379844961,12
2025-07-11,212,0,1,1,0.503875968992248,0.496124031007752,1
2025-07-11,213,0,1,1,1.29457364341085,0.294573643410853,1
2025-07-11,214,0,0,0,0.147286821705426,0.147286821705426,0
2025-07-11,215,2,3,1,1.75968992248062,0.75968992248062,1
2025-07-11,216,0,8,8,5.67441860465116,2.32558139534884,8
2025-07-11,217,2,0,-2,2.6046511627907,4.6046511627907,2
2025-07-11,218,2,1,-1,2.7906976744186,3.7906976744186,1
2025-07-11,219,1,7,6,2.43410852713178,3.56589147286822,6
2025-07-11,220,0,1,1,2.24031007751938,1.24031007751938,1
2025-07-11,221,0,1,1,0.13953488372093,0.86046511627907,1
2025-07-11,222,0,1,1,0.883720930232558,0.116279069767442,1
2025-07-11,223,3,15,12,5.72093023255814,6.27906976744186,12
2025-07-11,224,13,25,12,22.8759689922481,10.8759689922481,12
2025-07-11,225,3,16,13,4.31007751937984,8.68992248062015,13
2025-07-11,226,11,10,-1,1.68217054263566,2.68217054263566,1
2025-07-11,227,0,0,0,1.09302325581395,1.09302325581395,0
2025-07-11,228,1,9,8,1.94573643410853,6.05426356589147,8
2025-07-11,229,137,150,13,36.4961240310078,23.4961240310078,13
2025-07-11,230,213,391,178,84.7286821705426,93.2713178294574,178
2025-07-11,231,105,106,1,4.27131782945736,3.27131782945736,1
2025-07-11,232,10,47,37,33.5503875968992,3.44961240310077,37
2025-07-11,233,120,109,-11,-1.31007751937985,9.68992248062015,11
2025-07-11,234,188,161,-27,-42.6899224806202,15.6899224806202,27
2025-07-11,235,1,3,2,1.29457364341085,0.705426356589147,2
2025-07-11,236,240,240,0,43.5891472868217,43.5891472868217,0
2025-07-11,237,299,297,-2,-6.51937984496124,4.51937984496124,2
2025-07-11,238,140,120,-20,43.3798449612403,63.3798449612403,20
2025-07-11,239,158,211,53,72.8139534883721,19.8139534883721,53
2025-07-11,240,0,0,0,0.286821705426357,0.286821705426357,0
2025-07-11,241,0,3,3,1.09302325581395,1.90697674418605,3
2025-07-11,242,0,4,4,0.472868217054264,3.52713178294574,4
2025-07-11,243,4,7,3,11.6744186046512,8.67441860465116,3
2025-07-11,244,10,11,1,12.6666666666667,11.6666666666667,1
2025-07-11,245,0,0,0,0.0852713178294573,0.0852713178294573,0
2025-07-11,246,183,173,-10,-22.5116279069767,12.5116279069767,10
2025-07-11,247,3,22,19,3.26356589147287,15.7364341085271,19
2025-07-11,248,0,2,2,0.689922480620155,1.31007751937985,2
2025-07-11,249,123,189,66,70.3798449612403,4.37984496124031,66
2025-07-11,250,1,1,0,0.387596899224806,0.387596899224806,0
2025-07-11,251,0,0,0,0.116279069767442,0.116279069767442,0
2025-07-11,252,0,1,1,1.18604651162791,0.186046511627907,1
2025-07-11,253,0,0,0,0.10077519379845,0.10077519379845,0
2025-07-11,254,3,4,1,1.35658914728682,0.356589147286822,1
2025-07-11,255,5,20,15,15.5736434108527,0.573643410852712,15
2025-07-11,256,2,16,14,12.046511627907,1.95348837209302,14
2025-07-11,257,1,3,2,2.90697674418605,0.906976744186046,2
2025-07-11,258,1,3,2,1.78294573643411,0.217054263565891,2
2025-07-11,259,1,2,1,1.04651162790698,0.0465116279069768,1
2025-07-11,260,9,1,-8,2.10077519379845,10.1007751937984,8
2025-07-11,261,60,33,-27,-22.922480620155,4.07751937984496,27
2025-07-11,262,99,77,-22,41.2945736434108,63.2945736434108,22
2025-07-11,263,132,149,17,68.4341085271318,51.4341085271318,17
2025-07-14,1,0,14,14,16.6976744186047,2.69767441860465,14
2025-07-14,2,0,0,0,0.0310077519379844,0.0310077519379844,0
2025-07-14,3,0,0,0,0.682170542635659,0.682170542635659,0
2025-07-14,4,16,38,22,26.8217054263566,4.82170542635659,22
2025-07-14,5,0,0,0,0.0232558139534883,0.0232558139534883,0
2025-07-14,6,0,0,0,0.131782945736434,0.131782945736434,0
2025-07-14,7,8,25,17,9.62790697674418,7.37209302325582,17
2025-07-14,8,0,0,0,0.0465116279069767,0.0465116279069767,0
2025-07-14,9,2,7,5,0.527131782945736,4.47286821705426,5
2025-07-14,10,4,19,15,6.08527131782946,8.91472868217054,15
2025-07-14,11,0,1,1,0.488372093023256,0.511627906976744,1
2025-07-14,12,7,1,-6,-0.48062015503876,5.51937984496124,6
2025-07-14,13,70,52,-18,-33.9457364341085,15.9457364341085,18
2025-07-14,14,2,6,4,4.67441860465116,0.674418604651163,4
2025-07-14,15,0,1,1,0.914728682170543,0.0852713178294574,1
2025-07-14,16,0,0,0,1.10077519379845,1.10077519379845,0
2025-07-14,17,3,7,4,4.49612403100775,0.496124031007752,4
2025-07-14,18,0,0,0,1.15503875968992,1.15503875968992,0
2025-07-14,19,0,1,1,0.945736434108527,0.0542635658914729,1
2025-07-14,20,0,1,1,0.612403100775194,0.387596899224806,1
2025-07-14,21,0,1,1,0.930232558139535,0.0697674418604652,1
2025-07-14,22,0,2,2,1.2015503875969,0.798449612403101,2
2025-07-14,23,0,1,1,0.155038759689922,0.844961240310078,1
2025-07-14,24,21,29,8,9.77519379844961,1.77519379844961,8
2025-07-14,25,4,16,12,8.10852713178295,3.89147286821705,12
2025-07-14,26,1,1,0,2.16279069767442,2.16279069767442,0
2025-07-14,27,0,0,0,0.108527131782946,0.108527131782946,0
2025-07-14,28,2,2,0,1.65891472868217,1.65891472868217,0
2025-07-14,29,0,0,0,0.86046511627907,0.86046511627907,0
2025-07-14,30,0,0,0,0.0620155038759689,0.0620155038759689,0
2025-07-14,31,0,1,1,0.193798449612403,0.806201550387597,1
2025-07-14,32,0,2,2,0.713178294573643,1.28682170542636,2
2025-07-14,33,5,17,12,15.2170542635659,3.21705426356589,12
2025-07-14,34,2,0,-2,-0.155038759689922,1.84496124031008,2
2025-07-14,35,3,6,3,2.22480620155039,0.775193798449612,3
2025-07-14,36,3,5,2,3.65116279069767,1.65116279069767,2
2025-07-14,37,1,11,10,5.1937984496124,4.8062015503876,10
2025-07-14,38,0,2,2,1.37984496124031,0.62015503875969,2
2025-07-14,39,3,6,3,3.75193798449612,0.751937984496124,3
2025-07-14,40,0,8,8,6.83720930232558,1.16279069767442,8
2025-07-14,41,44,66,22,26.0232558139535,4.02325581395349,22
2025-07-14,42,15,30,15,24.4108527131783,9.41085271317829,15
2025-07-14,43,110,79,-31,-17.3720930232558,13.6279069767442,31
2025-07-14,44,0,0,0,0.0077519379844961,0.0077519379844961,0
2025-07-14,45,14,20,6,12.4806201550388,6.48062015503876,6
2025-07-14,46,1,0,-1,0.155038759689922,1.15503875968992,1
2025-07-14,47,0,4,4,0.844961240310077,3.15503875968992,4
2025-07-14,48,227,271,44,70.3565891472868,26.3565891472868,44
2025-07-14,49,2,8,6,7.2015503875969,1.2015503875969,6
2025-07-14,50,62,126,64,47.2790697674419,16.7209302325581,64
2025-07-14,51,1,1,0,2.35658914728682,2.35658914728682,0
2025-07-14,52,3,11,8,4.28682170542636,3.71317829457364,8
2025-07-14,53,0,4,4,0.697674418604651,3.30232558139535,4
2025-07-14,54,1,3,2,1.87596899224806,0.124031007751938,2
2025-07-14,55,1,4,3,1.85271317829457,1.14728682170543,3
2025-07-14,56,2,1,-1,1.47286821705426,2.47286821705426,1
2025-07-14,57,0,0,0,0.0852713178294573,0.0852713178294573,0
2025-07-14,58,0,0,0,0.224806201550388,0.224806201550388,0
2025-07-14,59,0,1,1,0.0310077519379844,0.968992248062016,1
2025-07-14,60,1,2,1,0.48062015503876,0.51937984496124,1
2025-07-14,61,6,13,7,7.2093023255814,0.209302325581396,7
2025-07-14,62,0,8,8,2.24031007751938,5.75968992248062,8
2025-07-14,63,0,1,1,1.61240310077519,0.612403100775194,1
2025-07-14,64,0,1,1,0.922480620155039,0.0775193798449612,1
2025-07-14,65,8,9,1,1.81395348837209,0.813953488372093,1
2025-07-14,66,8,6,-2,5.24031007751938,7.24031007751938,2
2025-07-14,67,0,0,0,0.813953488372093,0.813953488372093,0
2025-07-14,68,314,260,-54,-48.1937984496124,5.8062015503876,54
2025-07-14,69,1,7,6,2.05426356589147,3.94573643410853,6
2025-07-14,70,41,7,-34,-17.8604651162791,16.1395348837209,34
2025-07-14,71,0,3,3,1.93023255813953,1.06976744186047,3
2025-07-14,72,0,6,6,1.74418604651163,4.25581395348837,6
2025-07-14,73,0,0,0,0.457364341085271,0.457364341085271,0
2025-07-14,74,39,57,18,35.6821705426357,17.6821705426357,18
2025-07-14,75,46,72,26,29.7131782945736,3.71317829457364,26
2025-07-14,76,6,15,9,4.68217054263566,4.31782945736434,9
2025-07-14,77,0,1,1,1.08527131782946,0.0852713178294573,1
2025-07-14,78,1,2,1,0.837209302325581,0.162790697674419,1
2025-07-14,79,125,188,63,82.2248062015504,19.2248062015504,63
2025-07-14,80,2,9,7,5.65891472868217,1.34108527131783,7
2025-07-14,81,0,0,0,0.720930232558139,0.720930232558139,0
2025-07-14,82,1,2,1,1,0,1
2025-07-14,83,0,1,1,1.15503875968992,0.155038759689922,1
2025-07-14,84,0,0,0,0.0542635658914728,0.0542635658914728,0
2025-07-14,85,2,7,5,1.2093023255814,3.7906976744186,5
2025-07-14,86,0,1,1,2.03100775193798,1.03100775193798,1
2025-07-14,87,68,70,2,5.10852713178295,3.10852713178295,2
2025-07-14,88,36,31,-5,-2.41085271317829,2.58914728682171,5
2025-07-14,89,4,8,4,4.56589147286822,0.565891472868217,4
2025-07-14,90,138,129,-9,-10.8992248062016,1.89922480620155,9
2025-07-14,91,1,4,3,2.4031007751938,0.596899224806202,3
2025-07-14,92,5,27,22,3.90697674418605,18.093023255814,22
2025-07-14,93,1,1,0,1.93023255813953,1.93023255813953,0
2025-07-14,94,2,0,-2,0.395348837209302,2.3953488372093,2
2025-07-14,95,2,5,3,6.0077519379845,3.0077519379845,3
2025-07-14,96,0,1,1,0.155038759689922,0.844961240310078,1
2025-07-14,97,11,14,3,4.94573643410853,1.94573643410853,3
2025-07-14,98,0,2,2,1.51937984496124,0.48062015503876,2
2025-07-14,99,0,0,0,0,0,0
2025-07-14,100,160,80,-80,-24.2713178294574,55.7286821705426,80
2025-07-14,101,0,1,1,0.565891472868217,0.434108527131783,1
2025-07-14,102,0,3,3,1.48062015503876,1.51937984496124,3
2025-07-14,105,0,0,0,0,0,0
2025-07-14,106,1,0,-1,1.85271317829457,2.85271317829457,1
2025-07-14,107,133,200,67,21.6666666666667,45.3333333333333,67
2025-07-14,108,0,0,0,0.945736434108527,0.945736434108527,0
2025-07-14,109,0,1,1,0.0697674418604651,0.930232558139535,1
2025-07-14,110,0,0,0,0,0,0
2025-07-14,111,0,0,0,0.0310077519379844,0.0310077519379844,0
2025-07-14,112,8,16,8,16.2790697674419,8.27906976744186,8
2025-07-14,113,108,124,16,13.2558139534884,2.74418604651163,16
2025-07-14,114,82,86,4,24.5658914728682,20.5658914728682,4
2025-07-14,115,0,0,0,0.116279069767442,0.116279069767442,0
2025-07-14,116,10,22,12,12.2015503875969,0.2015503875969,12
2025-07-14,117,0,1,1,1.1937984496124,0.193798449612403,1
2025-07-14,118,0,0,0,0.13953488372093,0.13953488372093,0
2025-07-14,119,0,0,0,1.86046511627907,1.86046511627907,0
2025-07-14,120,0,0,0,0.426356589147287,0.426356589147287,0
2025-07-14,121,0,2,2,1.42635658914729,0.573643410852713,2
2025-07-14,122,0,0,0,0.589147286821705,0.589147286821705,0
2025-07-14,123,1,1,0,1.13178294573643,1.13178294573643,0
2025-07-14,124,0,2,2,1.77519379844961,0.224806201550388,2
2025-07-14,125,36,50,14,-2.09302325581395,16.093023255814,14
2025-07-14,126,2,1,-1,0.294573643410853,1.29457364341085,1
2025-07-14,127,1,7,6,4.92248062015504,1.07751937984496,6
2025-07-14,128,0,1,1,0.472868217054264,0.527131782945736,1
2025-07-14,129,6,10,4,4.51162790697674,0.511627906976744,4
2025-07-14,130,1,7,6,0.403100775193798,5.5968992248062,6
2025-07-14,131,0,1,1,1.41860465116279,0.418604651162791,1
2025-07-14,132,411,73,-338,-215.976744186046,122.023255813954,338
2025-07-14,133,0,3,3,1.75193798449612,1.24806201550388,3
2025-07-14,134,1,4,3,1.07751937984496,1.92248062015504,3
2025-07-14,135,0,6,6,1.85271317829457,4.14728682170543,6
2025-07-14,136,0,2,2,0.782945736434108,1.21705426356589,2
2025-07-14,137,101,119,18,-9.26356589147287,27.2635658914729,18
2025-07-14,138,198,20,-178,-143.744186046512,34.2558139534884,178
2025-07-14,139,0,3,3,1.37209302325581,1.62790697674419,3
2025-07-14,140,193,170,-23,-33.1860465116279,10.1860465116279,23
2025-07-14,141,201,272,71,61.1472868217054,9.85271317829457,71
2025-07-14,142,311,352,41,62.8759689922481,21.8759689922481,41
2025-07-14,143,110,191,81,53.1627906976744,27.8372093023256,81
2025-07-14,144,92,90,-2,-2.15503875968992,0.155038759689922,2
2025-07-14,145,15,19,4,9.4031007751938,5.4031007751938,4
2025-07-14,146,4,7,3,0.720930232558139,2.27906976744186,3
2025-07-14,147,0,1,1,0.294573643410853,0.705426356589147,1
2025-07-14,148,60,98,38,54.4031007751938,16.4031007751938,38
2025-07-14,149,0,1,1,1.38759689922481,0.387596899224806,1
2025-07-14,150,0,1,1,0.51937984496124,0.48062015503876,1
2025-07-14,151,83,96,13,13,0,13
2025-07-14,152,10,13,3,2.86821705426357,0.131782945736434,3
2025-07-14,153,0,0,0,0.170542635658915,0.170542635658915,0
2025-07-14,154,0,0,0,0.527131782945736,0.527131782945736,0
2025-07-14,155,1,3,2,1.44186046511628,0.558139534883721,2
2025-07-14,156,0,0,0,0.0542635658914728,0.0542635658914728,0
2025-07-14,157,0,0,0,2,2,0
2025-07-14,158,81,116,35,47.8139534883721,12.8139534883721,35
2025-07-14,159,0,4,4,0.395348837209302,3.6046511627907,4
2025-07-14,160,0,3,3,1.89922480620155,1.10077519379845,3
2025-07-14,161,662,307,-355,-286.294573643411,68.7054263565892,355
2025-07-14,162,502,219,-283,-210.364341085271,72.6356589147287,283
2025-07-14,163,329,184,-145,-106.403100775194,38.5968992248062,145
2025-07-14,164,225,230,5,-25.4418604651163,30.4418604651163,5
2025-07-14,165,1,1,0,1.55038759689922,1.55038759689922,0
2025-07-14,166,45,59,14,7.13178294573643,6.86821705426357,14
2025-07-14,167,0,3,3,1.41860465116279,1.58139534883721,3
2025-07-14,168,5,4,-1,2.56589147286822,3.56589147286822,1
2025-07-14,169,0,1,1,1.16279069767442,0.162790697674419,1
2025-07-14,170,319,265,-54,-46.6666666666667,7.33333333333334,54
2025-07-14,171,1,3,2,1.55813953488372,0.441860465116279,2
2025-07-14,172,0,0,0,0.0542635658914728,0.0542635658914728,0
2025-07-14,173,0,1,1,0.775193798449612,0.224806201550388,1
2025-07-14,174,0,0,0,0.573643410852713,0.573643410852713,0
2025-07-14,175,0,2,2,0.767441860465116,1.23255813953488,2
2025-07-14,176,0,0,0,0.0465116279069767,0.0465116279069767,0
2025-07-14,177,3,5,2,1.51162790697674,0.488372093023256,2
2025-07-14,178,1,0,-1,0.829457364341085,1.82945736434109,1
2025-07-14,179,3,7,4,3.2015503875969,0.798449612403101,4
2025-07-14,180,1,1,0,0.875968992248062,0.875968992248062,0
2025-07-14,181,9,22,13,16.6744186046512,3.67441860465116,13
2025-07-14,182,1,6,5,1.69767441860465,3.30232558139535,5
2025-07-14,183,1,3,2,0.426356589147287,1.57364341085271,2
2025-07-14,184,0,0,0,0.0155038759689922,0.0155038759689922,0
2025-07-14,185,0,1,1,1.06201550387597,0.0620155038759691,1
2025-07-14,186,246,214,-32,-50.8217054263566,18.8217054263566,32
2025-07-14,187,0,0,0,0.0775193798449612,0.0775193798449612,0
2025-07-14,188,4,6,2,2.85271317829457,0.852713178294574,2
2025-07-14,189,4,9,5,4.48062015503876,0.51937984496124,5
2025-07-14,190,2,1,-1,0.689922480620155,1.68992248062015,1
2025-07-14,191,0,1,1,1.65891472868217,0.658914728682171,1
2025-07-14,192,1,1,0,0.697674418604651,0.697674418604651,0
2025-07-14,193,2,10,8,1.24031007751938,6.75968992248062,8
2025-07-14,194,0,0,0,1.15503875968992,1.15503875968992,0
2025-07-14,195,2,4,2,2.09302325581395,0.0930232558139537,2
2025-07-14,196,0,4,4,0.953488372093023,3.04651162790698,4
2025-07-14,197,0,5,5,1.8062015503876,3.1937984496124,5
2025-07-14,198,1,8,7,3.04651162790698,3.95348837209302,7
2025-07-14,199,0,0,0,-0.0155038759689922,0.0155038759689922,0
2025-07-14,200,0,3,3,2.31007751937985,0.689922480620155,3
2025-07-14,201,0,1,1,0.589147286821705,0.410852713178295,1
2025-07-14,202,0,3,3,3.57364341085271,0.573643410852713,3
2025-07-14,203,0,1,1,1.3953488372093,0.395348837209302,1
2025-07-14,204,0,0,0,0.0155038759689922,0.0155038759689922,0
2025-07-14,205,0,4,4,2.62790697674419,1.37209302325581,4
2025-07-14,206,0,0,0,0.193798449612403,0.193798449612403,0
2025-07-14,207,0,0,0,-0.0542635658914728,0.0542635658914728,0
2025-07-14,208,1,4,3,1.27906976744186,1.72093023255814,3
2025-07-14,209,21,27,6,8.03875968992248,2.03875968992248,6
2025-07-14,210,1,4,3,1.27131782945736,1.72868217054264,3
2025-07-14,211,90,82,-8,3.75193798449612,11.7519379844961,8
2025-07-14,212,1,1,0,0.503875968992248,0.503875968992248,0
2025-07-14,213,1,5,4,1.29457364341085,2.70542635658915,4
2025-07-14,214,0,0,0,0.147286821705426,0.147286821705426,0
2025-07-14,215,1,5,4,1.75968992248062,2.24031007751938,4
2025-07-14,216,2,20,18,5.67441860465116,12.3255813953488,18
2025-07-14,217,0,2,2,2.6046511627907,0.604651162790698,2
2025-07-14,218,1,4,3,2.7906976744186,0.209302325581395,3
2025-07-14,219,1,3,2,2.43410852713178,0.434108527131783,2
2025-07-14,220,1,2,1,2.24031007751938,1.24031007751938,1
2025-07-14,221,0,0,0,0.13953488372093,0.13953488372093,0
2025-07-14,222,1,0,-1,0.883720930232558,1.88372093023256,1
2025-07-14,223,2,6,4,5.72093023255814,1.72093023255814,4
2025-07-14,224,16,44,28,22.8759689922481,5.12403100775193,28
2025-07-14,225,2,7,5,4.31007751937984,0.689922480620155,5
2025-07-14,226,11,21,10,1.68217054263566,8.31782945736434,10
2025-07-14,227,0,3,3,1.09302325581395,1.90697674418605,3
2025-07-14,228,8,12,4,1.94573643410853,2.05426356589147,4
2025-07-14,229,119,205,86,36.4961240310078,49.5038759689922,86
2025-07-14,230,361,381,20,84.7286821705426,64.7286821705426,20
2025-07-14,231,152,121,-31,4.27131782945736,35.2713178294574,31
2025-07-14,232,14,46,32,33.5503875968992,1.55038759689923,32
2025-07-14,233,132,131,-1,-1.31007751937985,0.310077519379845,1
2025-07-14,234,345,248,-97,-42.6899224806202,54.3100775193798,97
2025-07-14,235,1,4,3,1.29457364341085,1.70542635658915,3
2025-07-14,236,369,375,6,43.5891472868217,37.5891472868217,6
2025-07-14,237,454,415,-39,-6.51937984496124,32.4806201550388,39
2025-07-14,238,178,226,48,43.3798449612403,4.62015503875969,48
2025-07-14,239,255,343,88,72.8139534883721,15.1860465116279,88
2025-07-14,240,0,0,0,0.286821705426357,0.286821705426357,0
2025-07-14,241,0,0,0,1.09302325581395,1.09302325581395,0
2025-07-14,242,0,4,4,0.472868217054264,3.52713178294574,4
2025-07-14,243,2,13,11,11.6744186046512,0.674418604651162,11
2025-07-14,244,11,18,7,12.6666666666667,5.66666666666667,7
2025-07-14,245,0,0,0,0.0852713178294573,0.0852713178294573,0
2025-07-14,246,197,196,-1,-22.5116279069767,21.5116279069767,1
2025-07-14,247,1,3,2,3.26356589147287,1.26356589147287,2
2025-07-14,248,1,3,2,0.689922480620155,1.31007751937985,2
2025-07-14,249,134,176,42,70.3798449612403,28.3798449612403,42
2025-07-14,250,2,1,-1,0.387596899224806,1.38759689922481,1
2025-07-14,251,0,0,0,0.116279069767442,0.116279069767442,0
2025-07-14,252,2,8,6,1.18604651162791,4.81395348837209,6
2025-07-14,253,0,0,0,0.10077519379845,0.10077519379845,0
2025-07-14,254,0,2,2,1.35658914728682,0.643410852713178,2
2025-07-14,255,6,24,18,15.5736434108527,2.42635658914729,18
2025-07-14,256,10,22,12,12.046511627907,0.0465116279069768,12
2025-07-14,257,0,4,4,2.90697674418605,1.09302325581395,4
2025-07-14,258,1,5,4,1.78294573643411,2.21705426356589,4
2025-07-14,259,1,3,2,1.04651162790698,0.953488372093023,2
2025-07-14,260,4,7,3,2.10077519379845,0.89922480620155,3
2025-07-14,261,44,30,-14,-22.922480620155,8.92248062015504,14
2025-07-14,262,67,166,99,41.2945736434108,57.7054263565892,99
2025-07-14,263,133,232,99,68.4341085271318,30.5658914728682,99
2025-07-15,1,0,18,18,16.6976744186047,1.30232558139535,18
2025-07-15,2,0,0,0,0.0310077519379844,0.0310077519379844,0
2025-07-15,3,0,0,0,0.682170542635659,0.682170542635659,0
2025-07-15,4,8,32,24,26.8217054263566,2.82170542635659,24
2025-07-15,5,0,0,0,0.0232558139534883,0.0232558139534883,0
2025-07-15,6,1,0,-1,0.131782945736434,1.13178294573643,1
2025-07-15,7,10,20,10,9.62790697674418,0.372093023255816,10
2025-07-15,8,0,0,0,0.0465116279069767,0.0465116279069767,0
2025-07-15,9,1,0,-1,0.527131782945736,1.52713178294574,1
2025-07-15,10,2,11,9,6.08527131782946,2.91472868217054,9
2025-07-15,11,0,2,2,0.488372093023256,1.51162790697674,2
2025-07-15,12,2,0,-2,-0.48062015503876,1.51937984496124,2
2025-07-15,13,96,51,-45,-33.9457364341085,11.0542635658915,45
2025-07-15,14,2,8,6,4.67441860465116,1.32558139534884,6
2025-07-15,15,0,3,3,0.914728682170543,2.08527131782946,3
2025-07-15,16,0,1,1,1.10077519379845,0.10077519379845,1
2025-07-15,17,2,6,4,4.49612403100775,0.496124031007752,4
2025-07-15,18,0,0,0,1.15503875968992,1.15503875968992,0
2025-07-15,19,0,1,1,0.945736434108527,0.0542635658914729,1
2025-07-15,20,0,0,0,0.612403100775194,0.612403100775194,0
2025-07-15,21,0,0,0,0.930232558139535,0.930232558139535,0
2025-07-15,22,0,3,3,1.2015503875969,1.7984496124031,3
2025-07-15,23,0,0,0,0.155038759689922,0.155038759689922,0
2025-07-15,24,14,21,7,9.77519379844961,2.77519379844961,7
2025-07-15,25,5,15,10,8.10852713178295,1.89147286821705,10
2025-07-15,26,0,6,6,2.16279069767442,3.83720930232558,6
2025-07-15,27,0,0,0,0.108527131782946,0.108527131782946,0
2025-07-15,28,0,4,4,1.65891472868217,2.34108527131783,4
2025-07-15,29,0,2,2,0.86046511627907,1.13953488372093,2
2025-07-15,30,0,1,1,0.0620155038759689,0.937984496124031,1
2025-07-15,31,0,0,0,0.193798449612403,0.193798449612403,0
2025-07-15,32,0,0,0,0.713178294573643,0.713178294573643,0
2025-07-15,33,6,28,22,15.2170542635659,6.78294573643411,22
2025-07-15,34,0,1,1,-0.155038759689922,1.15503875968992,1
2025-07-15,35,1,7,6,2.22480620155039,3.77519379844961,6
2025-07-15,36,1,3,2,3.65116279069767,1.65116279069767,2
2025-07-15,37,2,13,11,5.1937984496124,5.8062015503876,11
2025-07-15,38,0,1,1,1.37984496124031,0.37984496124031,1
2025-07-15,39,2,9,7,3.75193798449612,3.24806201550388,7
2025-07-15,40,2,6,4,6.83720930232558,2.83720930232558,4
2025-07-15,41,13,42,29,26.0232558139535,2.97674418604651,29
2025-07-15,42,8,25,17,24.4108527131783,7.41085271317829,17
2025-07-15,43,110,89,-21,-17.3720930232558,3.62790697674419,21
2025-07-15,44,0,0,0,0.0077519379844961,0.0077519379844961,0
2025-07-15,45,14,30,16,12.4806201550388,3.51937984496124,16
2025-07-15,46,0,1,1,0.155038759689922,0.844961240310078,1
2025-07-15,47,0,1,1,0.844961240310077,0.155038759689923,1
2025-07-15,48,216,283,67,70.3565891472868,3.35658914728683,67
2025-07-15,49,1,15,14,7.2015503875969,6.7984496124031,14
2025-07-15,50,67,83,16,47.2790697674419,31.2790697674419,16
2025-07-15,51,0,2,2,2.35658914728682,0.356589147286822,2
2025-07-15,52,0,4,4,4.28682170542636,0.286821705426356,4
2025-07-15,53,0,0,0,0.697674418604651,0.697674418604651,0
2025-07-15,54,0,3,3,1.87596899224806,1.12403100775194,3
2025-07-15,55,2,2,0,1.85271317829457,1.85271317829457,0
2025-07-15,56,2,7,5,1.47286821705426,3.52713178294574,5
2025-07-15,57,0,0,0,0.0852713178294573,0.0852713178294573,0
2025-07-15,58,0,0,0,0.224806201550388,0.224806201550388,0
2025-07-15,59,0,0,0,0.0310077519379844,0.0310077519379844,0
2025-07-15,60,0,1,1,0.48062015503876,0.51937984496124,1
2025-07-15,61,3,11,8,7.2093023255814,0.790697674418604,8
2025-07-15,62,1,3,2,2.24031007751938,0.24031007751938,2
2025-07-15,63,2,2,0,1.61240310077519,1.61240310077519,0
2025-07-15,64,0,0,0,0.922480620155039,0.922480620155039,0
2025-07-15,65,11,14,3,1.81395348837209,1.18604651162791,3
2025-07-15,66,7,14,7,5.24031007751938,1.75968992248062,7
2025-07-15,67,0,4,4,0.813953488372093,3.18604651162791,4
2025-07-15,68,300,246,-54,-48.1937984496124,5.8062015503876,54
2025-07-15,69,1,7,6,2.05426356589147,3.94573643410853,6
2025-07-15,70,22,5,-17,-17.8604651162791,0.86046511627907,17
2025-07-15,71,1,6,5,1.93023255813953,3.06976744186047,5
2025-07-15,72,1,3,2,1.74418604651163,0.255813953488372,2
2025-07-15,73,0,0,0,0.457364341085271,0.457364341085271,0
2025-07-15,74,15,52,37,35.6821705426357,1.31782945736434,37
2025-07-15,75,32,78,46,29.7131782945736,16.2868217054264,46
2025-07-15,76,3,5,2,4.68217054263566,2.68217054263566,2
2025-07-15,77,0,6,6,1.08527131782946,4.91472868217054,6
2025-07-15,78,0,2,2,0.837209302325581,1.16279069767442,2
2025-07-15,79,105,211,106,82.2248062015504,23.7751937984496,106
2025-07-15,80,1,8,7,5.65891472868217,1.34108527131783,7
2025-07-15,81,0,1,1,0.720930232558139,0.279069767441861,1
2025-07-15,82,1,7,6,1,5,6
2025-07-15,83,2,2,0,1.15503875968992,1.15503875968992,0
2025-07-15,84,0,0,0,0.0542635658914728,0.0542635658914728,0
2025-07-15,85,1,4,3,1.2093023255814,1.7906976744186,3
2025-07-15,86,0,0,0,2.03100775193798,2.03100775193798,0
2025-07-15,87,68,92,24,5.10852713178295,18.8914728682171,24
2025-07-15,88,41,39,-2,-2.41085271317829,0.410852713178294,2
2025-07-15,89,2,7,5,4.56589147286822,0.434108527131783,5
2025-07-15,90,117,131,14,-10.8992248062016,24.8992248062016,14
2025-07-15,91,0,8,8,2.4031007751938,5.5968992248062,8
2025-07-15,92,0,10,10,3.90697674418605,6.09302325581395,10
2025-07-15,93,1,4,3,1.93023255813953,1.06976744186047,3
2025-07-15,94,0,0,0,0.395348837209302,0.395348837209302,0
2025-07-15,95,4,10,6,6.0077519379845,0.00775193798449614,6
2025-07-15,96,0,0,0,0.155038759689922,0.155038759689922,0
2025-07-15,97,7,3,-4,4.94573643410853,8.94573643410853,4
2025-07-15,98,0,1,1,1.51937984496124,0.51937984496124,1
2025-07-15,99,0,0,0,0,0,0
2025-07-15,100,156,122,-34,-24.2713178294574,9.72868217054264,34
2025-07-15,101,2,0,-2,0.565891472868217,2.56589147286822,2
2025-07-15,102,2,3,1,1.48062015503876,0.48062015503876,1
2025-07-15,105,0,0,0,0,0,0
2025-07-15,106,1,2,1,1.85271317829457,0.852713178294574,1
2025-07-15,107,132,171,39,21.6666666666667,17.3333333333333,39
2025-07-15,108,0,1,1,0.945736434108527,0.0542635658914729,1
2025-07-15,109,0,0,0,0.0697674418604651,0.0697674418604651,0
2025-07-15,110,0,0,0,0,0,0
2025-07-15,111,0,0,0,0.0310077519379844,0.0310077519379844,0
2025-07-15,112,2,19,17,16.2790697674419,0.720930232558139,17
2025-07-15,113,134,124,-10,13.2558139534884,23.2558139534884,10
2025-07-15,114,68,99,31,24.5658914728682,6.43410852713178,31
2025-07-15,115,0,0,0,0.116279069767442,0.116279069767442,0
2025-07-15,116,8,15,7,12.2015503875969,5.2015503875969,7
2025-07-15,117,0,1,1,1.1937984496124,0.193798449612403,1
2025-07-15,118,0,0,0,0.13953488372093,0.13953488372093,0
2025-07-15,119,0,0,0,1.86046511627907,1.86046511627907,0
2025-07-15,120,0,1,1,0.426356589147287,0.573643410852713,1
2025-07-15,121,0,1,1,1.42635658914729,0.426356589147287,1
2025-07-15,122,1,0,-1,0.589147286821705,1.58914728682171,1
2025-07-15,123,0,1,1,1.13178294573643,0.131782945736434,1
2025-07-15,124,1,2,1,1.77519379844961,0.775193798449612,1
2025-07-15,125,48,40,-8,-2.09302325581395,5.90697674418605,8
2025-07-15,126,0,3,3,0.294573643410853,2.70542635658915,3
2025-07-15,127,1,5,4,4.92248062015504,0.922480620155039,4
2025-07-15,128,3,0,-3,0.472868217054264,3.47286821705426,3
2025-07-15,129,6,7,1,4.51162790697674,3.51162790697674,1
2025-07-15,130,2,6,4,0.403100775193798,3.5968992248062,4
2025-07-15,131,0,1,1,1.41860465116279,0.418604651162791,1
2025-07-15,132,415,63,-352,-215.976744186046,136.023255813954,352
2025-07-15,133,1,2,1,1.75193798449612,0.751937984496124,1
2025-07-15,134,0,2,2,1.07751937984496,0.922480620155039,2
2025-07-15,135,0,5,5,1.85271317829457,3.14728682170543,5
2025-07-15,136,0,2,2,0.782945736434108,1.21705426356589,2
2025-07-15,137,67,74,7,-9.26356589147287,16.2635658914729,7
2025-07-15,138,160,68,-92,-143.744186046512,51.7441860465116,92
2025-07-15,139,0,3,3,1.37209302325581,1.62790697674419,3
2025-07-15,140,144,125,-19,-33.1860465116279,14.1860465116279,19
2025-07-15,141,177,259,82,61.1472868217054,20.8527131782946,82
2025-07-15,142,235,283,48,62.8759689922481,14.8759689922481,48
2025-07-15,143,69,146,77,53.1627906976744,23.8372093023256,77
2025-07-15,144,95,86,-9,-2.15503875968992,6.84496124031008,9
2025-07-15,145,11,14,3,9.4031007751938,6.4031007751938,3
2025-07-15,146,3,6,3,0.720930232558139,2.27906976744186,3
2025-07-15,147,0,0,0,0.294573643410853,0.294573643410853,0
2025-07-15,148,35,98,63,54.4031007751938,8.5968992248062,63
2025-07-15,149,0,0,0,1.38759689922481,1.38759689922481,0
2025-07-15,150,0,2,2,0.51937984496124,1.48062015503876,2
2025-07-15,151,59,55,-4,13,17,4
2025-07-15,152,3,7,4,2.86821705426357,1.13178294573643,4
2025-07-15,153,0,1,1,0.170542635658915,0.829457364341085,1
2025-07-15,154,0,0,0,0.527131782945736,0.527131782945736,0
2025-07-15,155,1,5,4,1.44186046511628,2.55813953488372,4
2025-07-15,156,0,0,0,0.0542635658914728,0.0542635658914728,0
2025-07-15,157,0,4,4,2,2,4
2025-07-15,158,68,142,74,47.8139534883721,26.1860465116279,74
2025-07-15,159,1,1,0,0.395348837209302,0.395348837209302,0
2025-07-15,160,1,5,4,1.89922480620155,2.10077519379845,4
2025-07-15,161,635,392,-243,-286.294573643411,43.2945736434108,243
2025-07-15,162,477,202,-275,-210.364341085271,64.6356589147287,275
2025-07-15,163,322,204,-118,-106.403100775194,11.5968992248062,118
2025-07-15,164,229,217,-12,-25.4418604651163,13.4418604651163,12
2025-07-15,165,0,2,2,1.55038759689922,0.449612403100775,2
2025-07-15,166,25,42,17,7.13178294573643,9.86821705426357,17
2025-07-15,167,0,1,1,1.41860465116279,0.418604651162791,1
2025-07-15,168,1,4,3,2.56589147286822,0.434108527131783,3
2025-07-15,169,1,2,1,1.16279069767442,0.162790697674419,1
2025-07-15,170,306,232,-74,-46.6666666666667,27.3333333333333,74
2025-07-15,171,1,4,3,1.55813953488372,1.44186046511628,3
2025-07-15,172,0,0,0,0.0542635658914728,0.0542635658914728,0
2025-07-15,173,2,3,1,0.775193798449612,0.224806201550388,1
2025-07-15,174,0,0,0,0.573643410852713,0.573643410852713,0
2025-07-15,175,1,1,0,0.767441860465116,0.767441860465116,0
2025-07-15,176,0,0,0,0.0465116279069767,0.0465116279069767,0
2025-07-15,177,1,4,3,1.51162790697674,1.48837209302326,3
2025-07-15,178,0,0,0,0.829457364341085,0.829457364341085,0
2025-07-15,179,1,6,5,3.2015503875969,1.7984496124031,5
2025-07-15,180,0,3,3,0.875968992248062,2.12403100775194,3
2025-07-15,181,2,22,20,16.6744186046512,3.32558139534884,20
2025-07-15,182,0,4,4,1.69767441860465,2.30232558139535,4
2025-07-15,183,0,0,0,0.426356589147287,0.426356589147287,0
2025-07-15,184,0,0,0,0.0155038759689922,0.0155038759689922,0
2025-07-15,185,0,3,3,1.06201550387597,1.93798449612403,3
2025-07-15,186,229,169,-60,-50.8217054263566,9.17829457364341,60
2025-07-15,187,0,0,0,0.0775193798449612,0.0775193798449612,0
2025-07-15,188,2,6,4,2.85271317829457,1.14728682170543,4
2025-07-15,189,1,7,6,4.48062015503876,1.51937984496124,6
2025-07-15,190,0,0,0,0.689922480620155,0.689922480620155,0
2025-07-15,191,0,2,2,1.65891472868217,0.341085271317829,2
2025-07-15,192,0,0,0,0.697674418604651,0.697674418604651,0
2025-07-15,193,0,2,2,1.24031007751938,0.75968992248062,2
2025-07-15,194,1,0,-1,1.15503875968992,2.15503875968992,1
2025-07-15,195,0,1,1,2.09302325581395,1.09302325581395,1
2025-07-15,196,3,2,-1,0.953488372093023,1.95348837209302,1
2025-07-15,197,1,7,6,1.8062015503876,4.1937984496124,6
2025-07-15,198,1,9,8,3.04651162790698,4.95348837209302,8
2025-07-15,199,0,0,0,-0.0155038759689922,0.0155038759689922,0
2025-07-15,200,0,1,1,2.31007751937985,1.31007751937985,1
2025-07-15,201,1,1,0,0.589147286821705,0.589147286821705,0
2025-07-15,202,0,9,9,3.57364341085271,5.42635658914729,9
2025-07-15,203,0,2,2,1.3953488372093,0.604651162790698,2
2025-07-15,204,0,0,0,0.0155038759689922,0.0155038759689922,0
2025-07-15,205,0,2,2,2.62790697674419,0.627906976744186,2
2025-07-15,206,0,0,0,0.193798449612403,0.193798449612403,0
2025-07-15,207,0,0,0,-0.0542635658914728,0.0542635658914728,0
2025-07-15,208,0,4,4,1.27906976744186,2.72093023255814,4
2025-07-15,209,15,23,8,8.03875968992248,0.0387596899224807,8
2025-07-15,210,0,0,0,1.27131782945736,1.27131782945736,0
2025-07-15,211,78,89,11,3.75193798449612,7.24806201550388,11
2025-07-15,212,0,0,0,0.503875968992248,0.503875968992248,0
2025-07-15,213,0,1,1,1.29457364341085,0.294573643410853,1
2025-07-15,214,0,0,0,0.147286821705426,0.147286821705426,0
2025-07-15,215,0,2,2,1.75968992248062,0.24031007751938,2
2025-07-15,216,0,11,11,5.67441860465116,5.32558139534884,11
2025-07-15,217,1,4,3,2.6046511627907,0.395348837209302,3
2025-07-15,218,1,8,7,2.7906976744186,4.2093023255814,7
2025-07-15,219,0,5,5,2.43410852713178,2.56589147286822,5
2025-07-15,220,0,3,3,2.24031007751938,0.75968992248062,3
2025-07-15,221,0,1,1,0.13953488372093,0.86046511627907,1
2025-07-15,222,1,0,-1,0.883720930232558,1.88372093023256,1
2025-07-15,223,1,12,11,5.72093023255814,5.27906976744186,11
2025-07-15,224,11,38,27,22.8759689922481,4.12403100775193,27
2025-07-15,225,4,7,3,4.31007751937984,1.31007751937984,3
2025-07-15,226,9,9,0,1.68217054263566,1.68217054263566,0
2025-07-15,227,1,1,0,1.09302325581395,1.09302325581395,0
2025-07-15,228,2,3,1,1.94573643410853,0.945736434108527,1
2025-07-15,229,155,179,24,36.4961240310078,12.4961240310078,24
2025-07-15,230,333,426,93,84.7286821705426,8.27131782945736,93
2025-07-15,231,178,183,5,4.27131782945736,0.728682170542636,5
2025-07-15,232,1,52,51,33.5503875968992,17.4496124031008,51
2025-07-15,233,118,127,9,-1.31007751937985,10.3100775193798,9
2025-07-15,234,280,280,0,-42.6899224806202,42.6899224806202,0
2025-07-15,235,0,3,3,1.29457364341085,1.70542635658915,3
2025-07-15,236,312,351,39,43.5891472868217,4.58914728682171,39
2025-07-15,237,466,465,-1,-6.51937984496124,5.51937984496124,1
2025-07-15,238,127,196,69,43.3798449612403,25.6201550387597,69
2025-07-15,239,184,268,84,72.8139534883721,11.1860465116279,84
2025-07-15,240,0,0,0,0.286821705426357,0.286821705426357,0
2025-07-15,241,0,2,2,1.09302325581395,0.906976744186047,2
2025-07-15,242,0,0,0,0.472868217054264,0.472868217054264,0
2025-07-15,243,4,14,10,11.6744186046512,1.67441860465116,10
2025-07-15,244,9,23,14,12.6666666666667,1.33333333333333,14
2025-07-15,245,0,0,0,0.0852713178294573,0.0852713178294573,0
2025-07-15,246,248,236,-12,-22.5116279069767,10.5116279069767,12
2025-07-15,247,0,0,0,3.26356589147287,3.26356589147287,0
2025-07-15,248,0,5,5,0.689922480620155,4.31007751937984,5
2025-07-15,249,119,204,85,70.3798449612403,14.6201550387597,85
2025-07-15,250,0,0,0,0.387596899224806,0.387596899224806,0
2025-07-15,251,0,0,0,0.116279069767442,0.116279069767442,0
2025-07-15,252,1,1,0,1.18604651162791,1.18604651162791,0
2025-07-15,253,0,0,0,0.10077519379845,0.10077519379845,0
2025-07-15,254,0,2,2,1.35658914728682,0.643410852713178,2
2025-07-15,255,2,21,19,15.5736434108527,3.42635658914729,19
2025-07-15,256,0,16,16,12.046511627907,3.95348837209302,16
2025-07-15,257,0,6,6,2.90697674418605,3.09302325581395,6
2025-07-15,258,1,3,2,1.78294573643411,0.217054263565891,2
2025-07-15,259,1,2,1,1.04651162790698,0.0465116279069768,1
2025-07-15,260,4,3,-1,2.10077519379845,3.10077519379845,1
2025-07-15,261,67,32,-35,-22.922480620155,12.077519379845,35
2025-07-15,262,82,126,44,41.2945736434108,2.70542635658915,44
2025-07-15,263,110,217,107,68.4341085271318,38.5658914728682,107
2025-07-16,1,0,22,22,16.6976744186047,5.30232558139535,22
2025-07-16,2,0,0,0,0.0310077519379844,0.0310077519379844,0
2025-07-16,3,0,1,1,0.682170542635659,0.317829457364341,1
2025-07-16,4,10,32,22,26.8217054263566,4.82170542635659,22
2025-07-16,5,0,0,0,0.0232558139534883,0.0232558139534883,0
2025-07-16,6,0,0,0,0.131782945736434,0.131782945736434,0
2025-07-16,7,8,16,8,9.62790697674418,1.62790697674418,8
2025-07-16,8,0,1,1,0.0465116279069767,0.953488372093023,1
2025-07-16,9,0,2,2,0.527131782945736,1.47286821705426,2
2025-07-16,10,1,17,16,6.08527131782946,9.91472868217054,16
2025-07-16,11,0,1,1,0.488372093023256,0.511627906976744,1
2025-07-16,12,2,0,-2,-0.48062015503876,1.51937984496124,2
2025-07-16,13,90,59,-31,-33.9457364341085,2.94573643410853,31
2025-07-16,14,0,7,7,4.67441860465116,2.32558139534884,7
2025-07-16,15,0,0,0,0.914728682170543,0.914728682170543,0
2025-07-16,16,0,1,1,1.10077519379845,0.10077519379845,1
2025-07-16,17,3,8,5,4.49612403100775,0.503875968992248,5
2025-07-16,18,0,3,3,1.15503875968992,1.84496124031008,3
2025-07-16,19,0,1,1,0.945736434108527,0.0542635658914729,1
2025-07-16,20,0,2,2,0.612403100775194,1.38759689922481,2
2025-07-16,21,0,1,1,0.930232558139535,0.0697674418604652,1
2025-07-16,22,0,2,2,1.2015503875969,0.798449612403101,2
2025-07-16,23,0,0,0,0.155038759689922,0.155038759689922,0
2025-07-16,24,18,27,9,9.77519379844961,0.775193798449612,9
2025-07-16,25,1,11,10,8.10852713178295,1.89147286821705,10
2025-07-16,26,0,7,7,2.16279069767442,4.83720930232558,7
2025-07-16,27,0,1,1,0.108527131782946,0.891472868217054,1
2025-07-16,28,1,1,0,1.65891472868217,1.65891472868217,0
2025-07-16,29,3,2,-1,0.86046511627907,1.86046511627907,1
2025-07-16,30,0,0,0,0.0620155038759689,0.0620155038759689,0
2025-07-16,31,0,0,0,0.193798449612403,0.193798449612403,0
2025-07-16,32,0,0,0,0.713178294573643,0.713178294573643,0
2025-07-16,33,4,16,12,15.2170542635659,3.21705426356589,12
2025-07-16,34,1,6,5,-0.155038759689922,5.15503875968992,5
2025-07-16,35,0,5,5,2.22480620155039,2.77519379844961,5
2025-07-16,36,0,5,5,3.65116279069767,1.34883720930233,5
2025-07-16,37,1,9,8,5.1937984496124,2.8062015503876,8
2025-07-16,38,1,2,1,1.37984496124031,0.37984496124031,1
2025-07-16,39,2,5,3,3.75193798449612,0.751937984496124,3
2025-07-16,40,0,6,6,6.83720930232558,0.837209302325581,6
2025-07-16,41,22,65,43,26.0232558139535,16.9767441860465,43
2025-07-16,42,14,35,21,24.4108527131783,3.41085271317829,21
2025-07-16,43,108,98,-10,-17.3720930232558,7.37209302325581,10
2025-07-16,44,0,0,0,0.0077519379844961,0.0077519379844961,0
2025-07-16,45,17,22,5,12.4806201550388,7.48062015503876,5
2025-07-16,46,0,0,0,0.155038759689922,0.155038759689922,0
2025-07-16,47,1,0,-1,0.844961240310077,1.84496124031008,1
2025-07-16,48,178,227,49,70.3565891472868,21.3565891472868,49
2025-07-16,49,1,12,11,7.2015503875969,3.7984496124031,11
2025-07-16,50,62,104,42,47.2790697674419,5.27906976744186,42
2025-07-16,51,1,5,4,2.35658914728682,1.64341085271318,4
2025-07-16,52,1,3,2,4.28682170542636,2.28682170542636,2
2025-07-16,53,0,0,0,0.697674418604651,0.697674418604651,0
2025-07-16,54,0,0,0,1.87596899224806,1.87596899224806,0
2025-07-16,55,1,8,7,1.85271317829457,5.14728682170543,7
2025-07-16,56,0,4,4,1.47286821705426,2.52713178294574,4
2025-07-16,57,0,0,0,0.0852713178294573,0.0852713178294573,0
2025-07-16,58,0,0,0,0.224806201550388,0.224806201550388,0
2025-07-16,59,0,0,0,0.0310077519379844,0.0310077519379844,0
2025-07-16,60,0,0,0,0.48062015503876,0.48062015503876,0
2025-07-16,61,3,8,5,7.2093023255814,2.2093023255814,5
2025-07-16,62,1,5,4,2.24031007751938,1.75968992248062,4
2025-07-16,63,0,0,0,1.61240310077519,1.61240310077519,0
2025-07-16,64,1,0,-1,0.922480620155039,1.92248062015504,1
2025-07-16,65,2,8,6,1.81395348837209,4.18604651162791,6
2025-07-16,66,8,17,9,5.24031007751938,3.75968992248062,9
2025-07-16,67,0,0,0,0.813953488372093,0.813953488372093,0
2025-07-16,68,271,244,-27,-48.1937984496124,21.1937984496124,27
2025-07-16,69,1,7,6,2.05426356589147,3.94573643410853,6
2025-07-16,70,17,3,-14,-17.8604651162791,3.86046511627907,14
2025-07-16,71,2,2,0,1.93023255813953,1.93023255813953,0
2025-07-16,72,1,5,4,1.74418604651163,2.25581395348837,4
2025-07-16,73,0,1,1,0.457364341085271,0.542635658914729,1
2025-07-16,74,24,65,41,35.6821705426357,5.31782945736434,41
2025-07-16,75,47,56,9,29.7131782945736,20.7131782945736,9
2025-07-16,76,2,17,15,4.68217054263566,10.3178294573643,15
2025-07-16,77,1,1,0,1.08527131782946,1.08527131782946,0
2025-07-16,78,0,0,0,0.837209302325581,0.837209302325581,0
2025-07-16,79,83,208,125,82.2248062015504,42.7751937984496,125
2025-07-16,80,3,7,4,5.65891472868217,1.65891472868217,4
2025-07-16,81,0,1,1,0.720930232558139,0.279069767441861,1
2025-07-16,82,0,6,6,1,5,6
2025-07-16,83,2,2,0,1.15503875968992,1.15503875968992,0
2025-07-16,84,0,0,0,0.0542635658914728,0.0542635658914728,0
2025-07-16,85,1,2,1,1.2093023255814,0.209302325581395,1
2025-07-16,86,0,3,3,2.03100775193798,0.968992248062015,3
2025-07-16,87,90,66,-24,5.10852713178295,29.1085271317829,24
2025-07-16,88,41,22,-19,-2.41085271317829,16.5891472868217,19
2025-07-16,89,3,7,4,4.56589147286822,0.565891472868217,4
2025-07-16,90,140,144,4,-10.8992248062016,14.8992248062016,4
2025-07-16,91,1,4,3,2.4031007751938,0.596899224806202,3
2025-07-16,92,0,5,5,3.90697674418605,1.09302325581395,5
2025-07-16,93,0,1,1,1.93023255813953,0.930232558139535,1
2025-07-16,94,0,0,0,0.395348837209302,0.395348837209302,0
2025-07-16,95,2,4,2,6.0077519379845,4.0077519379845,2
2025-07-16,96,0,0,0,0.155038759689922,0.155038759689922,0
2025-07-16,97,8,20,12,4.94573643410853,7.05426356589147,12
2025-07-16,98,0,3,3,1.51937984496124,1.48062015503876,3
2025-07-16,99,0,0,0,0,0,0
2025-07-16,100,170,133,-37,-24.2713178294574,12.7286821705426,37
2025-07-16,101,1,0,-1,0.565891472868217,1.56589147286822,1
2025-07-16,102,1,1,0,1.48062015503876,1.48062015503876,0
2025-07-16,105,0,0,0,0,0,0
2025-07-16,106,1,8,7,1.85271317829457,5.14728682170543,7
2025-07-16,107,135,165,30,21.6666666666667,8.33333333333333,30
2025-07-16,108,1,1,0,0.945736434108527,0.945736434108527,0
2025-07-16,109,0,0,0,0.0697674418604651,0.0697674418604651,0
2025-07-16,110,0,0,0,0,0,0
2025-07-16,111,0,0,0,0.0310077519379844,0.0310077519379844,0
2025-07-16,112,7,18,11,16.2790697674419,5.27906976744186,11
2025-07-16,113,105,117,12,13.2558139534884,1.25581395348837,12
2025-07-16,114,86,129,43,24.5658914728682,18.4341085271318,43
2025-07-16,115,0,0,0,0.116279069767442,0.116279069767442,0
2025-07-16,116,12,20,8,12.2015503875969,4.2015503875969,8
2025-07-16,117,0,0,0,1.1937984496124,1.1937984496124,0
2025-07-16,118,0,0,0,0.13953488372093,0.13953488372093,0
2025-07-16,119,1,4,3,1.86046511627907,1.13953488372093,3
2025-07-16,120,0,0,0,0.426356589147287,0.426356589147287,0
2025-07-16,121,0,3,3,1.42635658914729,1.57364341085271,3
2025-07-16,122,0,3,3,0.589147286821705,2.41085271317829,3
2025-07-16,123,0,0,0,1.13178294573643,1.13178294573643,0
2025-07-16,124,0,0,0,1.77519379844961,1.77519379844961,0
2025-07-16,125,49,53,4,-2.09302325581395,6.09302325581395,4
2025-07-16,126,0,2,2,0.294573643410853,1.70542635658915,2
2025-07-16,127,0,9,9,4.92248062015504,4.07751937984496,9
2025-07-16,128,0,0,0,0.472868217054264,0.472868217054264,0
2025-07-16,129,4,6,2,4.51162790697674,2.51162790697674,2
2025-07-16,130,11,5,-6,0.403100775193798,6.4031007751938,6
2025-07-16,131,0,1,1,1.41860465116279,0.418604651162791,1
2025-07-16,132,295,62,-233,-215.976744186046,17.0232558139535,233
2025-07-16,133,1,3,2,1.75193798449612,0.248062015503876,2
2025-07-16,134,0,4,4,1.07751937984496,2.92248062015504,4
2025-07-16,135,0,1,1,1.85271317829457,0.852713178294574,1
2025-07-16,136,0,1,1,0.782945736434108,0.217054263565892,1
2025-07-16,137,92,68,-24,-9.26356589147287,14.7364341085271,24
2025-07-16,138,80,71,-9,-143.744186046512,134.744186046512,9
2025-07-16,139,0,3,3,1.37209302325581,1.62790697674419,3
2025-07-16,140,170,128,-42,-33.1860465116279,8.81395348837209,42
2025-07-16,141,180,243,63,61.1472868217054,1.85271317829457,63
2025-07-16,142,263,342,79,62.8759689922481,16.1240310077519,79
2025-07-16,143,74,145,71,53.1627906976744,17.8372093023256,71
2025-07-16,144,76,89,13,-2.15503875968992,15.1550387596899,13
2025-07-16,145,2,20,18,9.4031007751938,8.5968992248062,18
2025-07-16,146,5,5,0,0.720930232558139,0.720930232558139,0
2025-07-16,147,0,1,1,0.294573643410853,0.705426356589147,1
2025-07-16,148,42,123,81,54.4031007751938,26.5968992248062,81
2025-07-16,149,0,0,0,1.38759689922481,1.38759689922481,0
2025-07-16,150,0,0,0,0.51937984496124,0.51937984496124,0
2025-07-16,151,64,74,10,13,3,10
2025-07-16,152,3,11,8,2.86821705426357,5.13178294573643,8
2025-07-16,153,0,1,1,0.170542635658915,0.829457364341085,1
2025-07-16,154,0,0,0,0.527131782945736,0.527131782945736,0
2025-07-16,155,0,7,7,1.44186046511628,5.55813953488372,7
2025-07-16,156,0,0,0,0.0542635658914728,0.0542635658914728,0
2025-07-16,157,0,1,1,2,1,1
2025-07-16,158,83,126,43,47.8139534883721,4.81395348837209,43
2025-07-16,159,1,5,4,0.395348837209302,3.6046511627907,4
2025-07-16,160,0,5,5,1.89922480620155,3.10077519379845,5
2025-07-16,161,616,391,-225,-286.294573643411,61.2945736434108,225
2025-07-16,162,449,255,-194,-210.364341085271,16.3643410852713,194
2025-07-16,163,357,220,-137,-106.403100775194,30.5968992248062,137
2025-07-16,164,260,190,-70,-25.4418604651163,44.5581395348837,70
2025-07-16,165,0,5,5,1.55038759689922,3.44961240310078,5
2025-07-16,166,49,55,6,7.13178294573643,1.13178294573643,6
2025-07-16,167,3,1,-2,1.41860465116279,3.41860465116279,2
2025-07-16,168,0,7,7,2.56589147286822,4.43410852713178,7
2025-07-16,169,0,1,1,1.16279069767442,0.162790697674419,1
2025-07-16,170,370,262,-108,-46.6666666666667,61.3333333333333,108
2025-07-16,171,0,1,1,1.55813953488372,0.558139534883721,1
2025-07-16,172,0,0,0,0.0542635658914728,0.0542635658914728,0
2025-07-16,173,0,0,0,0.775193798449612,0.775193798449612,0
2025-07-16,174,0,2,2,0.573643410852713,1.42635658914729,2
2025-07-16,175,1,2,1,0.767441860465116,0.232558139534884,1
2025-07-16,176,0,0,0,0.0465116279069767,0.0465116279069767,0
2025-07-16,177,1,3,2,1.51162790697674,0.488372093023256,2
2025-07-16,178,0,0,0,0.829457364341085,0.829457364341085,0
2025-07-16,179,1,7,6,3.2015503875969,2.7984496124031,6
2025-07-16,180,0,1,1,0.875968992248062,0.124031007751938,1
2025-07-16,181,3,22,19,16.6744186046512,2.32558139534884,19
2025-07-16,182,0,3,3,1.69767441860465,1.30232558139535,3
2025-07-16,183,0,0,0,0.426356589147287,0.426356589147287,0
2025-07-16,184,0,0,0,0.0155038759689922,0.0155038759689922,0
2025-07-16,185,0,2,2,1.06201550387597,0.937984496124031,2
2025-07-16,186,271,252,-19,-50.8217054263566,31.8217054263566,19
2025-07-16,187,0,0,0,0.0775193798449612,0.0775193798449612,0
2025-07-16,188,4,6,2,2.85271317829457,0.852713178294574,2
2025-07-16,189,2,8,6,4.48062015503876,1.51937984496124,6
2025-07-16,190,0,1,1,0.689922480620155,0.310077519379845,1
2025-07-16,191,0,5,5,1.65891472868217,3.34108527131783,5
2025-07-16,192,0,1,1,0.697674418604651,0.302325581395349,1
2025-07-16,193,5,6,1,1.24031007751938,0.24031007751938,1
2025-07-16,194,0,1,1,1.15503875968992,0.155038759689922,1
2025-07-16,195,0,2,2,2.09302325581395,0.0930232558139537,2
2025-07-16,196,2,1,-1,0.953488372093023,1.95348837209302,1
2025-07-16,197,2,1,-1,1.8062015503876,2.8062015503876,1
2025-07-16,198,0,5,5,3.04651162790698,1.95348837209302,5
2025-07-16,199,0,0,0,-0.0155038759689922,0.0155038759689922,0
2025-07-16,200,0,1,1,2.31007751937985,1.31007751937985,1
2025-07-16,201,0,0,0,0.589147286821705,0.589147286821705,0
2025-07-16,202,1,8,7,3.57364341085271,3.42635658914729,7
2025-07-16,203,1,1,0,1.3953488372093,1.3953488372093,0
2025-07-16,204,0,0,0,0.0155038759689922,0.0155038759689922,0
2025-07-16,205,0,2,2,2.62790697674419,0.627906976744186,2
2025-07-16,206,0,0,0,0.193798449612403,0.193798449612403,0
2025-07-16,207,0,0,0,-0.0542635658914728,0.0542635658914728,0
2025-07-16,208,0,0,0,1.27906976744186,1.27906976744186,0
2025-07-16,209,22,21,-1,8.03875968992248,9.03875968992248,1
2025-07-16,210,1,3,2,1.27131782945736,0.728682170542636,2
2025-07-16,211,88,85,-3,3.75193798449612,6.75193798449612,3
2025-07-16,212,0,0,0,0.503875968992248,0.503875968992248,0
2025-07-16,213,1,2,1,1.29457364341085,0.294573643410853,1
2025-07-16,214,0,0,0,0.147286821705426,0.147286821705426,0
2025-07-16,215,1,1,0,1.75968992248062,1.75968992248062,0
2025-07-16,216,0,8,8,5.67441860465116,2.32558139534884,8
2025-07-16,217,2,6,4,2.6046511627907,1.3953488372093,4
2025-07-16,218,0,3,3,2.7906976744186,0.209302325581395,3
2025-07-16,219,0,1,1,2.43410852713178,1.43410852713178,1
2025-07-16,220,1,5,4,2.24031007751938,1.75968992248062,4
2025-07-16,221,0,2,2,0.13953488372093,1.86046511627907,2
2025-07-16,222,0,1,1,0.883720930232558,0.116279069767442,1
2025-07-16,223,8,7,-1,5.72093023255814,6.72093023255814,1
2025-07-16,224,11,34,23,22.8759689922481,0.124031007751935,23
2025-07-16,225,1,6,5,4.31007751937984,0.689922480620155,5
2025-07-16,226,6,15,9,1.68217054263566,7.31782945736434,9
2025-07-16,227,2,0,-2,1.09302325581395,3.09302325581395,2
2025-07-16,228,1,3,2,1.94573643410853,0.054263565891473,2
2025-07-16,229,150,211,61,36.4961240310078,24.5038759689922,61
2025-07-16,230,372,390,18,84.7286821705426,66.7286821705426,18
2025-07-16,231,159,149,-10,4.27131782945736,14.2713178294574,10
2025-07-16,232,9,39,30,33.5503875968992,3.55038759689923,30
2025-07-16,233,132,125,-7,-1.31007751937985,5.68992248062015,7
2025-07-16,234,304,288,-16,-42.6899224806202,26.6899224806202,16
2025-07-16,235,3,3,0,1.29457364341085,1.29457364341085,0
2025-07-16,236,320,393,73,43.5891472868217,29.4108527131783,73
2025-07-16,237,480,440,-40,-6.51937984496124,33.4806201550388,40
2025-07-16,238,143,186,43,43.3798449612403,0.379844961240309,43
2025-07-16,239,209,264,55,72.8139534883721,17.8139534883721,55
2025-07-16,240,0,0,0,0.286821705426357,0.286821705426357,0
2025-07-16,241,1,3,2,1.09302325581395,0.906976744186047,2
2025-07-16,242,1,0,-1,0.472868217054264,1.47286821705426,1
2025-07-16,243,4,16,12,11.6744186046512,0.325581395348838,12
2025-07-16,244,8,23,15,12.6666666666667,2.33333333333333,15
2025-07-16,245,0,0,0,0.0852713178294573,0.0852713178294573,0
2025-07-16,246,248,198,-50,-22.5116279069767,27.4883720930233,50
2025-07-16,247,1,0,-1,3.26356589147287,4.26356589147287,1
2025-07-16,248,0,1,1,0.689922480620155,0.310077519379845,1
2025-07-16,249,112,206,94,70.3798449612403,23.6201550387597,94
2025-07-16,250,2,1,-1,0.387596899224806,1.38759689922481,1
2025-07-16,251,0,0,0,0.116279069767442,0.116279069767442,0
2025-07-16,252,0,2,2,1.18604651162791,0.813953488372093,2
2025-07-16,253,0,0,0,0.10077519379845,0.10077519379845,0
2025-07-16,254,1,2,1,1.35658914728682,0.356589147286822,1
2025-07-16,255,3,14,11,15.5736434108527,4.57364341085271,11
2025-07-16,256,2,21,19,12.046511627907,6.95348837209302,19
2025-07-16,257,1,3,2,2.90697674418605,0.906976744186046,2
2025-07-16,258,0,0,0,1.78294573643411,1.78294573643411,0
2025-07-16,259,1,3,2,1.04651162790698,0.953488372093023,2
2025-07-16,260,4,3,-1,2.10077519379845,3.10077519379845,1
2025-07-16,261,53,28,-25,-22.922480620155,2.07751937984496,25
2025-07-16,262,97,131,34,41.2945736434108,7.29457364341085,34
2025-07-16,263,129,210,81,68.4341085271318,12.5658914728682,81
2025-07-17,1,0,18,18,16.6976744186047,1.30232558139535,18
2025-07-17,2,0,0,0,0.0310077519379844,0.0310077519379844,0
2025-07-17,3,0,1,1,0.682170542635659,0.317829457364341,1
2025-07-17,4,13,48,35,26.8217054263566,8.17829457364341,35
2025-07-17,5,0,0,0,0.0232558139534883,0.0232558139534883,0
2025-07-17,6,0,0,0,0.131782945736434,0.131782945736434,0
2025-07-17,7,5,13,8,9.62790697674418,1.62790697674418,8
2025-07-17,8,0,1,1,0.0465116279069767,0.953488372093023,1
2025-07-17,9,0,0,0,0.527131782945736,0.527131782945736,0
2025-07-17,10,2,11,9,6.08527131782946,2.91472868217054,9
2025-07-17,11,1,1,0,0.488372093023256,0.488372093023256,0
2025-07-17,12,2,6,4,-0.48062015503876,4.48062015503876,4
2025-07-17,13,109,63,-46,-33.9457364341085,12.0542635658915,46
2025-07-17,14,3,9,6,4.67441860465116,1.32558139534884,6
2025-07-17,15,0,1,1,0.914728682170543,0.0852713178294574,1
2025-07-17,16,0,2,2,1.10077519379845,0.89922480620155,2
2025-07-17,17,4,5,1,4.49612403100775,3.49612403100775,1
2025-07-17,18,2,1,-1,1.15503875968992,2.15503875968992,1
2025-07-17,19,0,2,2,0.945736434108527,1.05426356589147,2
2025-07-17,20,0,3,3,0.612403100775194,2.38759689922481,3
2025-07-17,21,1,1,0,0.930232558139535,0.930232558139535,0
2025-07-17,22,0,4,4,1.2015503875969,2.7984496124031,4
2025-07-17,23,0,1,1,0.155038759689922,0.844961240310078,1
2025-07-17,24,19,22,3,9.77519379844961,6.77519379844961,3
2025-07-17,25,9,16,7,8.10852713178295,1.10852713178295,7
2025-07-17,26,1,2,1,2.16279069767442,1.16279069767442,1
2025-07-17,27,0,1,1,0.108527131782946,0.891472868217054,1
2025-07-17,28,2,3,1,1.65891472868217,0.658914728682171,1
2025-07-17,29,0,0,0,0.86046511627907,0.86046511627907,0
2025-07-17,30,0,1,1,0.0620155038759689,0.937984496124031,1
2025-07-17,31,0,0,0,0.193798449612403,0.193798449612403,0
2025-07-17,32,1,1,0,0.713178294573643,0.713178294573643,0
2025-07-17,33,14,26,12,15.2170542635659,3.21705426356589,12
2025-07-17,34,0,1,1,-0.155038759689922,1.15503875968992,1
2025-07-17,35,0,4,4,2.22480620155039,1.77519379844961,4
2025-07-17,36,2,7,5,3.65116279069767,1.34883720930233,5
2025-07-17,37,3,12,9,5.1937984496124,3.8062015503876,9
2025-07-17,38,0,1,1,1.37984496124031,0.37984496124031,1
2025-07-17,39,1,11,10,3.75193798449612,6.24806201550388,10
2025-07-17,40,0,8,8,6.83720930232558,1.16279069767442,8
2025-07-17,41,25,45,20,26.0232558139535,6.02325581395349,20
2025-07-17,42,9,42,33,24.4108527131783,8.58914728682171,33
2025-07-17,43,110,75,-35,-17.3720930232558,17.6279069767442,35
2025-07-17,44,0,0,0,0.0077519379844961,0.0077519379844961,0
2025-07-17,45,19,25,6,12.4806201550388,6.48062015503876,6
2025-07-17,46,1,0,-1,0.155038759689922,1.15503875968992,1
2025-07-17,47,2,1,-1,0.844961240310077,1.84496124031008,1
2025-07-17,48,185,277,92,70.3565891472868,21.6434108527132,92
2025-07-17,49,1,11,10,7.2015503875969,2.7984496124031,10
2025-07-17,50,53,102,49,47.2790697674419,1.72093023255814,49
2025-07-17,51,0,3,3,2.35658914728682,0.643410852713178,3
2025-07-17,52,2,7,5,4.28682170542636,0.713178294573644,5
2025-07-17,53,0,1,1,0.697674418604651,0.302325581395349,1
2025-07-17,54,1,3,2,1.87596899224806,0.124031007751938,2
2025-07-17,55,0,8,8,1.85271317829457,6.14728682170543,8
2025-07-17,56,0,4,4,1.47286821705426,2.52713178294574,4
2025-07-17,57,0,0,0,0.0852713178294573,0.0852713178294573,0
2025-07-17,58,0,0,0,0.224806201550388,0.224806201550388,0
2025-07-17,59,0,0,0,0.0310077519379844,0.0310077519379844,0
2025-07-17,60,1,1,0,0.48062015503876,0.48062015503876,0
2025-07-17,61,6,8,2,7.2093023255814,5.2093023255814,2
2025-07-17,62,1,7,6,2.24031007751938,3.75968992248062,6
2025-07-17,63,1,2,1,1.61240310077519,0.612403100775194,1
2025-07-17,64,0,0,0,0.922480620155039,0.922480620155039,0
2025-07-17,65,13,14,1,1.81395348837209,0.813953488372093,1
2025-07-17,66,13,18,5,5.24031007751938,0.24031007751938,5
2025-07-17,67,0,1,1,0.813953488372093,0.186046511627907,1
2025-07-17,68,297,276,-21,-48.1937984496124,27.1937984496124,21
2025-07-17,69,0,6,6,2.05426356589147,3.94573643410853,6
2025-07-17,70,36,2,-34,-17.8604651162791,16.1395348837209,34
2025-07-17,71,1,3,2,1.93023255813953,0.069767441860465,2
2025-07-17,72,4,5,1,1.74418604651163,0.744186046511628,1
2025-07-17,73,0,1,1,0.457364341085271,0.542635658914729,1
2025-07-17,74,22,62,40,35.6821705426357,4.31782945736434,40
2025-07-17,75,43,46,3,29.7131782945736,26.7131782945736,3
2025-07-17,76,1,12,11,4.68217054263566,6.31782945736434,11
2025-07-17,77,1,2,1,1.08527131782946,0.0852713178294573,1
2025-07-17,78,0,2,2,0.837209302325581,1.16279069767442,2
2025-07-17,79,125,221,96,82.2248062015504,13.7751937984496,96
2025-07-17,80,0,9,9,5.65891472868217,3.34108527131783,9
2025-07-17,81,0,1,1,0.720930232558139,0.279069767441861,1
2025-07-17,82,2,5,3,1,2,3
2025-07-17,83,1,0,-1,1.15503875968992,2.15503875968992,1
2025-07-17,84,0,0,0,0.0542635658914728,0.0542635658914728,0
2025-07-17,85,3,2,-1,1.2093023255814,2.2093023255814,1
2025-07-17,86,1,3,2,2.03100775193798,0.031007751937985,2
2025-07-17,87,85,95,10,5.10852713178295,4.89147286821705,10
2025-07-17,88,47,33,-14,-2.41085271317829,11.5891472868217,14
2025-07-17,89,3,15,12,4.56589147286822,7.43410852713178,12
2025-07-17,90,170,133,-37,-10.8992248062016,26.1007751937984,37
2025-07-17,91,3,3,0,2.4031007751938,2.4031007751938,0
2025-07-17,92,1,3,2,3.90697674418605,1.90697674418605,2
2025-07-17,93,0,1,1,1.93023255813953,0.930232558139535,1
2025-07-17,94,0,2,2,0.395348837209302,1.6046511627907,2
2025-07-17,95,2,14,12,6.0077519379845,5.9922480620155,12
2025-07-17,96,0,0,0,0.155038759689922,0.155038759689922,0
2025-07-17,97,6,14,8,4.94573643410853,3.05426356589147,8
2025-07-17,98,0,3,3,1.51937984496124,1.48062015503876,3
2025-07-17,99,0,0,0,0,0,0
2025-07-17,100,162,117,-45,-24.2713178294574,20.7286821705426,45
2025-07-17,101,1,1,0,0.565891472868217,0.565891472868217,0
2025-07-17,102,0,4,4,1.48062015503876,2.51937984496124,4
2025-07-17,105,0,0,0,0,0,0
2025-07-17,106,3,3,0,1.85271317829457,1.85271317829457,0
2025-07-17,107,171,189,18,21.6666666666667,3.66666666666667,18
2025-07-17,108,0,0,0,0.945736434108527,0.945736434108527,0
2025-07-17,109,0,0,0,0.0697674418604651,0.0697674418604651,0
2025-07-17,110,0,0,0,0,0,0
2025-07-17,111,0,0,0,0.0310077519379844,0.0310077519379844,0
2025-07-17,112,4,18,14,16.2790697674419,2.27906976744186,14
2025-07-17,113,125,130,5,13.2558139534884,8.25581395348837,5
2025-07-17,114,80,122,42,24.5658914728682,17.4341085271318,42
2025-07-17,115,0,0,0,0.116279069767442,0.116279069767442,0
2025-07-17,116,11,19,8,12.2015503875969,4.2015503875969,8
2025-07-17,117,0,2,2,1.1937984496124,0.806201550387597,2
2025-07-17,118,0,0,0,0.13953488372093,0.13953488372093,0
2025-07-17,119,0,1,1,1.86046511627907,0.86046511627907,1
2025-07-17,120,0,0,0,0.426356589147287,0.426356589147287,0
2025-07-17,121,0,1,1,1.42635658914729,0.426356589147287,1
2025-07-17,122,0,2,2,0.589147286821705,1.41085271317829,2
2025-07-17,123,0,0,0,1.13178294573643,1.13178294573643,0
2025-07-17,124,0,1,1,1.77519379844961,0.775193798449612,1
2025-07-17,125,62,47,-15,-2.09302325581395,12.906976744186,15
2025-07-17,126,0,0,0,0.294573643410853,0.294573643410853,0
2025-07-17,127,2,4,2,4.92248062015504,2.92248062015504,2
2025-07-17,128,0,0,0,0.472868217054264,0.472868217054264,0
2025-07-17,129,4,9,5,4.51162790697674,0.488372093023256,5
2025-07-17,130,4,11,7,0.403100775193798,6.5968992248062,7
2025-07-17,131,1,2,1,1.41860465116279,0.418604651162791,1
2025-07-17,132,314,94,-220,-215.976744186046,4.02325581395351,220
2025-07-17,133,0,2,2,1.75193798449612,0.248062015503876,2
2025-07-17,134,0,1,1,1.07751937984496,0.0775193798449612,1
2025-07-17,135,0,8,8,1.85271317829457,6.14728682170543,8
2025-07-17,136,0,2,2,0.782945736434108,1.21705426356589,2
2025-07-17,137,102,99,-3,-9.26356589147287,6.26356589147287,3
2025-07-17,138,159,99,-60,-143.744186046512,83.7441860465116,60
2025-07-17,139,0,2,2,1.37209302325581,0.627906976744186,2
2025-07-17,140,153,127,-26,-33.1860465116279,7.18604651162791,26
2025-07-17,141,193,259,66,61.1472868217054,4.85271317829457,66
2025-07-17,142,223,316,93,62.8759689922481,30.1240310077519,93
2025-07-17,143,75,130,55,53.1627906976744,1.83720930232558,55
2025-07-17,144,100,100,0,-2.15503875968992,2.15503875968992,0
2025-07-17,145,7,11,4,9.4031007751938,5.4031007751938,4
2025-07-17,146,7,5,-2,0.720930232558139,2.72093023255814,2
2025-07-17,147,1,2,1,0.294573643410853,0.705426356589147,1
2025-07-17,148,55,118,63,54.4031007751938,8.5968992248062,63
2025-07-17,149,0,2,2,1.38759689922481,0.612403100775194,2
2025-07-17,150,0,1,1,0.51937984496124,0.48062015503876,1
2025-07-17,151,51,60,9,13,4,9
2025-07-17,152,17,8,-9,2.86821705426357,11.8682170542636,9
2025-07-17,153,0,0,0,0.170542635658915,0.170542635658915,0
2025-07-17,154,0,0,0,0.527131782945736,0.527131782945736,0
2025-07-17,155,0,1,1,1.44186046511628,0.441860465116279,1
2025-07-17,156,0,0,0,0.0542635658914728,0.0542635658914728,0
2025-07-17,157,1,2,1,2,1,1
2025-07-17,158,81,154,73,47.8139534883721,25.1860465116279,73
2025-07-17,159,0,2,2,0.395348837209302,1.6046511627907,2
2025-07-17,160,1,3,2,1.89922480620155,0.10077519379845,2
2025-07-17,161,608,316,-292,-286.294573643411,5.70542635658916,292
2025-07-17,162,536,249,-287,-210.364341085271,76.6356589147287,287
2025-07-17,163,366,221,-145,-106.403100775194,38.5968992248062,145
2025-07-17,164,260,219,-41,-25.4418604651163,15.5581395348837,41
2025-07-17,165,1,2,1,1.55038759689922,0.550387596899225,1
2025-07-17,166,38,44,6,7.13178294573643,1.13178294573643,6
2025-07-17,167,0,4,4,1.41860465116279,2.58139534883721,4
2025-07-17,168,0,4,4,2.56589147286822,1.43410852713178,4
2025-07-17,169,2,2,0,1.16279069767442,1.16279069767442,0
2025-07-17,170,325,283,-42,-46.6666666666667,4.66666666666666,42
2025-07-17,171,0,1,1,1.55813953488372,0.558139534883721,1
2025-07-17,172,0,0,0,0.0542635658914728,0.0542635658914728,0
2025-07-17,173,0,2,2,0.775193798449612,1.22480620155039,2
2025-07-17,174,0,2,2,0.573643410852713,1.42635658914729,2
2025-07-17,175,0,2,2,0.767441860465116,1.23255813953488,2
2025-07-17,176,0,0,0,0.0465116279069767,0.0465116279069767,0
2025-07-17,177,0,2,2,1.51162790697674,0.488372093023256,2
2025-07-17,178,0,0,0,0.829457364341085,0.829457364341085,0
2025-07-17,179,3,4,1,3.2015503875969,2.2015503875969,1
2025-07-17,180,0,3,3,0.875968992248062,2.12403100775194,3
2025-07-17,181,5,28,23,16.6744186046512,6.32558139534884,23
2025-07-17,182,0,8,8,1.69767441860465,6.30232558139535,8
2025-07-17,183,0,0,0,0.426356589147287,0.426356589147287,0
2025-07-17,184,0,0,0,0.0155038759689922,0.0155038759689922,0
2025-07-17,185,0,4,4,1.06201550387597,2.93798449612403,4
2025-07-17,186,282,216,-66,-50.8217054263566,15.1782945736434,66
2025-07-17,187,0,0,0,0.0775193798449612,0.0775193798449612,0
2025-07-17,188,3,5,2,2.85271317829457,0.852713178294574,2
2025-07-17,189,1,10,9,4.48062015503876,4.51937984496124,9
2025-07-17,190,0,0,0,0.689922480620155,0.689922480620155,0
2025-07-17,191,0,4,4,1.65891472868217,2.34108527131783,4
2025-07-17,192,1,1,0,0.697674418604651,0.697674418604651,0
2025-07-17,193,1,5,4,1.24031007751938,2.75968992248062,4
2025-07-17,194,0,1,1,1.15503875968992,0.155038759689922,1
2025-07-17,195,1,3,2,2.09302325581395,0.0930232558139537,2
2025-07-17,196,0,3,3,0.953488372093023,2.04651162790698,3
2025-07-17,197,8,2,-6,1.8062015503876,7.8062015503876,6
2025-07-17,198,0,3,3,3.04651162790698,0.0465116279069768,3
2025-07-17,199,0,0,0,-0.0155038759689922,0.0155038759689922,0
2025-07-17,200,0,0,0,2.31007751937985,2.31007751937985,0
2025-07-17,201,0,1,1,0.589147286821705,0.410852713178295,1
2025-07-17,202,1,4,3,3.57364341085271,0.573643410852713,3
2025-07-17,203,1,3,2,1.3953488372093,0.604651162790698,2
2025-07-17,204,0,0,0,0.0155038759689922,0.0155038759689922,0
2025-07-17,205,1,3,2,2.62790697674419,0.627906976744186,2
2025-07-17,206,0,0,0,0.193798449612403,0.193798449612403,0
2025-07-17,207,0,0,0,-0.0542635658914728,0.0542635658914728,0
2025-07-17,208,0,2,2,1.27906976744186,0.72093023255814,2
2025-07-17,209,25,39,14,8.03875968992248,5.96124031007752,14
2025-07-17,210,1,5,4,1.27131782945736,2.72868217054264,4
2025-07-17,211,94,90,-4,3.75193798449612,7.75193798449612,4
2025-07-17,212,0,1,1,0.503875968992248,0.496124031007752,1
2025-07-17,213,0,5,5,1.29457364341085,3.70542635658915,5
2025-07-17,214,0,0,0,0.147286821705426,0.147286821705426,0
2025-07-17,215,0,3,3,1.75968992248062,1.24031007751938,3
2025-07-17,216,1,9,8,5.67441860465116,2.32558139534884,8
2025-07-17,217,0,0,0,2.6046511627907,2.6046511627907,0
2025-07-17,218,0,4,4,2.7906976744186,1.2093023255814,4
2025-07-17,219,1,3,2,2.43410852713178,0.434108527131783,2
2025-07-17,220,1,2,1,2.24031007751938,1.24031007751938,1
2025-07-17,221,0,1,1,0.13953488372093,0.86046511627907,1
2025-07-17,222,0,0,0,0.883720930232558,0.883720930232558,0
2025-07-17,223,0,12,12,5.72093023255814,6.27906976744186,12
2025-07-17,224,20,33,13,22.8759689922481,9.87596899224807,13
2025-07-17,225,2,8,6,4.31007751937984,1.68992248062016,6
2025-07-17,226,11,16,5,1.68217054263566,3.31782945736434,5
2025-07-17,227,0,1,1,1.09302325581395,0.0930232558139534,1
2025-07-17,228,3,6,3,1.94573643410853,1.05426356589147,3
2025-07-17,229,154,212,58,36.4961240310078,21.5038759689922,58
2025-07-17,230,320,431,111,84.7286821705426,26.2713178294574,111
2025-07-17,231,167,162,-5,4.27131782945736,9.27131782945736,5
2025-07-17,232,9,31,22,33.5503875968992,11.5503875968992,22
2025-07-17,233,136,120,-16,-1.31007751937985,14.6899224806202,16
2025-07-17,234,301,280,-21,-42.6899224806202,21.6899224806202,21
2025-07-17,235,1,4,3,1.29457364341085,1.70542635658915,3
2025-07-17,236,292,340,48,43.5891472868217,4.41085271317829,48
2025-07-17,237,454,449,-5,-6.51937984496124,1.51937984496124,5
2025-07-17,238,125,153,28,43.3798449612403,15.3798449612403,28
2025-07-17,239,190,235,45,72.8139534883721,27.8139534883721,45
2025-07-17,240,0,1,1,0.286821705426357,0.713178294573643,1
2025-07-17,241,1,0,-1,1.09302325581395,2.09302325581395,1
2025-07-17,242,0,0,0,0.472868217054264,0.472868217054264,0
2025-07-17,243,1,9,8,11.6744186046512,3.67441860465116,8
2025-07-17,244,12,21,9,12.6666666666667,3.66666666666667,9
2025-07-17,245,0,0,0,0.0852713178294573,0.0852713178294573,0
2025-07-17,246,257,253,-4,-22.5116279069767,18.5116279069767,4
2025-07-17,247,1,5,4,3.26356589147287,0.736434108527132,4
2025-07-17,248,0,0,0,0.689922480620155,0.689922480620155,0
2025-07-17,249,147,233,86,70.3798449612403,15.6201550387597,86
2025-07-17,250,0,2,2,0.387596899224806,1.61240310077519,2
2025-07-17,251,0,0,0,0.116279069767442,0.116279069767442,0
2025-07-17,252,0,1,1,1.18604651162791,0.186046511627907,1
2025-07-17,253,0,0,0,0.10077519379845,0.10077519379845,0
2025-07-17,254,0,4,4,1.35658914728682,2.64341085271318,4
2025-07-17,255,1,20,19,15.5736434108527,3.42635658914729,19
2025-07-17,256,7,17,10,12.046511627907,2.04651162790698,10
2025-07-17,257,0,3,3,2.90697674418605,0.0930232558139537,3
2025-07-17,258,1,6,5,1.78294573643411,3.21705426356589,5
2025-07-17,259,0,0,0,1.04651162790698,1.04651162790698,0
2025-07-17,260,3,1,-2,2.10077519379845,4.10077519379845,2
2025-07-17,261,40,25,-15,-22.922480620155,7.92248062015504,15
2025-07-17,262,88,124,36,41.2945736434108,5.29457364341085,36
2025-07-17,263,128,222,94,68.4341085271318,25.5658914728682,94
2025-07-18,1,0,11,11,16.6976744186047,5.69767441860465,11
2025-07-18,2,0,0,0,0.0310077519379844,0.0310077519379844,0
2025-07-18,3,0,2,2,0.682170542635659,1.31782945736434,2
2025-07-18,4,14,47,33,26.8217054263566,6.17829457364341,33
2025-07-18,5,0,0,0,0.0232558139534883,0.0232558139534883,0
2025-07-18,6,1,0,-1,0.131782945736434,1.13178294573643,1
2025-07-18,7,9,16,7,9.62790697674418,2.62790697674418,7
2025-07-18,8,0,0,0,0.0465116279069767,0.0465116279069767,0
2025-07-18,9,0,0,0,0.527131782945736,0.527131782945736,0
2025-07-18,10,2,10,8,6.08527131782946,1.91472868217054,8
2025-07-18,11,0,0,0,0.488372093023256,0.488372093023256,0
2025-07-18,12,5,5,0,-0.48062015503876,0.48062015503876,0
2025-07-18,13,69,43,-26,-33.9457364341085,7.94573643410853,26
2025-07-18,14,2,3,1,4.67441860465116,3.67441860465116,1
2025-07-18,15,0,1,1,0.914728682170543,0.0852713178294574,1
2025-07-18,16,0,0,0,1.10077519379845,1.10077519379845,0
2025-07-18,17,9,10,1,4.49612403100775,3.49612403100775,1
2025-07-18,18,0,2,2,1.15503875968992,0.844961240310078,2
2025-07-18,19,1,1,0,0.945736434108527,0.945736434108527,0
2025-07-18,20,0,2,2,0.612403100775194,1.38759689922481,2
2025-07-18,21,0,1,1,0.930232558139535,0.0697674418604652,1
2025-07-18,22,1,1,0,1.2015503875969,1.2015503875969,0
2025-07-18,23,0,0,0,0.155038759689922,0.155038759689922,0
2025-07-18,24,24,27,3,9.77519379844961,6.77519379844961,3
2025-07-18,25,10,17,7,8.10852713178295,1.10852713178295,7
2025-07-18,26,0,3,3,2.16279069767442,0.837209302325582,3
2025-07-18,27,1,1,0,0.108527131782946,0.108527131782946,0
2025-07-18,28,0,0,0,1.65891472868217,1.65891472868217,0
2025-07-18,29,0,2,2,0.86046511627907,1.13953488372093,2
2025-07-18,30,0,0,0,0.0620155038759689,0.0620155038759689,0
2025-07-18,31,0,0,0,0.193798449612403,0.193798449612403,0
2025-07-18,32,0,3,3,0.713178294573643,2.28682170542636,3
2025-07-18,33,7,21,14,15.2170542635659,1.21705426356589,14
2025-07-18,34,0,1,1,-0.155038759689922,1.15503875968992,1
2025-07-18,35,2,4,2,2.22480620155039,0.224806201550388,2
2025-07-18,36,2,3,1,3.65116279069767,2.65116279069767,1
2025-07-18,37,6,12,6,5.1937984496124,0.806201550387597,6
2025-07-18,38,0,2,2,1.37984496124031,0.62015503875969,2
2025-07-18,39,1,9,8,3.75193798449612,4.24806201550388,8
2025-07-18,40,4,8,4,6.83720930232558,2.83720930232558,4
2025-07-18,41,25,46,21,26.0232558139535,5.02325581395349,21
2025-07-18,42,18,27,9,24.4108527131783,15.4108527131783,9
2025-07-18,43,98,62,-36,-17.3720930232558,18.6279069767442,36
2025-07-18,44,0,1,1,0.0077519379844961,0.992248062015504,1
2025-07-18,45,13,18,5,12.4806201550388,7.48062015503876,5
2025-07-18,46,0,0,0,0.155038759689922,0.155038759689922,0
2025-07-18,47,1,2,1,0.844961240310077,0.155038759689923,1
2025-07-18,48,149,280,131,70.3565891472868,60.6434108527132,131
2025-07-18,49,5,10,5,7.2015503875969,2.2015503875969,5
2025-07-18,50,43,84,41,47.2790697674419,6.27906976744186,41
2025-07-18,51,1,6,5,2.35658914728682,2.64341085271318,5
2025-07-18,52,1,5,4,4.28682170542636,0.286821705426356,4
2025-07-18,53,1,4,3,0.697674418604651,2.30232558139535,3
2025-07-18,54,0,2,2,1.87596899224806,0.124031007751938,2
2025-07-18,55,1,3,2,1.85271317829457,0.147286821705426,2
2025-07-18,56,5,4,-1,1.47286821705426,2.47286821705426,1
2025-07-18,57,0,0,0,0.0852713178294573,0.0852713178294573,0
2025-07-18,58,0,0,0,0.224806201550388,0.224806201550388,0
2025-07-18,59,0,0,0,0.0310077519379844,0.0310077519379844,0
2025-07-18,60,1,3,2,0.48062015503876,1.51937984496124,2
2025-07-18,61,8,21,13,7.2093023255814,5.7906976744186,13
2025-07-18,62,0,7,7,2.24031007751938,4.75968992248062,7
2025-07-18,63,0,2,2,1.61240310077519,0.387596899224806,2
2025-07-18,64,0,1,1,0.922480620155039,0.0775193798449612,1
2025-07-18,65,12,11,-1,1.81395348837209,2.81395348837209,1
2025-07-18,66,12,9,-3,5.24031007751938,8.24031007751938,3
2025-07-18,67,0,1,1,0.813953488372093,0.186046511627907,1
2025-07-18,68,222,170,-52,-48.1937984496124,3.8062015503876,52
2025-07-18,69,4,6,2,2.05426356589147,0.054263565891473,2
2025-07-18,70,33,3,-30,-17.8604651162791,12.1395348837209,30
2025-07-18,71,3,5,2,1.93023255813953,0.069767441860465,2
2025-07-18,72,6,3,-3,1.74418604651163,4.74418604651163,3
2025-07-18,73,0,0,0,0.457364341085271,0.457364341085271,0
2025-07-18,74,28,49,21,35.6821705426357,14.6821705426357,21
2025-07-18,75,54,61,7,29.7131782945736,22.7131782945736,7
2025-07-18,76,2,7,5,4.68217054263566,0.317829457364341,5
2025-07-18,77,1,2,1,1.08527131782946,0.0852713178294573,1
2025-07-18,78,1,2,1,0.837209302325581,0.162790697674419,1
2025-07-18,79,132,196,64,82.2248062015504,18.2248062015504,64
2025-07-18,80,4,12,8,5.65891472868217,2.34108527131783,8
2025-07-18,81,1,2,1,0.720930232558139,0.279069767441861,1
2025-07-18,82,6,5,-1,1,2,1
2025-07-18,83,2,0,-2,1.15503875968992,3.15503875968992,2
2025-07-18,84,0,0,0,0.0542635658914728,0.0542635658914728,0
2025-07-18,85,3,6,3,1.2093023255814,1.7906976744186,3
2025-07-18,86,0,4,4,2.03100775193798,1.96899224806202,4
2025-07-18,87,72,83,11,5.10852713178295,5.89147286821705,11
2025-07-18,88,39,18,-21,-2.41085271317829,18.5891472868217,21
2025-07-18,89,1,10,9,4.56589147286822,4.43410852713178,9
2025-07-18,90,118,88,-30,-10.8992248062016,19.1007751937984,30
2025-07-18,91,1,4,3,2.4031007751938,0.596899224806202,3
2025-07-18,92,0,3,3,3.90697674418605,0.906976744186046,3
2025-07-18,93,0,10,10,1.93023255813953,8.06976744186047,10
2025-07-18,94,0,0,0,0.395348837209302,0.395348837209302,0
2025-07-18,95,3,7,4,6.0077519379845,2.0077519379845,4
2025-07-18,96,0,2,2,0.155038759689922,1.84496124031008,2
2025-07-18,97,7,16,9,4.94573643410853,4.05426356589147,9
2025-07-18,98,0,1,1,1.51937984496124,0.51937984496124,1
2025-07-18,99,0,0,0,0,0,0
2025-07-18,100,109,111,2,-24.2713178294574,26.2713178294574,2
2025-07-18,101,2,1,-1,0.565891472868217,1.56589147286822,1
2025-07-18,102,0,2,2,1.48062015503876,0.51937984496124,2
2025-07-18,105,0,0,0,0,0,0
2025-07-18,106,0,2,2,1.85271317829457,0.147286821705426,2
2025-07-18,107,142,143,1,21.6666666666667,20.6666666666667,1
2025-07-18,108,0,2,2,0.945736434108527,1.05426356589147,2
2025-07-18,109,0,0,0,0.0697674418604651,0.0697674418604651,0
2025-07-18,110,0,0,0,0,0,0
2025-07-18,111,0,0,0,0.0310077519379844,0.0310077519379844,0
2025-07-18,112,10,18,8,16.2790697674419,8.27906976744186,8
2025-07-18,113,85,104,19,13.2558139534884,5.74418604651163,19
2025-07-18,114,79,70,-9,24.5658914728682,33.5658914728682,9
2025-07-18,115,0,0,0,0.116279069767442,0.116279069767442,0
2025-07-18,116,7,16,9,12.2015503875969,3.2015503875969,9
2025-07-18,117,1,3,2,1.1937984496124,0.806201550387597,2
2025-07-18,118,0,0,0,0.13953488372093,0.13953488372093,0
2025-07-18,119,0,3,3,1.86046511627907,1.13953488372093,3
2025-07-18,120,0,1,1,0.426356589147287,0.573643410852713,1
2025-07-18,121,0,2,2,1.42635658914729,0.573643410852713,2
2025-07-18,122,0,2,2,0.589147286821705,1.41085271317829,2
2025-07-18,123,0,0,0,1.13178294573643,1.13178294573643,0
2025-07-18,124,1,6,5,1.77519379844961,3.22480620155039,5
2025-07-18,125,34,36,2,-2.09302325581395,4.09302325581395,2
2025-07-18,126,3,1,-2,0.294573643410853,2.29457364341085,2
2025-07-18,127,3,7,4,4.92248062015504,0.922480620155039,4
2025-07-18,128,0,0,0,0.472868217054264,0.472868217054264,0
2025-07-18,129,7,11,4,4.51162790697674,0.511627906976744,4
2025-07-18,130,1,6,5,0.403100775193798,4.5968992248062,5
2025-07-18,131,0,3,3,1.41860465116279,1.58139534883721,3
2025-07-18,132,325,79,-246,-215.976744186046,30.0232558139535,246
2025-07-18,133,1,0,-1,1.75193798449612,2.75193798449612,1
2025-07-18,134,0,0,0,1.07751937984496,1.07751937984496,0
2025-07-18,135,0,3,3,1.85271317829457,1.14728682170543,3
2025-07-18,136,0,3,3,0.782945736434108,2.21705426356589,3
2025-07-18,137,101,86,-15,-9.26356589147287,5.73643410852713,15
2025-07-18,138,160,33,-127,-143.744186046512,16.7441860465116,127
2025-07-18,139,2,1,-1,1.37209302325581,2.37209302325581,1
2025-07-18,140,139,94,-45,-33.1860465116279,11.8139534883721,45
2025-07-18,141,167,160,-7,61.1472868217054,68.1472868217054,7
2025-07-18,142,215,297,82,62.8759689922481,19.1240310077519,82
2025-07-18,143,103,113,10,53.1627906976744,43.1627906976744,10
2025-07-18,144,98,105,7,-2.15503875968992,9.15503875968992,7
2025-07-18,145,11,13,2,9.4031007751938,7.4031007751938,2
2025-07-18,146,2,6,4,0.720930232558139,3.27906976744186,4
2025-07-18,147,0,2,2,0.294573643410853,1.70542635658915,2
2025-07-18,148,42,95,53,54.4031007751938,1.4031007751938,53
2025-07-18,149,0,3,3,1.38759689922481,1.61240310077519,3
2025-07-18,150,0,1,1,0.51937984496124,0.48062015503876,1
2025-07-18,151,75,54,-21,13,34,21
2025-07-18,152,9,10,1,2.86821705426357,1.86821705426357,1
2025-07-18,153,0,0,0,0.170542635658915,0.170542635658915,0
2025-07-18,154,0,0,0,0.527131782945736,0.527131782945736,0
2025-07-18,155,2,3,1,1.44186046511628,0.441860465116279,1
2025-07-18,156,0,0,0,0.0542635658914728,0.0542635658914728,0
2025-07-18,157,0,1,1,2,1,1
2025-07-18,158,69,126,57,47.8139534883721,9.18604651162791,57
2025-07-18,159,2,0,-2,0.395348837209302,2.3953488372093,2
2025-07-18,160,0,2,2,1.89922480620155,0.10077519379845,2
2025-07-18,161,414,280,-134,-286.294573643411,152.294573643411,134
2025-07-18,162,287,207,-80,-210.364341085271,130.364341085271,80
2025-07-18,163,230,163,-67,-106.403100775194,39.4031007751938,67
2025-07-18,164,197,171,-26,-25.4418604651163,0.558139534883718,26
2025-07-18,165,0,2,2,1.55038759689922,0.449612403100775,2
2025-07-18,166,51,42,-9,7.13178294573643,16.1317829457364,9
2025-07-18,167,0,1,1,1.41860465116279,0.418604651162791,1
2025-07-18,168,6,10,4,2.56589147286822,1.43410852713178,4
2025-07-18,169,2,4,2,1.16279069767442,0.837209302325581,2
2025-07-18,170,254,189,-65,-46.6666666666667,18.3333333333333,65
2025-07-18,171,0,4,4,1.55813953488372,2.44186046511628,4
2025-07-18,172,0,0,0,0.0542635658914728,0.0542635658914728,0
2025-07-18,173,1,1,0,0.775193798449612,0.775193798449612,0
2025-07-18,174,0,2,2,0.573643410852713,1.42635658914729,2
2025-07-18,175,0,2,2,0.767441860465116,1.23255813953488,2
2025-07-18,176,0,0,0,0.0465116279069767,0.0465116279069767,0
2025-07-18,177,2,3,1,1.51162790697674,0.511627906976744,1
2025-07-18,178,0,0,0,0.829457364341085,0.829457364341085,0
2025-07-18,179,4,8,4,3.2015503875969,0.798449612403101,4
2025-07-18,180,0,2,2,0.875968992248062,1.12403100775194,2
2025-07-18,181,3,24,21,16.6744186046512,4.32558139534884,21
2025-07-18,182,0,3,3,1.69767441860465,1.30232558139535,3
2025-07-18,183,1,0,-1,0.426356589147287,1.42635658914729,1
2025-07-18,184,2,0,-2,0.0155038759689922,2.01550387596899,2
2025-07-18,185,1,1,0,1.06201550387597,1.06201550387597,0
2025-07-18,186,301,192,-109,-50.8217054263566,58.1782945736434,109
2025-07-18,187,0,0,0,0.0775193798449612,0.0775193798449612,0
2025-07-18,188,7,9,2,2.85271317829457,0.852713178294574,2
2025-07-18,189,0,2,2,4.48062015503876,2.48062015503876,2
2025-07-18,190,0,1,1,0.689922480620155,0.310077519379845,1
2025-07-18,191,0,3,3,1.65891472868217,1.34108527131783,3
2025-07-18,192,0,0,0,0.697674418604651,0.697674418604651,0
2025-07-18,193,4,3,-1,1.24031007751938,2.24031007751938,1
2025-07-18,194,1,1,0,1.15503875968992,1.15503875968992,0
2025-07-18,195,0,7,7,2.09302325581395,4.90697674418605,7
2025-07-18,196,1,3,2,0.953488372093023,1.04651162790698,2
2025-07-18,197,0,3,3,1.8062015503876,1.1937984496124,3
2025-07-18,198,0,2,2,3.04651162790698,1.04651162790698,2
2025-07-18,199,0,0,0,-0.0155038759689922,0.0155038759689922,0
2025-07-18,200,1,3,2,2.31007751937985,0.310077519379845,2
2025-07-18,201,3,1,-2,0.589147286821705,2.58914728682171,2
2025-07-18,202,0,3,3,3.57364341085271,0.573643410852713,3
2025-07-18,203,0,2,2,1.3953488372093,0.604651162790698,2
2025-07-18,204,0,0,0,0.0155038759689922,0.0155038759689922,0
2025-07-18,205,0,3,3,2.62790697674419,0.372093023255814,3
2025-07-18,206,0,0,0,0.193798449612403,0.193798449612403,0
2025-07-18,207,1,0,-1,-0.0542635658914728,0.945736434108527,1
2025-07-18,208,0,3,3,1.27906976744186,1.72093023255814,3
2025-07-18,209,16,24,8,8.03875968992248,0.0387596899224807,8
2025-07-18,210,6,6,0,1.27131782945736,1.27131782945736,0
2025-07-18,211,71,60,-11,3.75193798449612,14.7519379844961,11
2025-07-18,212,0,1,1,0.503875968992248,0.496124031007752,1
2025-07-18,213,0,2,2,1.29457364341085,0.705426356589147,2
2025-07-18,214,0,0,0,0.147286821705426,0.147286821705426,0
2025-07-18,215,0,7,7,1.75968992248062,5.24031007751938,7
2025-07-18,216,1,4,3,5.67441860465116,2.67441860465116,3
2025-07-18,217,1,4,3,2.6046511627907,0.395348837209302,3
2025-07-18,218,0,3,3,2.7906976744186,0.209302325581395,3
2025-07-18,219,2,6,4,2.43410852713178,1.56589147286822,4
2025-07-18,220,0,2,2,2.24031007751938,0.24031007751938,2
2025-07-18,221,0,1,1,0.13953488372093,0.86046511627907,1
2025-07-18,222,0,3,3,0.883720930232558,2.11627906976744,3
2025-07-18,223,4,8,4,5.72093023255814,1.72093023255814,4
2025-07-18,224,11,32,21,22.8759689922481,1.87596899224807,21
2025-07-18,225,4,8,4,4.31007751937984,0.310077519379845,4
2025-07-18,226,2,11,9,1.68217054263566,7.31782945736434,9
2025-07-18,227,1,1,0,1.09302325581395,1.09302325581395,0
2025-07-18,228,1,2,1,1.94573643410853,0.945736434108527,1
2025-07-18,229,119,110,-9,36.4961240310078,45.4961240310078,9
2025-07-18,230,223,456,233,84.7286821705426,148.271317829457,233
2025-07-18,231,125,121,-4,4.27131782945736,8.27131782945736,4
2025-07-18,232,9,26,17,33.5503875968992,16.5503875968992,17
2025-07-18,233,106,106,0,-1.31007751937985,1.31007751937985,0
2025-07-18,234,192,190,-2,-42.6899224806202,40.6899224806202,2
2025-07-18,235,0,5,5,1.29457364341085,3.70542635658915,5
2025-07-18,236,249,227,-22,43.5891472868217,65.5891472868217,22
2025-07-18,237,291,263,-28,-6.51937984496124,21.4806201550388,28
2025-07-18,238,119,120,1,43.3798449612403,42.3798449612403,1
2025-07-18,239,182,176,-6,72.8139534883721,78.8139534883721,6
2025-07-18,240,0,0,0,0.286821705426357,0.286821705426357,0
2025-07-18,241,0,1,1,1.09302325581395,0.0930232558139534,1
2025-07-18,242,0,1,1,0.472868217054264,0.527131782945736,1
2025-07-18,243,3,11,8,11.6744186046512,3.67441860465116,8
2025-07-18,244,8,20,12,12.6666666666667,0.666666666666666,12
2025-07-18,245,0,0,0,0.0852713178294573,0.0852713178294573,0
2025-07-18,246,179,156,-23,-22.5116279069767,0.488372093023255,23
2025-07-18,247,3,4,1,3.26356589147287,2.26356589147287,1
2025-07-18,248,0,3,3,0.689922480620155,2.31007751937985,3
2025-07-18,249,116,176,60,70.3798449612403,10.3798449612403,60
2025-07-18,250,0,1,1,0.387596899224806,0.612403100775194,1
2025-07-18,251,0,0,0,0.116279069767442,0.116279069767442,0
2025-07-18,252,0,3,3,1.18604651162791,1.81395348837209,3
2025-07-18,253,0,0,0,0.10077519379845,0.10077519379845,0
2025-07-18,254,1,4,3,1.35658914728682,1.64341085271318,3
2025-07-18,255,7,28,21,15.5736434108527,5.42635658914729,21
2025-07-18,256,5,20,15,12.046511627907,2.95348837209302,15
2025-07-18,257,0,2,2,2.90697674418605,0.906976744186046,2
2025-07-18,258,0,7,7,1.78294573643411,5.21705426356589,7
2025-07-18,259,0,2,2,1.04651162790698,0.953488372093023,2
2025-07-18,260,0,4,4,2.10077519379845,1.89922480620155,4
2025-07-18,261,47,28,-19,-22.922480620155,3.92248062015504,19
2025-07-18,262,87,94,7,41.2945736434108,34.2945736434108,7
2025-07-18,263,127,136,9,68.4341085271318,59.4341085271318,9
2025-07-21,1,0,19,19,16.6976744186047,2.30232558139535,19
2025-07-21,2,0,0,0,0.0310077519379844,0.0310077519379844,0
2025-07-21,3,1,0,-1,0.682170542635659,1.68217054263566,1
2025-07-21,4,8,23,15,26.8217054263566,11.8217054263566,15
2025-07-21,5,0,0,0,0.0232558139534883,0.0232558139534883,0
2025-07-21,6,0,0,0,0.131782945736434,0.131782945736434,0
2025-07-21,7,2,17,15,9.62790697674418,5.37209302325582,15
2025-07-21,8,0,0,0,0.0465116279069767,0.0465116279069767,0
2025-07-21,9,0,0,0,0.527131782945736,0.527131782945736,0
2025-07-21,10,0,9,9,6.08527131782946,2.91472868217054,9
2025-07-21,11,1,0,-1,0.488372093023256,1.48837209302326,1
2025-07-21,12,11,1,-10,-0.48062015503876,9.51937984496124,10
2025-07-21,13,69,47,-22,-33.9457364341085,11.9457364341085,22
2025-07-21,14,1,3,2,4.67441860465116,2.67441860465116,2
2025-07-21,15,0,0,0,0.914728682170543,0.914728682170543,0
2025-07-21,16,0,1,1,1.10077519379845,0.10077519379845,1
2025-07-21,17,4,4,0,4.49612403100775,4.49612403100775,0
2025-07-21,18,0,1,1,1.15503875968992,0.155038759689922,1
2025-07-21,19,0,2,2,0.945736434108527,1.05426356589147,2
2025-07-21,20,0,2,2,0.612403100775194,1.38759689922481,2
2025-07-21,21,0,1,1,0.930232558139535,0.0697674418604652,1
2025-07-21,22,0,4,4,1.2015503875969,2.7984496124031,4
2025-07-21,23,0,0,0,0.155038759689922,0.155038759689922,0
2025-07-21,24,13,18,5,9.77519379844961,4.77519379844961,5
2025-07-21,25,0,18,18,8.10852713178295,9.89147286821705,18
2025-07-21,26,0,4,4,2.16279069767442,1.83720930232558,4
2025-07-21,27,0,0,0,0.108527131782946,0.108527131782946,0
2025-07-21,28,3,3,0,1.65891472868217,1.65891472868217,0
2025-07-21,29,0,1,1,0.86046511627907,0.13953488372093,1
2025-07-21,30,0,0,0,0.0620155038759689,0.0620155038759689,0
2025-07-21,31,0,0,0,0.193798449612403,0.193798449612403,0
2025-07-21,32,0,5,5,0.713178294573643,4.28682170542636,5
2025-07-21,33,4,25,21,15.2170542635659,5.78294573643411,21
2025-07-21,34,0,2,2,-0.155038759689922,2.15503875968992,2
2025-07-21,35,0,5,5,2.22480620155039,2.77519379844961,5
2025-07-21,36,1,5,4,3.65116279069767,0.348837209302326,4
2025-07-21,37,0,4,4,5.1937984496124,1.1937984496124,4
2025-07-21,38,0,6,6,1.37984496124031,4.62015503875969,6
2025-07-21,39,1,11,10,3.75193798449612,6.24806201550388,10
2025-07-21,40,2,4,2,6.83720930232558,4.83720930232558,2
2025-07-21,41,17,41,24,26.0232558139535,2.02325581395349,24
2025-07-21,42,6,25,19,24.4108527131783,5.41085271317829,19
2025-07-21,43,82,69,-13,-17.3720930232558,4.37209302325581,13
2025-07-21,44,0,0,0,0.0077519379844961,0.0077519379844961,0
2025-07-21,45,13,20,7,12.4806201550388,5.48062015503876,7
2025-07-21,46,0,0,0,0.155038759689922,0.155038759689922,0
2025-07-21,47,0,4,4,0.844961240310077,3.15503875968992,4
2025-07-21,48,150,208,58,70.3565891472868,12.3565891472868,58
2025-07-21,49,3,5,2,7.2015503875969,5.2015503875969,2
2025-07-21,50,26,72,46,47.2790697674419,1.27906976744186,46
2025-07-21,51,0,4,4,2.35658914728682,1.64341085271318,4
2025-07-21,52,1,0,-1,4.28682170542636,5.28682170542636,1
2025-07-21,53,0,2,2,0.697674418604651,1.30232558139535,2
2025-07-21,54,0,2,2,1.87596899224806,0.124031007751938,2
2025-07-21,55,2,1,-1,1.85271317829457,2.85271317829457,1
2025-07-21,56,0,3,3,1.47286821705426,1.52713178294574,3
2025-07-21,57,0,1,1,0.0852713178294573,0.914728682170543,1
2025-07-21,58,0,0,0,0.224806201550388,0.224806201550388,0
2025-07-21,59,0,0,0,0.0310077519379844,0.0310077519379844,0
2025-07-21,60,0,0,0,0.48062015503876,0.48062015503876,0
2025-07-21,61,4,12,8,7.2093023255814,0.790697674418604,8
2025-07-21,62,1,5,4,2.24031007751938,1.75968992248062,4
2025-07-21,63,0,6,6,1.61240310077519,4.38759689922481,6
2025-07-21,64,0,1,1,0.922480620155039,0.0775193798449612,1
2025-07-21,65,8,16,8,1.81395348837209,6.18604651162791,8
2025-07-21,66,5,5,0,5.24031007751938,5.24031007751938,0
2025-07-21,67,0,2,2,0.813953488372093,1.18604651162791,2
2025-07-21,68,238,183,-55,-48.1937984496124,6.8062015503876,55
2025-07-21,69,0,3,3,2.05426356589147,0.945736434108527,3
2025-07-21,70,20,5,-15,-17.8604651162791,2.86046511627907,15
2025-07-21,71,1,5,4,1.93023255813953,2.06976744186047,4
2025-07-21,72,1,2,1,1.74418604651163,0.744186046511628,1
2025-07-21,73,0,1,1,0.457364341085271,0.542635658914729,1
2025-07-21,74,11,41,30,35.6821705426357,5.68217054263566,30
2025-07-21,75,39,53,14,29.7131782945736,15.7131782945736,14
2025-07-21,76,2,10,8,4.68217054263566,3.31782945736434,8
2025-07-21,77,0,3,3,1.08527131782946,1.91472868217054,3
2025-07-21,78,0,2,2,0.837209302325581,1.16279069767442,2
2025-07-21,79,71,146,75,82.2248062015504,7.22480620155039,75
2025-07-21,80,2,9,7,5.65891472868217,1.34108527131783,7
2025-07-21,81,0,2,2,0.720930232558139,1.27906976744186,2
2025-07-21,82,6,6,0,1,1,0
2025-07-21,83,1,5,4,1.15503875968992,2.84496124031008,4
2025-07-21,84,0,0,0,0.0542635658914728,0.0542635658914728,0
2025-07-21,85,2,5,3,1.2093023255814,1.7906976744186,3
2025-07-21,86,1,4,3,2.03100775193798,0.968992248062015,3
2025-07-21,87,46,80,34,5.10852713178295,28.8914728682171,34
2025-07-21,88,40,20,-20,-2.41085271317829,17.5891472868217,20
2025-07-21,89,4,9,5,4.56589147286822,0.434108527131783,5
2025-07-21,90,104,92,-12,-10.8992248062016,1.10077519379845,12
2025-07-21,91,1,4,3,2.4031007751938,0.596899224806202,3
2025-07-21,92,1,9,8,3.90697674418605,4.09302325581395,8
2025-07-21,93,1,25,24,1.93023255813953,22.0697674418605,24
2025-07-21,94,0,1,1,0.395348837209302,0.604651162790698,1
2025-07-21,95,1,6,5,6.0077519379845,1.0077519379845,5
2025-07-21,96,0,0,0,0.155038759689922,0.155038759689922,0
2025-07-21,97,1,11,10,4.94573643410853,5.05426356589147,10
2025-07-21,98,0,0,0,1.51937984496124,1.51937984496124,0
2025-07-21,99,0,0,0,0,0,0
2025-07-21,100,120,100,-20,-24.2713178294574,4.27131782945736,20
2025-07-21,101,0,0,0,0.565891472868217,0.565891472868217,0
2025-07-21,102,0,4,4,1.48062015503876,2.51937984496124,4
2025-07-21,105,0,0,0,0,0,0
2025-07-21,106,0,4,4,1.85271317829457,2.14728682170543,4
2025-07-21,107,86,134,48,21.6666666666667,26.3333333333333,48
2025-07-21,108,0,1,1,0.945736434108527,0.0542635658914729,1
2025-07-21,109,0,0,0,0.0697674418604651,0.0697674418604651,0
2025-07-21,110,0,0,0,0,0,0
2025-07-21,111,0,0,0,0.0310077519379844,0.0310077519379844,0
2025-07-21,112,4,23,19,16.2790697674419,2.72093023255814,19
2025-07-21,113,67,86,19,13.2558139534884,5.74418604651163,19
2025-07-21,114,56,74,18,24.5658914728682,6.56589147286822,18
2025-07-21,115,0,0,0,0.116279069767442,0.116279069767442,0
2025-07-21,116,4,11,7,12.2015503875969,5.2015503875969,7
2025-07-21,117,0,1,1,1.1937984496124,0.193798449612403,1
2025-07-21,118,0,1,1,0.13953488372093,0.86046511627907,1
2025-07-21,119,0,2,2,1.86046511627907,0.13953488372093,2
2025-07-21,120,0,0,0,0.426356589147287,0.426356589147287,0
2025-07-21,121,0,3,3,1.42635658914729,1.57364341085271,3
2025-07-21,122,0,2,2,0.589147286821705,1.41085271317829,2
2025-07-21,123,0,3,3,1.13178294573643,1.86821705426357,3
2025-07-21,124,0,3,3,1.77519379844961,1.22480620155039,3
2025-07-21,125,31,31,0,-2.09302325581395,2.09302325581395,0
2025-07-21,126,0,1,1,0.294573643410853,0.705426356589147,1
2025-07-21,127,0,8,8,4.92248062015504,3.07751937984496,8
2025-07-21,128,0,0,0,0.472868217054264,0.472868217054264,0
2025-07-21,129,5,12,7,4.51162790697674,2.48837209302326,7
2025-07-21,130,7,5,-2,0.403100775193798,2.4031007751938,2
2025-07-21,131,1,4,3,1.41860465116279,1.58139534883721,3
2025-07-21,132,428,64,-364,-215.976744186046,148.023255813954,364
2025-07-21,133,0,1,1,1.75193798449612,0.751937984496124,1
2025-07-21,134,1,2,1,1.07751937984496,0.0775193798449612,1
2025-07-21,135,1,0,-1,1.85271317829457,2.85271317829457,1
2025-07-21,136,0,1,1,0.782945736434108,0.217054263565892,1
2025-07-21,137,54,70,16,-9.26356589147287,25.2635658914729,16
2025-07-21,138,185,60,-125,-143.744186046512,18.7441860465116,125
2025-07-21,139,0,6,6,1.37209302325581,4.62790697674419,6
2025-07-21,140,137,122,-15,-33.1860465116279,18.1860465116279,15
2025-07-21,141,158,232,74,61.1472868217054,12.8527131782946,74
2025-07-21,142,170,203,33,62.8759689922481,29.8759689922481,33
2025-07-21,143,59,117,58,53.1627906976744,4.83720930232558,58
2025-07-21,144,62,68,6,-2.15503875968992,8.15503875968992,6
2025-07-21,145,11,18,7,9.4031007751938,2.4031007751938,7
2025-07-21,146,2,7,5,0.720930232558139,4.27906976744186,5
2025-07-21,147,0,0,0,0.294573643410853,0.294573643410853,0
2025-07-21,148,30,66,36,54.4031007751938,18.4031007751938,36
2025-07-21,149,1,1,0,1.38759689922481,1.38759689922481,0
2025-07-21,150,0,1,1,0.51937984496124,0.48062015503876,1
2025-07-21,151,22,52,30,13,17,30
2025-07-21,152,1,9,8,2.86821705426357,5.13178294573643,8
2025-07-21,153,0,0,0,0.170542635658915,0.170542635658915,0
2025-07-21,154,0,1,1,0.527131782945736,0.472868217054264,1
2025-07-21,155,0,2,2,1.44186046511628,0.558139534883721,2
2025-07-21,156,0,0,0,0.0542635658914728,0.0542635658914728,0
2025-07-21,157,1,4,3,2,1,3
2025-07-21,158,48,89,41,47.8139534883721,6.81395348837209,41
2025-07-21,159,1,1,0,0.395348837209302,0.395348837209302,0
2025-07-21,160,1,5,4,1.89922480620155,2.10077519379845,4
2025-07-21,161,486,254,-232,-286.294573643411,54.2945736434108,232
2025-07-21,162,352,180,-172,-210.364341085271,38.3643410852713,172
2025-07-21,163,261,130,-131,-106.403100775194,24.5968992248062,131
2025-07-21,164,181,175,-6,-25.4418604651163,19.4418604651163,6
2025-07-21,165,1,1,0,1.55038759689922,1.55038759689922,0
2025-07-21,166,26,30,4,7.13178294573643,3.13178294573643,4
2025-07-21,167,1,2,1,1.41860465116279,0.418604651162791,1
2025-07-21,168,0,5,5,2.56589147286822,2.43410852713178,5
2025-07-21,169,0,3,3,1.16279069767442,1.83720930232558,3
2025-07-21,170,236,173,-63,-46.6666666666667,16.3333333333333,63
2025-07-21,171,0,3,3,1.55813953488372,1.44186046511628,3
2025-07-21,172,0,0,0,0.0542635658914728,0.0542635658914728,0
2025-07-21,173,0,7,7,0.775193798449612,6.22480620155039,7
2025-07-21,174,0,1,1,0.573643410852713,0.426356589147287,1
2025-07-21,175,0,0,0,0.767441860465116,0.767441860465116,0
2025-07-21,176,0,0,0,0.0465116279069767,0.0465116279069767,0
2025-07-21,177,0,2,2,1.51162790697674,0.488372093023256,2
2025-07-21,178,0,1,1,0.829457364341085,0.170542635658915,1
2025-07-21,179,3,5,2,3.2015503875969,1.2015503875969,2
2025-07-21,180,0,3,3,0.875968992248062,2.12403100775194,3
2025-07-21,181,2,11,9,16.6744186046512,7.67441860465116,9
2025-07-21,182,0,4,4,1.69767441860465,2.30232558139535,4
2025-07-21,183,0,2,2,0.426356589147287,1.57364341085271,2
2025-07-21,184,0,0,0,0.0155038759689922,0.0155038759689922,0
2025-07-21,185,0,1,1,1.06201550387597,0.0620155038759691,1
2025-07-21,186,183,124,-59,-50.8217054263566,8.17829457364341,59
2025-07-21,187,0,1,1,0.0775193798449612,0.922480620155039,1
2025-07-21,188,0,11,11,2.85271317829457,8.14728682170543,11
2025-07-21,189,1,3,2,4.48062015503876,2.48062015503876,2
2025-07-21,190,0,2,2,0.689922480620155,1.31007751937985,2
2025-07-21,191,0,2,2,1.65891472868217,0.341085271317829,2
2025-07-21,192,1,4,3,0.697674418604651,2.30232558139535,3
2025-07-21,193,3,5,2,1.24031007751938,0.75968992248062,2
2025-07-21,194,0,1,1,1.15503875968992,0.155038759689922,1
2025-07-21,195,1,2,1,2.09302325581395,1.09302325581395,1
2025-07-21,196,3,4,1,0.953488372093023,0.0465116279069768,1
2025-07-21,197,1,4,3,1.8062015503876,1.1937984496124,3
2025-07-21,198,0,6,6,3.04651162790698,2.95348837209302,6
2025-07-21,199,0,0,0,-0.0155038759689922,0.0155038759689922,0
2025-07-21,200,0,2,2,2.31007751937985,0.310077519379845,2
2025-07-21,201,1,1,0,0.589147286821705,0.589147286821705,0
2025-07-21,202,1,4,3,3.57364341085271,0.573643410852713,3
2025-07-21,203,0,4,4,1.3953488372093,2.6046511627907,4
2025-07-21,204,0,0,0,0.0155038759689922,0.0155038759689922,0
2025-07-21,205,0,14,14,2.62790697674419,11.3720930232558,14
2025-07-21,206,0,1,1,0.193798449612403,0.806201550387597,1
2025-07-21,207,1,0,-1,-0.0542635658914728,0.945736434108527,1
2025-07-21,208,0,1,1,1.27906976744186,0.27906976744186,1
2025-07-21,209,9,30,21,8.03875968992248,12.9612403100775,21
2025-07-21,210,0,2,2,1.27131782945736,0.728682170542636,2
2025-07-21,211,72,50,-22,3.75193798449612,25.7519379844961,22
2025-07-21,212,1,1,0,0.503875968992248,0.503875968992248,0
2025-07-21,213,0,3,3,1.29457364341085,1.70542635658915,3
2025-07-21,214,0,0,0,0.147286821705426,0.147286821705426,0
2025-07-21,215,1,2,1,1.75968992248062,0.75968992248062,1
2025-07-21,216,0,14,14,5.67441860465116,8.32558139534884,14
2025-07-21,217,0,5,5,2.6046511627907,2.3953488372093,5
2025-07-21,218,0,4,4,2.7906976744186,1.2093023255814,4
2025-07-21,219,0,12,12,2.43410852713178,9.56589147286822,12
2025-07-21,220,0,2,2,2.24031007751938,0.24031007751938,2
2025-07-21,221,0,0,0,0.13953488372093,0.13953488372093,0
2025-07-21,222,1,1,0,0.883720930232558,0.883720930232558,0
2025-07-21,223,1,10,9,5.72093023255814,3.27906976744186,9
2025-07-21,224,3,22,19,22.8759689922481,3.87596899224807,19
2025-07-21,225,0,14,14,4.31007751937984,9.68992248062015,14
2025-07-21,226,5,15,10,1.68217054263566,8.31782945736434,10
2025-07-21,227,2,0,-2,1.09302325581395,3.09302325581395,2
2025-07-21,228,3,3,0,1.94573643410853,1.94573643410853,0
2025-07-21,229,115,173,58,36.4961240310078,21.5038759689922,58
2025-07-21,230,210,276,66,84.7286821705426,18.7286821705426,66
2025-07-21,231,102,98,-4,4.27131782945736,8.27131782945736,4
2025-07-21,232,8,27,19,33.5503875968992,14.5503875968992,19
2025-07-21,233,86,99,13,-1.31007751937985,14.3100775193798,13
2025-07-21,234,211,218,7,-42.6899224806202,49.6899224806202,7
2025-07-21,235,0,3,3,1.29457364341085,1.70542635658915,3
2025-07-21,236,248,322,74,43.5891472868217,30.4108527131783,74
2025-07-21,237,333,325,-8,-6.51937984496124,1.48062015503876,8
2025-07-21,238,87,141,54,43.3798449612403,10.6201550387597,54
2025-07-21,239,137,212,75,72.8139534883721,2.18604651162791,75
2025-07-21,240,0,0,0,0.286821705426357,0.286821705426357,0
2025-07-21,241,0,1,1,1.09302325581395,0.0930232558139534,1
2025-07-21,242,0,2,2,0.472868217054264,1.52713178294574,2
2025-07-21,243,1,11,10,11.6744186046512,1.67441860465116,10
2025-07-21,244,7,17,10,12.6666666666667,2.66666666666667,10
2025-07-21,245,0,0,0,0.0852713178294573,0.0852713178294573,0
2025-07-21,246,186,136,-50,-22.5116279069767,27.4883720930233,50
2025-07-21,247,3,5,2,3.26356589147287,1.26356589147287,2
2025-07-21,248,0,1,1,0.689922480620155,0.310077519379845,1
2025-07-21,249,82,121,39,70.3798449612403,31.3798449612403,39
2025-07-21,250,0,1,1,0.387596899224806,0.612403100775194,1
2025-07-21,251,0,0,0,0.116279069767442,0.116279069767442,0
2025-07-21,252,0,2,2,1.18604651162791,0.813953488372093,2
2025-07-21,253,0,0,0,0.10077519379845,0.10077519379845,0
2025-07-21,254,0,3,3,1.35658914728682,1.64341085271318,3
2025-07-21,255,3,21,18,15.5736434108527,2.42635658914729,18
2025-07-21,256,2,17,15,12.046511627907,2.95348837209302,15
2025-07-21,257,0,2,2,2.90697674418605,0.906976744186046,2
2025-07-21,258,1,6,5,1.78294573643411,3.21705426356589,5
2025-07-21,259,0,1,1,1.04651162790698,0.0465116279069768,1
2025-07-21,260,4,8,4,2.10077519379845,1.89922480620155,4
2025-07-21,261,31,28,-3,-22.922480620155,19.922480620155,3
2025-07-21,262,67,114,47,41.2945736434108,5.70542635658915,47
2025-07-21,263,108,164,56,68.4341085271318,12.4341085271318,56
2025-07-22,1,0,16,16,16.6976744186047,0.697674418604652,16
2025-07-22,2,0,0,0,0.0310077519379844,0.0310077519379844,0
2025-07-22,3,0,1,1,0.682170542635659,0.317829457364341,1
2025-07-22,4,2,24,22,26.8217054263566,4.82170542635659,22
2025-07-22,5,0,0,0,0.0232558139534883,0.0232558139534883,0
2025-07-22,6,0,0,0,0.131782945736434,0.131782945736434,0
2025-07-22,7,7,15,8,9.62790697674418,1.62790697674418,8
2025-07-22,8,0,0,0,0.0465116279069767,0.0465116279069767,0
2025-07-22,9,0,0,0,0.527131782945736,0.527131782945736,0
2025-07-22,10,1,8,7,6.08527131782946,0.914728682170542,7
2025-07-22,11,0,0,0,0.488372093023256,0.488372093023256,0
2025-07-22,12,4,1,-3,-0.48062015503876,2.51937984496124,3
2025-07-22,13,93,44,-49,-33.9457364341085,15.0542635658915,49
2025-07-22,14,1,3,2,4.67441860465116,2.67441860465116,2
2025-07-22,15,0,2,2,0.914728682170543,1.08527131782946,2
2025-07-22,16,1,2,1,1.10077519379845,0.10077519379845,1
2025-07-22,17,1,4,3,4.49612403100775,1.49612403100775,3
2025-07-22,18,0,1,1,1.15503875968992,0.155038759689922,1
2025-07-22,19,0,0,0,0.945736434108527,0.945736434108527,0
2025-07-22,20,0,1,1,0.612403100775194,0.387596899224806,1
2025-07-22,21,0,1,1,0.930232558139535,0.0697674418604652,1
2025-07-22,22,1,5,4,1.2015503875969,2.7984496124031,4
2025-07-22,23,0,0,0,0.155038759689922,0.155038759689922,0
2025-07-22,24,20,21,1,9.77519379844961,8.77519379844961,1
2025-07-22,25,4,8,4,8.10852713178295,4.10852713178295,4
2025-07-22,26,3,3,0,2.16279069767442,2.16279069767442,0
2025-07-22,27,0,0,0,0.108527131782946,0.108527131782946,0
2025-07-22,28,0,2,2,1.65891472868217,0.341085271317829,2
2025-07-22,29,0,1,1,0.86046511627907,0.13953488372093,1
2025-07-22,30,0,0,0,0.0620155038759689,0.0620155038759689,0
2025-07-22,31,0,0,0,0.193798449612403,0.193798449612403,0
2025-07-22,32,0,0,0,0.713178294573643,0.713178294573643,0
2025-07-22,33,6,19,13,15.2170542635659,2.21705426356589,13
2025-07-22,34,0,1,1,-0.155038759689922,1.15503875968992,1
2025-07-22,35,0,2,2,2.22480620155039,0.224806201550388,2
2025-07-22,36,2,7,5,3.65116279069767,1.34883720930233,5
2025-07-22,37,2,7,5,5.1937984496124,0.193798449612403,5
2025-07-22,38,0,2,2,1.37984496124031,0.62015503875969,2
2025-07-22,39,2,5,3,3.75193798449612,0.751937984496124,3
2025-07-22,40,1,13,12,6.83720930232558,5.16279069767442,12
2025-07-22,41,26,46,20,26.0232558139535,6.02325581395349,20
2025-07-22,42,8,20,12,24.4108527131783,12.4108527131783,12
2025-07-22,43,91,68,-23,-17.3720930232558,5.62790697674419,23
2025-07-22,44,0,0,0,0.0077519379844961,0.0077519379844961,0
2025-07-22,45,10,21,11,12.4806201550388,1.48062015503876,11
2025-07-22,46,0,0,0,0.155038759689922,0.155038759689922,0
2025-07-22,47,0,0,0,0.844961240310077,0.844961240310077,0
2025-07-22,48,157,237,80,70.3565891472868,9.64341085271317,80
2025-07-22,49,4,14,10,7.2015503875969,2.7984496124031,10
2025-07-22,50,37,84,47,47.2790697674419,0.279069767441861,47
2025-07-22,51,0,3,3,2.35658914728682,0.643410852713178,3
2025-07-22,52,3,5,2,4.28682170542636,2.28682170542636,2
2025-07-22,53,1,2,1,0.697674418604651,0.302325581395349,1
2025-07-22,54,0,1,1,1.87596899224806,0.875968992248062,1
2025-07-22,55,1,3,2,1.85271317829457,0.147286821705426,2
2025-07-22,56,2,5,3,1.47286821705426,1.52713178294574,3
2025-07-22,57,0,0,0,0.0852713178294573,0.0852713178294573,0
2025-07-22,58,0,0,0,0.224806201550388,0.224806201550388,0
2025-07-22,59,0,0,0,0.0310077519379844,0.0310077519379844,0
2025-07-22,60,1,0,-1,0.48062015503876,1.48062015503876,1
2025-07-22,61,3,15,12,7.2093023255814,4.7906976744186,12
2025-07-22,62,0,4,4,2.24031007751938,1.75968992248062,4
2025-07-22,63,0,3,3,1.61240310077519,1.38759689922481,3
2025-07-22,64,0,1,1,0.922480620155039,0.0775193798449612,1
2025-07-22,65,8,12,4,1.81395348837209,2.18604651162791,4
2025-07-22,66,7,12,5,5.24031007751938,0.24031007751938,5
2025-07-22,67,0,0,0,0.813953488372093,0.813953488372093,0
2025-07-22,68,261,178,-83,-48.1937984496124,34.8062015503876,83
2025-07-22,69,0,8,8,2.05426356589147,5.94573643410853,8
2025-07-22,70,19,8,-11,-17.8604651162791,6.86046511627907,11
2025-07-22,71,0,0,0,1.93023255813953,1.93023255813953,0
2025-07-22,72,2,4,2,1.74418604651163,0.255813953488372,2
2025-07-22,73,0,0,0,0.457364341085271,0.457364341085271,0
2025-07-22,74,7,45,38,35.6821705426357,2.31782945736434,38
2025-07-22,75,37,61,24,29.7131782945736,5.71317829457364,24
2025-07-22,76,2,10,8,4.68217054263566,3.31782945736434,8
2025-07-22,77,0,1,1,1.08527131782946,0.0852713178294573,1
2025-07-22,78,0,0,0,0.837209302325581,0.837209302325581,0
2025-07-22,79,85,198,113,82.2248062015504,30.7751937984496,113
2025-07-22,80,2,11,9,5.65891472868217,3.34108527131783,9
2025-07-22,81,0,0,0,0.720930232558139,0.720930232558139,0
2025-07-22,82,4,3,-1,1,2,1
2025-07-22,83,2,0,-2,1.15503875968992,3.15503875968992,2
2025-07-22,84,0,0,0,0.0542635658914728,0.0542635658914728,0
2025-07-22,85,1,2,1,1.2093023255814,0.209302325581395,1
2025-07-22,86,1,4,3,2.03100775193798,0.968992248062015,3
2025-07-22,87,75,69,-6,5.10852713178295,11.1085271317829,6
2025-07-22,88,45,28,-17,-2.41085271317829,14.5891472868217,17
2025-07-22,89,1,5,4,4.56589147286822,0.565891472868217,4
2025-07-22,90,103,120,17,-10.8992248062016,27.8992248062016,17
2025-07-22,91,1,4,3,2.4031007751938,0.596899224806202,3
2025-07-22,92,1,8,7,3.90697674418605,3.09302325581395,7
2025-07-22,93,1,6,5,1.93023255813953,3.06976744186047,5
2025-07-22,94,0,0,0,0.395348837209302,0.395348837209302,0
2025-07-22,95,2,20,18,6.0077519379845,11.9922480620155,18
2025-07-22,96,0,0,0,0.155038759689922,0.155038759689922,0
2025-07-22,97,1,7,6,4.94573643410853,1.05426356589147,6
2025-07-22,98,0,3,3,1.51937984496124,1.48062015503876,3
2025-07-22,99,0,0,0,0,0,0
2025-07-22,100,149,97,-52,-24.2713178294574,27.7286821705426,52
2025-07-22,101,0,2,2,0.565891472868217,1.43410852713178,2
2025-07-22,102,0,2,2,1.48062015503876,0.51937984496124,2
2025-07-22,105,0,0,0,0,0,0
2025-07-22,106,0,3,3,1.85271317829457,1.14728682170543,3
2025-07-22,107,113,146,33,21.6666666666667,11.3333333333333,33
2025-07-22,108,0,1,1,0.945736434108527,0.0542635658914729,1
2025-07-22,109,0,1,1,0.0697674418604651,0.930232558139535,1
2025-07-22,110,0,0,0,0,0,0
2025-07-22,111,0,0,0,0.0310077519379844,0.0310077519379844,0
2025-07-22,112,2,25,23,16.2790697674419,6.72093023255814,23
2025-07-22,113,104,120,16,13.2558139534884,2.74418604651163,16
2025-07-22,114,74,89,15,24.5658914728682,9.56589147286822,15
2025-07-22,115,0,0,0,0.116279069767442,0.116279069767442,0
2025-07-22,116,6,24,18,12.2015503875969,5.7984496124031,18
2025-07-22,117,0,0,0,1.1937984496124,1.1937984496124,0
2025-07-22,118,0,0,0,0.13953488372093,0.13953488372093,0
2025-07-22,119,0,0,0,1.86046511627907,1.86046511627907,0
2025-07-22,120,0,0,0,0.426356589147287,0.426356589147287,0
2025-07-22,121,0,2,2,1.42635658914729,0.573643410852713,2
2025-07-22,122,0,0,0,0.589147286821705,0.589147286821705,0
2025-07-22,123,0,1,1,1.13178294573643,0.131782945736434,1
2025-07-22,124,0,2,2,1.77519379844961,0.224806201550388,2
2025-07-22,125,33,47,14,-2.09302325581395,16.093023255814,14
2025-07-22,126,0,3,3,0.294573643410853,2.70542635658915,3
2025-07-22,127,0,8,8,4.92248062015504,3.07751937984496,8
2025-07-22,128,0,0,0,0.472868217054264,0.472868217054264,0
2025-07-22,129,3,8,5,4.51162790697674,0.488372093023256,5
2025-07-22,130,8,9,1,0.403100775193798,0.596899224806202,1
2025-07-22,131,2,1,-1,1.41860465116279,2.41860465116279,1
2025-07-22,132,311,63,-248,-215.976744186046,32.0232558139535,248
2025-07-22,133,2,3,1,1.75193798449612,0.751937984496124,1
2025-07-22,134,0,2,2,1.07751937984496,0.922480620155039,2
2025-07-22,135,0,4,4,1.85271317829457,2.14728682170543,4
2025-07-22,136,1,3,2,0.782945736434108,1.21705426356589,2
2025-07-22,137,65,85,20,-9.26356589147287,29.2635658914729,20
2025-07-22,138,191,66,-125,-143.744186046512,18.7441860465116,125
2025-07-22,139,0,0,0,1.37209302325581,1.37209302325581,0
2025-07-22,140,130,131,1,-33.1860465116279,34.1860465116279,1
2025-07-22,141,164,238,74,61.1472868217054,12.8527131782946,74
2025-07-22,142,210,249,39,62.8759689922481,23.8759689922481,39
2025-07-22,143,87,135,48,53.1627906976744,5.16279069767442,48
2025-07-22,144,67,86,19,-2.15503875968992,21.1550387596899,19
2025-07-22,145,8,13,5,9.4031007751938,4.4031007751938,5
2025-07-22,146,7,1,-6,0.720930232558139,6.72093023255814,6
2025-07-22,147,0,0,0,0.294573643410853,0.294573643410853,0
2025-07-22,148,49,112,63,54.4031007751938,8.5968992248062,63
2025-07-22,149,0,4,4,1.38759689922481,2.61240310077519,4
2025-07-22,150,1,0,-1,0.51937984496124,1.51937984496124,1
2025-07-22,151,58,67,9,13,4,9
2025-07-22,152,6,11,5,2.86821705426357,2.13178294573643,5
2025-07-22,153,0,0,0,0.170542635658915,0.170542635658915,0
2025-07-22,154,0,0,0,0.527131782945736,0.527131782945736,0
2025-07-22,155,2,2,0,1.44186046511628,1.44186046511628,0
2025-07-22,156,0,0,0,0.0542635658914728,0.0542635658914728,0
2025-07-22,157,0,1,1,2,1,1
2025-07-22,158,60,129,69,47.8139534883721,21.1860465116279,69
2025-07-22,159,1,2,1,0.395348837209302,0.604651162790698,1
2025-07-22,160,0,1,1,1.89922480620155,0.89922480620155,1
2025-07-22,161,616,254,-362,-286.294573643411,75.7054263565892,362
2025-07-22,162,414,238,-176,-210.364341085271,34.3643410852713,176
2025-07-22,163,326,170,-156,-106.403100775194,49.5968992248062,156
2025-07-22,164,198,193,-5,-25.4418604651163,20.4418604651163,5
2025-07-22,165,1,4,3,1.55038759689922,1.44961240310078,3
2025-07-22,166,41,46,5,7.13178294573643,2.13178294573643,5
2025-07-22,167,0,2,2,1.41860465116279,0.581395348837209,2
2025-07-22,168,3,2,-1,2.56589147286822,3.56589147286822,1
2025-07-22,169,0,1,1,1.16279069767442,0.162790697674419,1
2025-07-22,170,292,224,-68,-46.6666666666667,21.3333333333333,68
2025-07-22,171,0,0,0,1.55813953488372,1.55813953488372,0
2025-07-22,172,0,0,0,0.0542635658914728,0.0542635658914728,0
2025-07-22,173,0,1,1,0.775193798449612,0.224806201550388,1
2025-07-22,174,0,1,1,0.573643410852713,0.426356589147287,1
2025-07-22,175,0,1,1,0.767441860465116,0.232558139534884,1
2025-07-22,176,0,0,0,0.0465116279069767,0.0465116279069767,0
2025-07-22,177,1,1,0,1.51162790697674,1.51162790697674,0
2025-07-22,178,0,1,1,0.829457364341085,0.170542635658915,1
2025-07-22,179,4,7,3,3.2015503875969,0.201550387596899,3
2025-07-22,180,0,2,2,0.875968992248062,1.12403100775194,2
2025-07-22,181,4,20,16,16.6744186046512,0.674418604651162,16
2025-07-22,182,0,4,4,1.69767441860465,2.30232558139535,4
2025-07-22,183,0,0,0,0.426356589147287,0.426356589147287,0
2025-07-22,184,0,1,1,0.0155038759689922,0.984496124031008,1
2025-07-22,185,0,3,3,1.06201550387597,1.93798449612403,3
2025-07-22,186,229,145,-84,-50.8217054263566,33.1782945736434,84
2025-07-22,187,0,0,0,0.0775193798449612,0.0775193798449612,0
2025-07-22,188,3,7,4,2.85271317829457,1.14728682170543,4
2025-07-22,189,1,3,2,4.48062015503876,2.48062015503876,2
2025-07-22,190,0,1,1,0.689922480620155,0.310077519379845,1
2025-07-22,191,0,2,2,1.65891472868217,0.341085271317829,2
2025-07-22,192,0,1,1,0.697674418604651,0.302325581395349,1
2025-07-22,193,6,7,1,1.24031007751938,0.24031007751938,1
2025-07-22,194,0,1,1,1.15503875968992,0.155038759689922,1
2025-07-22,195,1,4,3,2.09302325581395,0.906976744186046,3
2025-07-22,196,0,3,3,0.953488372093023,2.04651162790698,3
2025-07-22,197,1,3,2,1.8062015503876,0.193798449612403,2
2025-07-22,198,0,3,3,3.04651162790698,0.0465116279069768,3
2025-07-22,199,0,0,0,-0.0155038759689922,0.0155038759689922,0
2025-07-22,200,0,5,5,2.31007751937985,2.68992248062015,5
2025-07-22,201,0,1,1,0.589147286821705,0.410852713178295,1
2025-07-22,202,0,2,2,3.57364341085271,1.57364341085271,2
2025-07-22,203,0,5,5,1.3953488372093,3.6046511627907,5
2025-07-22,204,0,0,0,0.0155038759689922,0.0155038759689922,0
2025-07-22,205,1,2,1,2.62790697674419,1.62790697674419,1
2025-07-22,206,0,0,0,0.193798449612403,0.193798449612403,0
2025-07-22,207,0,0,0,-0.0542635658914728,0.0542635658914728,0
2025-07-22,208,0,1,1,1.27906976744186,0.27906976744186,1
2025-07-22,209,10,17,7,8.03875968992248,1.03875968992248,7
2025-07-22,210,0,4,4,1.27131782945736,2.72868217054264,4
2025-07-22,211,95,69,-26,3.75193798449612,29.7519379844961,26
2025-07-22,212,0,3,3,0.503875968992248,2.49612403100775,3
2025-07-22,213,1,2,1,1.29457364341085,0.294573643410853,1
2025-07-22,214,0,2,2,0.147286821705426,1.85271317829457,2
2025-07-22,215,0,2,2,1.75968992248062,0.24031007751938,2
2025-07-22,216,3,11,8,5.67441860465116,2.32558139534884,8
2025-07-22,217,3,6,3,2.6046511627907,0.395348837209302,3
2025-07-22,218,0,4,4,2.7906976744186,1.2093023255814,4
2025-07-22,219,0,3,3,2.43410852713178,0.565891472868217,3
2025-07-22,220,0,2,2,2.24031007751938,0.24031007751938,2
2025-07-22,221,0,0,0,0.13953488372093,0.13953488372093,0
2025-07-22,222,0,0,0,0.883720930232558,0.883720930232558,0
2025-07-22,223,2,4,2,5.72093023255814,3.72093023255814,2
2025-07-22,224,11,34,23,22.8759689922481,0.124031007751935,23
2025-07-22,225,2,8,6,4.31007751937984,1.68992248062016,6
2025-07-22,226,5,3,-2,1.68217054263566,3.68217054263566,2
2025-07-22,227,0,1,1,1.09302325581395,0.0930232558139534,1
2025-07-22,228,0,3,3,1.94573643410853,1.05426356589147,3
2025-07-22,229,122,181,59,36.4961240310078,22.5038759689922,59
2025-07-22,230,293,404,111,84.7286821705426,26.2713178294574,111
2025-07-22,231,122,130,8,4.27131782945736,3.72868217054264,8
2025-07-22,232,16,46,30,33.5503875968992,3.55038759689923,30
2025-07-22,233,114,85,-29,-1.31007751937985,27.6899224806202,29
2025-07-22,234,277,253,-24,-42.6899224806202,18.6899224806202,24
2025-07-22,235,0,2,2,1.29457364341085,0.705426356589147,2
2025-07-22,236,287,360,73,43.5891472868217,29.4108527131783,73
2025-07-22,237,412,427,15,-6.51937984496124,21.5193798449612,15
2025-07-22,238,104,192,88,43.3798449612403,44.6201550387597,88
2025-07-22,239,177,247,70,72.8139534883721,2.81395348837209,70
2025-07-22,240,0,0,0,0.286821705426357,0.286821705426357,0
2025-07-22,241,0,2,2,1.09302325581395,0.906976744186047,2
2025-07-22,242,0,0,0,0.472868217054264,0.472868217054264,0
2025-07-22,243,1,11,10,11.6744186046512,1.67441860465116,10
2025-07-22,244,3,17,14,12.6666666666667,1.33333333333333,14
2025-07-22,245,0,0,0,0.0852713178294573,0.0852713178294573,0
2025-07-22,246,227,215,-12,-22.5116279069767,10.5116279069767,12
2025-07-22,247,2,0,-2,3.26356589147287,5.26356589147287,2
2025-07-22,248,0,1,1,0.689922480620155,0.310077519379845,1
2025-07-22,249,97,150,53,70.3798449612403,17.3798449612403,53
2025-07-22,250,0,0,0,0.387596899224806,0.387596899224806,0
2025-07-22,251,0,0,0,0.116279069767442,0.116279069767442,0
2025-07-22,252,0,1,1,1.18604651162791,0.186046511627907,1
2025-07-22,253,0,2,2,0.10077519379845,1.89922480620155,2
2025-07-22,254,1,2,1,1.35658914728682,0.356589147286822,1
2025-07-22,255,2,18,16,15.5736434108527,0.426356589147288,16
2025-07-22,256,5,12,7,12.046511627907,5.04651162790698,7
2025-07-22,257,1,8,7,2.90697674418605,4.09302325581395,7
2025-07-22,258,1,4,3,1.78294573643411,1.21705426356589,3
2025-07-22,259,0,1,1,1.04651162790698,0.0465116279069768,1
2025-07-22,260,3,5,2,2.10077519379845,0.10077519379845,2
2025-07-22,261,65,31,-34,-22.922480620155,11.077519379845,34
2025-07-22,262,88,113,25,41.2945736434108,16.2945736434108,25
2025-07-22,263,113,183,70,68.4341085271318,1.56589147286822,70
2025-07-23,1,0,16,16,16.6976744186047,0.697674418604652,16
2025-07-23,2,0,0,0,0.0310077519379844,0.0310077519379844,0
2025-07-23,3,0,0,0,0.682170542635659,0.682170542635659,0
2025-07-23,4,10,22,12,26.8217054263566,14.8217054263566,12
2025-07-23,5,0,0,0,0.0232558139534883,0.0232558139534883,0
2025-07-23,6,0,0,0,0.131782945736434,0.131782945736434,0
2025-07-23,7,13,20,7,9.62790697674418,2.62790697674418,7
2025-07-23,8,0,2,2,0.0465116279069767,1.95348837209302,2
2025-07-23,9,0,1,1,0.527131782945736,0.472868217054264,1
2025-07-23,10,2,7,5,6.08527131782946,1.08527131782946,5
2025-07-23,11,0,2,2,0.488372093023256,1.51162790697674,2
2025-07-23,12,4,1,-3,-0.48062015503876,2.51937984496124,3
2025-07-23,13,118,63,-55,-33.9457364341085,21.0542635658915,55
2025-07-23,14,0,6,6,4.67441860465116,1.32558139534884,6
2025-07-23,15,1,2,1,0.914728682170543,0.0852713178294574,1
2025-07-23,16,0,0,0,1.10077519379845,1.10077519379845,0
2025-07-23,17,6,5,-1,4.49612403100775,5.49612403100775,1
2025-07-23,18,0,0,0,1.15503875968992,1.15503875968992,0
2025-07-23,19,0,1,1,0.945736434108527,0.0542635658914729,1
2025-07-23,20,2,1,-1,0.612403100775194,1.61240310077519,1
2025-07-23,21,1,0,-1,0.930232558139535,1.93023255813953,1
2025-07-23,22,2,0,-2,1.2015503875969,3.2015503875969,2
2025-07-23,23,0,0,0,0.155038759689922,0.155038759689922,0
2025-07-23,24,13,25,12,9.77519379844961,2.22480620155039,12
2025-07-23,25,1,15,14,8.10852713178295,5.89147286821705,14
2025-07-23,26,1,2,1,2.16279069767442,1.16279069767442,1
2025-07-23,27,0,0,0,0.108527131782946,0.108527131782946,0
2025-07-23,28,2,1,-1,1.65891472868217,2.65891472868217,1
2025-07-23,29,0,4,4,0.86046511627907,3.13953488372093,4
2025-07-23,30,0,0,0,0.0620155038759689,0.0620155038759689,0
2025-07-23,31,1,1,0,0.193798449612403,0.193798449612403,0
2025-07-23,32,2,2,0,0.713178294573643,0.713178294573643,0
2025-07-23,33,8,23,15,15.2170542635659,0.217054263565892,15
2025-07-23,34,5,2,-3,-0.155038759689922,2.84496124031008,3
2025-07-23,35,1,1,0,2.22480620155039,2.22480620155039,0
2025-07-23,36,3,4,1,3.65116279069767,2.65116279069767,1
2025-07-23,37,3,9,6,5.1937984496124,0.806201550387597,6
2025-07-23,38,0,1,1,1.37984496124031,0.37984496124031,1
2025-07-23,39,2,14,12,3.75193798449612,8.24806201550388,12
2025-07-23,40,1,10,9,6.83720930232558,2.16279069767442,9
2025-07-23,41,25,50,25,26.0232558139535,1.02325581395349,25
2025-07-23,42,17,32,15,24.4108527131783,9.41085271317829,15
2025-07-23,43,81,78,-3,-17.3720930232558,14.3720930232558,3
2025-07-23,44,0,0,0,0.0077519379844961,0.0077519379844961,0
2025-07-23,45,11,37,26,12.4806201550388,13.5193798449612,26
2025-07-23,46,0,0,0,0.155038759689922,0.155038759689922,0
2025-07-23,47,1,0,-1,0.844961240310077,1.84496124031008,1
2025-07-23,48,195,206,11,70.3565891472868,59.3565891472868,11
2025-07-23,49,3,5,2,7.2015503875969,5.2015503875969,2
2025-07-23,50,44,79,35,47.2790697674419,12.2790697674419,35
2025-07-23,51,1,2,1,2.35658914728682,1.35658914728682,1
2025-07-23,52,0,6,6,4.28682170542636,1.71317829457364,6
2025-07-23,53,0,2,2,0.697674418604651,1.30232558139535,2
2025-07-23,54,0,1,1,1.87596899224806,0.875968992248062,1
2025-07-23,55,0,6,6,1.85271317829457,4.14728682170543,6
2025-07-23,56,0,2,2,1.47286821705426,0.527131782945736,2
2025-07-23,57,0,0,0,0.0852713178294573,0.0852713178294573,0
2025-07-23,58,0,0,0,0.224806201550388,0.224806201550388,0
2025-07-23,59,0,0,0,0.0310077519379844,0.0310077519379844,0
2025-07-23,60,0,2,2,0.48062015503876,1.51937984496124,2
2025-07-23,61,7,13,6,7.2093023255814,1.2093023255814,6
2025-07-23,62,3,2,-1,2.24031007751938,3.24031007751938,1
2025-07-23,63,0,1,1,1.61240310077519,0.612403100775194,1
2025-07-23,64,0,1,1,0.922480620155039,0.0775193798449612,1
2025-07-23,65,4,10,6,1.81395348837209,4.18604651162791,6
2025-07-23,66,8,16,8,5.24031007751938,2.75968992248062,8
2025-07-23,67,0,0,0,0.813953488372093,0.813953488372093,0
2025-07-23,68,226,206,-20,-48.1937984496124,28.1937984496124,20
2025-07-23,69,3,7,4,2.05426356589147,1.94573643410853,4
2025-07-23,70,15,3,-12,-17.8604651162791,5.86046511627907,12
2025-07-23,71,1,3,2,1.93023255813953,0.069767441860465,2
2025-07-23,72,2,6,4,1.74418604651163,2.25581395348837,4
2025-07-23,73,0,0,0,0.457364341085271,0.457364341085271,0
2025-07-23,74,13,41,28,35.6821705426357,7.68217054263566,28
2025-07-23,75,35,54,19,29.7131782945736,10.7131782945736,19
2025-07-23,76,5,8,3,4.68217054263566,1.68217054263566,3
2025-07-23,77,0,3,3,1.08527131782946,1.91472868217054,3
2025-07-23,78,0,1,1,0.837209302325581,0.162790697674419,1
2025-07-23,79,93,177,84,82.2248062015504,1.77519379844961,84
2025-07-23,80,4,11,7,5.65891472868217,1.34108527131783,7
2025-07-23,81,0,0,0,0.720930232558139,0.720930232558139,0
2025-07-23,82,0,2,2,1,1,2
2025-07-23,83,2,2,0,1.15503875968992,1.15503875968992,0
2025-07-23,84,0,0,0,0.0542635658914728,0.0542635658914728,0
2025-07-23,85,0,3,3,1.2093023255814,1.7906976744186,3
2025-07-23,86,0,4,4,2.03100775193798,1.96899224806202,4
2025-07-23,87,77,82,5,5.10852713178295,0.108527131782946,5
2025-07-23,88,37,30,-7,-2.41085271317829,4.58914728682171,7
2025-07-23,89,4,7,3,4.56589147286822,1.56589147286822,3
2025-07-23,90,124,118,-6,-10.8992248062016,4.89922480620155,6
2025-07-23,91,1,6,5,2.4031007751938,2.5968992248062,5
2025-07-23,92,1,5,4,3.90697674418605,0.0930232558139537,4
2025-07-23,93,0,2,2,1.93023255813953,0.069767441860465,2
2025-07-23,94,1,1,0,0.395348837209302,0.395348837209302,0
2025-07-23,95,3,18,15,6.0077519379845,8.9922480620155,15
2025-07-23,96,0,0,0,0.155038759689922,0.155038759689922,0
2025-07-23,97,14,13,-1,4.94573643410853,5.94573643410853,1
2025-07-23,98,0,2,2,1.51937984496124,0.48062015503876,2
2025-07-23,99,0,0,0,0,0,0
2025-07-23,100,131,86,-45,-24.2713178294574,20.7286821705426,45
2025-07-23,101,0,0,0,0.565891472868217,0.565891472868217,0
2025-07-23,102,0,2,2,1.48062015503876,0.51937984496124,2
2025-07-23,105,0,0,0,0,0,0
2025-07-23,106,2,4,2,1.85271317829457,0.147286821705426,2
2025-07-23,107,109,142,33,21.6666666666667,11.3333333333333,33
2025-07-23,108,0,1,1,0.945736434108527,0.0542635658914729,1
2025-07-23,109,0,1,1,0.0697674418604651,0.930232558139535,1
2025-07-23,110,0,0,0,0,0,0
2025-07-23,111,0,0,0,0.0310077519379844,0.0310077519379844,0
2025-07-23,112,2,21,19,16.2790697674419,2.72093023255814,19
2025-07-23,113,91,147,56,13.2558139534884,42.7441860465116,56
2025-07-23,114,65,89,24,24.5658914728682,0.565891472868216,24
2025-07-23,115,0,0,0,0.116279069767442,0.116279069767442,0
2025-07-23,116,9,11,2,12.2015503875969,10.2015503875969,2
2025-07-23,117,1,1,0,1.1937984496124,1.1937984496124,0
2025-07-23,118,0,0,0,0.13953488372093,0.13953488372093,0
2025-07-23,119,1,1,0,1.86046511627907,1.86046511627907,0
2025-07-23,120,0,0,0,0.426356589147287,0.426356589147287,0
2025-07-23,121,2,0,-2,1.42635658914729,3.42635658914729,2
2025-07-23,122,0,0,0,0.589147286821705,0.589147286821705,0
2025-07-23,123,3,3,0,1.13178294573643,1.13178294573643,0
2025-07-23,124,1,3,2,1.77519379844961,0.224806201550388,2
2025-07-23,125,49,42,-7,-2.09302325581395,4.90697674418605,7
2025-07-23,126,1,1,0,0.294573643410853,0.294573643410853,0
2025-07-23,127,1,7,6,4.92248062015504,1.07751937984496,6
2025-07-23,128,1,1,0,0.472868217054264,0.472868217054264,0
2025-07-23,129,4,8,4,4.51162790697674,0.511627906976744,4
2025-07-23,130,3,3,0,0.403100775193798,0.403100775193798,0
2025-07-23,131,0,2,2,1.41860465116279,0.581395348837209,2
2025-07-23,132,287,61,-226,-215.976744186046,10.0232558139535,226
2025-07-23,133,2,2,0,1.75193798449612,1.75193798449612,0
2025-07-23,134,1,5,4,1.07751937984496,2.92248062015504,4
2025-07-23,135,0,1,1,1.85271317829457,0.852713178294574,1
2025-07-23,136,1,1,0,0.782945736434108,0.782945736434108,0
2025-07-23,137,68,50,-18,-9.26356589147287,8.73643410852713,18
2025-07-23,138,212,72,-140,-143.744186046512,3.74418604651163,140
2025-07-23,139,0,3,3,1.37209302325581,1.62790697674419,3
2025-07-23,140,143,115,-28,-33.1860465116279,5.18604651162791,28
2025-07-23,141,183,230,47,61.1472868217054,14.1472868217054,47
2025-07-23,142,225,277,52,62.8759689922481,10.8759689922481,52
2025-07-23,143,84,122,38,53.1627906976744,15.1627906976744,38
2025-07-23,144,70,105,35,-2.15503875968992,37.1550387596899,35
2025-07-23,145,5,11,6,9.4031007751938,3.4031007751938,6
2025-07-23,146,1,2,1,0.720930232558139,0.279069767441861,1
2025-07-23,147,0,1,1,0.294573643410853,0.705426356589147,1
2025-07-23,148,55,113,58,54.4031007751938,3.5968992248062,58
2025-07-23,149,0,0,0,1.38759689922481,1.38759689922481,0
2025-07-23,150,0,0,0,0.51937984496124,0.51937984496124,0
2025-07-23,151,51,70,19,13,6,19
2025-07-23,152,6,7,1,2.86821705426357,1.86821705426357,1
2025-07-23,153,0,0,0,0.170542635658915,0.170542635658915,0
2025-07-23,154,0,0,0,0.527131782945736,0.527131782945736,0
2025-07-23,155,0,3,3,1.44186046511628,1.55813953488372,3
2025-07-23,156,0,1,1,0.0542635658914728,0.945736434108527,1
2025-07-23,157,0,3,3,2,1,3
2025-07-23,158,68,145,77,47.8139534883721,29.1860465116279,77
2025-07-23,159,1,2,1,0.395348837209302,0.604651162790698,1
2025-07-23,160,0,3,3,1.89922480620155,1.10077519379845,3
2025-07-23,161,634,344,-290,-286.294573643411,3.70542635658916,290
2025-07-23,162,436,213,-223,-210.364341085271,12.6356589147287,223
2025-07-23,163,306,226,-80,-106.403100775194,26.4031007751938,80
2025-07-23,164,260,171,-89,-25.4418604651163,63.5581395348837,89
2025-07-23,165,2,6,4,1.55038759689922,2.44961240310078,4
2025-07-23,166,27,57,30,7.13178294573643,22.8682170542636,30
2025-07-23,167,1,3,2,1.41860465116279,0.581395348837209,2
2025-07-23,168,1,9,8,2.56589147286822,5.43410852713178,8
2025-07-23,169,0,3,3,1.16279069767442,1.83720930232558,3
2025-07-23,170,263,203,-60,-46.6666666666667,13.3333333333333,60
2025-07-23,171,1,1,0,1.55813953488372,1.55813953488372,0
2025-07-23,172,0,0,0,0.0542635658914728,0.0542635658914728,0
2025-07-23,173,0,0,0,0.775193798449612,0.775193798449612,0
2025-07-23,174,0,0,0,0.573643410852713,0.573643410852713,0
2025-07-23,175,0,1,1,0.767441860465116,0.232558139534884,1
2025-07-23,176,0,0,0,0.0465116279069767,0.0465116279069767,0
2025-07-23,177,1,4,3,1.51162790697674,1.48837209302326,3
2025-07-23,178,0,0,0,0.829457364341085,0.829457364341085,0
2025-07-23,179,1,5,4,3.2015503875969,0.798449612403101,4
2025-07-23,180,1,2,1,0.875968992248062,0.124031007751938,1
2025-07-23,181,2,21,19,16.6744186046512,2.32558139534884,19
2025-07-23,182,1,2,1,1.69767441860465,0.697674418604651,1
2025-07-23,183,0,3,3,0.426356589147287,2.57364341085271,3
2025-07-23,184,0,0,0,0.0155038759689922,0.0155038759689922,0
2025-07-23,185,1,0,-1,1.06201550387597,2.06201550387597,1
2025-07-23,186,238,207,-31,-50.8217054263566,19.8217054263566,31
2025-07-23,187,0,0,0,0.0775193798449612,0.0775193798449612,0
2025-07-23,188,3,13,10,2.85271317829457,7.14728682170543,10
2025-07-23,189,2,10,8,4.48062015503876,3.51937984496124,8
2025-07-23,190,0,2,2,0.689922480620155,1.31007751937985,2
2025-07-23,191,0,4,4,1.65891472868217,2.34108527131783,4
2025-07-23,192,0,1,1,0.697674418604651,0.302325581395349,1
2025-07-23,193,1,8,7,1.24031007751938,5.75968992248062,7
2025-07-23,194,0,1,1,1.15503875968992,0.155038759689922,1
2025-07-23,195,0,3,3,2.09302325581395,0.906976744186046,3
2025-07-23,196,0,3,3,0.953488372093023,2.04651162790698,3
2025-07-23,197,1,3,2,1.8062015503876,0.193798449612403,2
2025-07-23,198,1,7,6,3.04651162790698,2.95348837209302,6
2025-07-23,199,0,0,0,-0.0155038759689922,0.0155038759689922,0
2025-07-23,200,0,1,1,2.31007751937985,1.31007751937985,1
2025-07-23,201,2,2,0,0.589147286821705,0.589147286821705,0
2025-07-23,202,0,5,5,3.57364341085271,1.42635658914729,5
2025-07-23,203,1,0,-1,1.3953488372093,2.3953488372093,1
2025-07-23,204,0,0,0,0.0155038759689922,0.0155038759689922,0
2025-07-23,205,0,4,4,2.62790697674419,1.37209302325581,4
2025-07-23,206,0,0,0,0.193798449612403,0.193798449612403,0
2025-07-23,207,0,0,0,-0.0542635658914728,0.0542635658914728,0
2025-07-23,208,1,3,2,1.27906976744186,0.72093023255814,2
2025-07-23,209,15,42,27,8.03875968992248,18.9612403100775,27
2025-07-23,210,0,2,2,1.27131782945736,0.728682170542636,2
2025-07-23,211,79,106,27,3.75193798449612,23.2480620155039,27
2025-07-23,212,0,4,4,0.503875968992248,3.49612403100775,4
2025-07-23,213,0,1,1,1.29457364341085,0.294573643410853,1
2025-07-23,214,0,0,0,0.147286821705426,0.147286821705426,0
2025-07-23,215,0,3,3,1.75968992248062,1.24031007751938,3
2025-07-23,216,1,10,9,5.67441860465116,3.32558139534884,9
2025-07-23,217,0,3,3,2.6046511627907,0.395348837209302,3
2025-07-23,218,0,7,7,2.7906976744186,4.2093023255814,7
2025-07-23,219,2,2,0,2.43410852713178,2.43410852713178,0
2025-07-23,220,0,7,7,2.24031007751938,4.75968992248062,7
2025-07-23,221,0,0,0,0.13953488372093,0.13953488372093,0
2025-07-23,222,1,4,3,0.883720930232558,2.11627906976744,3
2025-07-23,223,1,6,5,5.72093023255814,0.72093023255814,5
2025-07-23,224,4,30,26,22.8759689922481,3.12403100775193,26
2025-07-23,225,6,9,3,4.31007751937984,1.31007751937984,3
2025-07-23,226,9,5,-4,1.68217054263566,5.68217054263566,4
2025-07-23,227,2,3,1,1.09302325581395,0.0930232558139534,1
2025-07-23,228,0,2,2,1.94573643410853,0.054263565891473,2
2025-07-23,229,144,196,52,36.4961240310078,15.5038759689922,52
2025-07-23,230,320,346,26,84.7286821705426,58.7286821705426,26
2025-07-23,231,138,141,3,4.27131782945736,1.27131782945736,3
2025-07-23,232,13,46,33,33.5503875968992,0.550387596899228,33
2025-07-23,233,107,115,8,-1.31007751937985,9.31007751937985,8
2025-07-23,234,269,248,-21,-42.6899224806202,21.6899224806202,21
2025-07-23,235,0,3,3,1.29457364341085,1.70542635658915,3
2025-07-23,236,256,365,109,43.5891472868217,65.4108527131783,109
2025-07-23,237,380,418,38,-6.51937984496124,44.5193798449612,38
2025-07-23,238,116,154,38,43.3798449612403,5.37984496124031,38
2025-07-23,239,176,283,107,72.8139534883721,34.1860465116279,107
2025-07-23,240,0,0,0,0.286821705426357,0.286821705426357,0
2025-07-23,241,0,0,0,1.09302325581395,1.09302325581395,0
2025-07-23,242,0,0,0,0.472868217054264,0.472868217054264,0
2025-07-23,243,1,16,15,11.6744186046512,3.32558139534884,15
2025-07-23,244,4,24,20,12.6666666666667,7.33333333333333,20
2025-07-23,245,0,0,0,0.0852713178294573,0.0852713178294573,0
2025-07-23,246,282,210,-72,-22.5116279069767,49.4883720930233,72
2025-07-23,247,0,2,2,3.26356589147287,1.26356589147287,2
2025-07-23,248,1,2,1,0.689922480620155,0.310077519379845,1
2025-07-23,249,120,215,95,70.3798449612403,24.6201550387597,95
2025-07-23,250,1,2,1,0.387596899224806,0.612403100775194,1
2025-07-23,251,0,0,0,0.116279069767442,0.116279069767442,0
2025-07-23,252,2,4,2,1.18604651162791,0.813953488372093,2
2025-07-23,253,0,0,0,0.10077519379845,0.10077519379845,0
2025-07-23,254,1,5,4,1.35658914728682,2.64341085271318,4
2025-07-23,255,1,23,22,15.5736434108527,6.42635658914729,22
2025-07-23,256,1,14,13,12.046511627907,0.953488372093023,13
2025-07-23,257,0,2,2,2.90697674418605,0.906976744186046,2
2025-07-23,258,0,3,3,1.78294573643411,1.21705426356589,3
2025-07-23,259,0,3,3,1.04651162790698,1.95348837209302,3
2025-07-23,260,1,5,4,2.10077519379845,1.89922480620155,4
2025-07-23,261,64,35,-29,-22.922480620155,6.07751937984496,29
2025-07-23,262,87,136,49,41.2945736434108,7.70542635658915,49
2025-07-23,263,98,168,70,68.4341085271318,1.56589147286822,70
2025-07-24,1,0,19,19,16.6976744186047,2.30232558139535,19
2025-07-24,2,0,0,0,0.0310077519379844,0.0310077519379844,0
2025-07-24,3,0,0,0,0.682170542635659,0.682170542635659,0
2025-07-24,4,11,37,26,26.8217054263566,0.821705426356591,26
2025-07-24,5,0,0,0,0.0232558139534883,0.0232558139534883,0
2025-07-24,6,0,0,0,0.131782945736434,0.131782945736434,0
2025-07-24,7,4,16,12,9.62790697674418,2.37209302325582,12
2025-07-24,8,0,0,0,0.0465116279069767,0.0465116279069767,0
2025-07-24,9,0,1,1,0.527131782945736,0.472868217054264,1
2025-07-24,10,2,6,4,6.08527131782946,2.08527131782946,4
2025-07-24,11,1,0,-1,0.488372093023256,1.48837209302326,1
2025-07-24,12,3,3,0,-0.48062015503876,0.48062015503876,0
2025-07-24,13,105,53,-52,-33.9457364341085,18.0542635658915,52
2025-07-24,14,0,7,7,4.67441860465116,2.32558139534884,7
2025-07-24,15,0,0,0,0.914728682170543,0.914728682170543,0
2025-07-24,16,0,3,3,1.10077519379845,1.89922480620155,3
2025-07-24,17,6,9,3,4.49612403100775,1.49612403100775,3
2025-07-24,18,2,3,1,1.15503875968992,0.155038759689922,1
2025-07-24,19,0,3,3,0.945736434108527,2.05426356589147,3
2025-07-24,20,1,2,1,0.612403100775194,0.387596899224806,1
2025-07-24,21,0,0,0,0.930232558139535,0.930232558139535,0
2025-07-24,22,0,4,4,1.2015503875969,2.7984496124031,4
2025-07-24,23,0,0,0,0.155038759689922,0.155038759689922,0
2025-07-24,24,14,29,15,9.77519379844961,5.22480620155039,15
2025-07-24,25,4,12,8,8.10852713178295,0.108527131782946,8
2025-07-24,26,1,4,3,2.16279069767442,0.837209302325582,3
2025-07-24,27,0,1,1,0.108527131782946,0.891472868217054,1
2025-07-24,28,2,5,3,1.65891472868217,1.34108527131783,3
2025-07-24,29,1,1,0,0.86046511627907,0.86046511627907,0
2025-07-24,30,0,0,0,0.0620155038759689,0.0620155038759689,0
2025-07-24,31,0,0,0,0.193798449612403,0.193798449612403,0
2025-07-24,32,1,1,0,0.713178294573643,0.713178294573643,0
2025-07-24,33,6,19,13,15.2170542635659,2.21705426356589,13
2025-07-24,34,0,0,0,-0.155038759689922,0.155038759689922,0
2025-07-24,35,0,7,7,2.22480620155039,4.77519379844961,7
2025-07-24,36,1,3,2,3.65116279069767,1.65116279069767,2
2025-07-24,37,2,7,5,5.1937984496124,0.193798449612403,5
2025-07-24,38,0,1,1,1.37984496124031,0.37984496124031,1
2025-07-24,39,2,7,5,3.75193798449612,1.24806201550388,5
2025-07-24,40,0,9,9,6.83720930232558,2.16279069767442,9
2025-07-24,41,26,45,19,26.0232558139535,7.02325581395349,19
2025-07-24,42,12,38,26,24.4108527131783,1.58914728682171,26
2025-07-24,43,101,79,-22,-17.3720930232558,4.62790697674419,22
2025-07-24,44,0,0,0,0.0077519379844961,0.0077519379844961,0
2025-07-24,45,17,27,10,12.4806201550388,2.48062015503876,10
2025-07-24,46,0,0,0,0.155038759689922,0.155038759689922,0
2025-07-24,47,0,0,0,0.844961240310077,0.844961240310077,0
2025-07-24,48,169,194,25,70.3565891472868,45.3565891472868,25
2025-07-24,49,3,9,6,7.2015503875969,1.2015503875969,6
2025-07-24,50,31,71,40,47.2790697674419,7.27906976744186,40
2025-07-24,51,0,2,2,2.35658914728682,0.356589147286822,2
2025-07-24,52,1,3,2,4.28682170542636,2.28682170542636,2
2025-07-24,53,0,0,0,0.697674418604651,0.697674418604651,0
2025-07-24,54,0,0,0,1.87596899224806,1.87596899224806,0
2025-07-24,55,0,3,3,1.85271317829457,1.14728682170543,3
2025-07-24,56,0,0,0,1.47286821705426,1.47286821705426,0
2025-07-24,57,0,0,0,0.0852713178294573,0.0852713178294573,0
2025-07-24,58,0,0,0,0.224806201550388,0.224806201550388,0
2025-07-24,59,0,0,0,0.0310077519379844,0.0310077519379844,0
2025-07-24,60,2,2,0,0.48062015503876,0.48062015503876,0
2025-07-24,61,6,11,5,7.2093023255814,2.2093023255814,5
2025-07-24,62,1,4,3,2.24031007751938,0.75968992248062,3
2025-07-24,63,0,2,2,1.61240310077519,0.387596899224806,2
2025-07-24,64,0,0,0,0.922480620155039,0.922480620155039,0
2025-07-24,65,9,13,4,1.81395348837209,2.18604651162791,4
2025-07-24,66,14,18,4,5.24031007751938,1.24031007751938,4
2025-07-24,67,0,0,0,0.813953488372093,0.813953488372093,0
2025-07-24,68,217,176,-41,-48.1937984496124,7.1937984496124,41
2025-07-24,69,1,1,0,2.05426356589147,2.05426356589147,0
2025-07-24,70,23,1,-22,-17.8604651162791,4.13953488372093,22
2025-07-24,71,1,2,1,1.93023255813953,0.930232558139535,1
2025-07-24,72,0,4,4,1.74418604651163,2.25581395348837,4
2025-07-24,73,0,0,0,0.457364341085271,0.457364341085271,0
2025-07-24,74,25,58,33,35.6821705426357,2.68217054263566,33
2025-07-24,75,41,54,13,29.7131782945736,16.7131782945736,13
2025-07-24,76,2,9,7,4.68217054263566,2.31782945736434,7
2025-07-24,77,0,6,6,1.08527131782946,4.91472868217054,6
2025-07-24,78,1,1,0,0.837209302325581,0.837209302325581,0
2025-07-24,79,82,233,151,82.2248062015504,68.7751937984496,151
2025-07-24,80,2,7,5,5.65891472868217,0.658914728682171,5
2025-07-24,81,1,0,-1,0.720930232558139,1.72093023255814,1
2025-07-24,82,1,1,0,1,1,0
2025-07-24,83,1,1,0,1.15503875968992,1.15503875968992,0
2025-07-24,84,0,0,0,0.0542635658914728,0.0542635658914728,0
2025-07-24,85,2,5,3,1.2093023255814,1.7906976744186,3
2025-07-24,86,0,7,7,2.03100775193798,4.96899224806202,7
2025-07-24,87,60,90,30,5.10852713178295,24.8914728682171,30
2025-07-24,88,48,26,-22,-2.41085271317829,19.5891472868217,22
2025-07-24,89,3,5,2,4.56589147286822,2.56589147286822,2
2025-07-24,90,134,101,-33,-10.8992248062016,22.1007751937984,33
2025-07-24,91,4,7,3,2.4031007751938,0.596899224806202,3
2025-07-24,92,0,6,6,3.90697674418605,2.09302325581395,6
2025-07-24,93,1,1,0,1.93023255813953,1.93023255813953,0
2025-07-24,94,0,1,1,0.395348837209302,0.604651162790698,1
2025-07-24,95,3,13,10,6.0077519379845,3.9922480620155,10
2025-07-24,96,0,0,0,0.155038759689922,0.155038759689922,0
2025-07-24,97,4,3,-1,4.94573643410853,5.94573643410853,1
2025-07-24,98,1,4,3,1.51937984496124,1.48062015503876,3
2025-07-24,99,0,0,0,0,0,0
2025-07-24,100,118,91,-27,-24.2713178294574,2.72868217054264,27
2025-07-24,101,0,5,5,0.565891472868217,4.43410852713178,5
2025-07-24,102,0,3,3,1.48062015503876,1.51937984496124,3
2025-07-24,105,0,0,0,0,0,0
2025-07-24,106,0,1,1,1.85271317829457,0.852713178294574,1
2025-07-24,107,156,147,-9,21.6666666666667,30.6666666666667,9
2025-07-24,108,0,2,2,0.945736434108527,1.05426356589147,2
2025-07-24,109,0,0,0,0.0697674418604651,0.0697674418604651,0
2025-07-24,110,0,0,0,0,0,0
2025-07-24,111,0,0,0,0.0310077519379844,0.0310077519379844,0
2025-07-24,112,2,25,23,16.2790697674419,6.72093023255814,23
2025-07-24,113,105,130,25,13.2558139534884,11.7441860465116,25
2025-07-24,114,86,97,11,24.5658914728682,13.5658914728682,11
2025-07-24,115,0,0,0,0.116279069767442,0.116279069767442,0
2025-07-24,116,5,16,11,12.2015503875969,1.2015503875969,11
2025-07-24,117,0,2,2,1.1937984496124,0.806201550387597,2
2025-07-24,118,0,1,1,0.13953488372093,0.86046511627907,1
2025-07-24,119,1,3,2,1.86046511627907,0.13953488372093,2
2025-07-24,120,1,0,-1,0.426356589147287,1.42635658914729,1
2025-07-24,121,0,2,2,1.42635658914729,0.573643410852713,2
2025-07-24,122,0,0,0,0.589147286821705,0.589147286821705,0
2025-07-24,123,2,2,0,1.13178294573643,1.13178294573643,0
2025-07-24,124,0,4,4,1.77519379844961,2.22480620155039,4
2025-07-24,125,44,45,1,-2.09302325581395,3.09302325581395,1
2025-07-24,126,1,2,1,0.294573643410853,0.705426356589147,1
2025-07-24,127,1,1,0,4.92248062015504,4.92248062015504,0
2025-07-24,128,0,0,0,0.472868217054264,0.472868217054264,0
2025-07-24,129,3,13,10,4.51162790697674,5.48837209302326,10
2025-07-24,130,6,5,-1,0.403100775193798,1.4031007751938,1
2025-07-24,131,0,2,2,1.41860465116279,0.581395348837209,2
2025-07-24,132,297,57,-240,-215.976744186046,24.0232558139535,240
2025-07-24,133,2,3,1,1.75193798449612,0.751937984496124,1
2025-07-24,134,1,4,3,1.07751937984496,1.92248062015504,3
2025-07-24,135,0,0,0,1.85271317829457,1.85271317829457,0
2025-07-24,136,0,2,2,0.782945736434108,1.21705426356589,2
2025-07-24,137,91,81,-10,-9.26356589147287,0.736434108527131,10
2025-07-24,138,177,91,-86,-143.744186046512,57.7441860465116,86
2025-07-24,139,0,2,2,1.37209302325581,0.627906976744186,2
2025-07-24,140,140,105,-35,-33.1860465116279,1.81395348837209,35
2025-07-24,141,161,208,47,61.1472868217054,14.1472868217054,47
2025-07-24,142,221,218,-3,62.8759689922481,65.8759689922481,3
2025-07-24,143,96,107,11,53.1627906976744,42.1627906976744,11
2025-07-24,144,93,87,-6,-2.15503875968992,3.84496124031008,6
2025-07-24,145,13,25,12,9.4031007751938,2.5968992248062,12
2025-07-24,146,4,7,3,0.720930232558139,2.27906976744186,3
2025-07-24,147,0,1,1,0.294573643410853,0.705426356589147,1
2025-07-24,148,50,115,65,54.4031007751938,10.5968992248062,65
2025-07-24,149,0,2,2,1.38759689922481,0.612403100775194,2
2025-07-24,150,1,0,-1,0.51937984496124,1.51937984496124,1
2025-07-24,151,52,66,14,13,1,14
2025-07-24,152,3,1,-2,2.86821705426357,4.86821705426357,2
2025-07-24,153,0,0,0,0.170542635658915,0.170542635658915,0
2025-07-24,154,0,0,0,0.527131782945736,0.527131782945736,0
2025-07-24,155,1,4,3,1.44186046511628,1.55813953488372,3
2025-07-24,156,0,0,0,0.0542635658914728,0.0542635658914728,0
2025-07-24,157,1,6,5,2,3,5
2025-07-24,158,75,133,58,47.8139534883721,10.1860465116279,58
2025-07-24,159,1,0,-1,0.395348837209302,1.3953488372093,1
2025-07-24,160,0,2,2,1.89922480620155,0.10077519379845,2
2025-07-24,161,514,318,-196,-286.294573643411,90.2945736434108,196
2025-07-24,162,387,250,-137,-210.364341085271,73.3643410852713,137
2025-07-24,163,308,188,-120,-106.403100775194,13.5968992248062,120
2025-07-24,164,212,186,-26,-25.4418604651163,0.558139534883718,26
2025-07-24,165,0,1,1,1.55038759689922,0.550387596899225,1
2025-07-24,166,22,50,28,7.13178294573643,20.8682170542636,28
2025-07-24,167,0,5,5,1.41860465116279,3.58139534883721,5
2025-07-24,168,1,5,4,2.56589147286822,1.43410852713178,4
2025-07-24,169,1,2,1,1.16279069767442,0.162790697674419,1
2025-07-24,170,279,219,-60,-46.6666666666667,13.3333333333333,60
2025-07-24,171,0,4,4,1.55813953488372,2.44186046511628,4
2025-07-24,172,0,0,0,0.0542635658914728,0.0542635658914728,0
2025-07-24,173,1,1,0,0.775193798449612,0.775193798449612,0
2025-07-24,174,1,0,-1,0.573643410852713,1.57364341085271,1
2025-07-24,175,0,2,2,0.767441860465116,1.23255813953488,2
2025-07-24,176,0,0,0,0.0465116279069767,0.0465116279069767,0
2025-07-24,177,2,2,0,1.51162790697674,1.51162790697674,0
2025-07-24,178,0,3,3,0.829457364341085,2.17054263565891,3
2025-07-24,179,2,10,8,3.2015503875969,4.7984496124031,8
2025-07-24,180,0,1,1,0.875968992248062,0.124031007751938,1
2025-07-24,181,6,15,9,16.6744186046512,7.67441860465116,9
2025-07-24,182,1,3,2,1.69767441860465,0.302325581395349,2
2025-07-24,183,0,0,0,0.426356589147287,0.426356589147287,0
2025-07-24,184,0,0,0,0.0155038759689922,0.0155038759689922,0
2025-07-24,185,0,3,3,1.06201550387597,1.93798449612403,3
2025-07-24,186,229,158,-71,-50.8217054263566,20.1782945736434,71
2025-07-24,187,0,0,0,0.0775193798449612,0.0775193798449612,0
2025-07-24,188,3,8,5,2.85271317829457,2.14728682170543,5
2025-07-24,189,1,4,3,4.48062015503876,1.48062015503876,3
2025-07-24,190,0,0,0,0.689922480620155,0.689922480620155,0
2025-07-24,191,0,0,0,1.65891472868217,1.65891472868217,0
2025-07-24,192,0,1,1,0.697674418604651,0.302325581395349,1
2025-07-24,193,7,8,1,1.24031007751938,0.24031007751938,1
2025-07-24,194,0,2,2,1.15503875968992,0.844961240310078,2
2025-07-24,195,1,3,2,2.09302325581395,0.0930232558139537,2
2025-07-24,196,3,2,-1,0.953488372093023,1.95348837209302,1
2025-07-24,197,1,3,2,1.8062015503876,0.193798449612403,2
2025-07-24,198,0,1,1,3.04651162790698,2.04651162790698,1
2025-07-24,199,0,0,0,-0.0155038759689922,0.0155038759689922,0
2025-07-24,200,0,1,1,2.31007751937985,1.31007751937985,1
2025-07-24,201,1,3,2,0.589147286821705,1.41085271317829,2
2025-07-24,202,0,3,3,3.57364341085271,0.573643410852713,3
2025-07-24,203,0,2,2,1.3953488372093,0.604651162790698,2
2025-07-24,204,0,0,0,0.0155038759689922,0.0155038759689922,0
2025-07-24,205,1,4,3,2.62790697674419,0.372093023255814,3
2025-07-24,206,0,0,0,0.193798449612403,0.193798449612403,0
2025-07-24,207,0,0,0,-0.0542635658914728,0.0542635658914728,0
2025-07-24,208,0,6,6,1.27906976744186,4.72093023255814,6
2025-07-24,209,23,41,18,8.03875968992248,9.96124031007752,18
2025-07-24,210,1,3,2,1.27131782945736,0.728682170542636,2
2025-07-24,211,71,88,17,3.75193798449612,13.2480620155039,17
2025-07-24,212,0,3,3,0.503875968992248,2.49612403100775,3
2025-07-24,213,0,5,5,1.29457364341085,3.70542635658915,5
2025-07-24,214,0,0,0,0.147286821705426,0.147286821705426,0
2025-07-24,215,0,4,4,1.75968992248062,2.24031007751938,4
2025-07-24,216,4,6,2,5.67441860465116,3.67441860465116,2
2025-07-24,217,0,3,3,2.6046511627907,0.395348837209302,3
2025-07-24,218,0,4,4,2.7906976744186,1.2093023255814,4
2025-07-24,219,0,3,3,2.43410852713178,0.565891472868217,3
2025-07-24,220,0,1,1,2.24031007751938,1.24031007751938,1
2025-07-24,221,0,0,0,0.13953488372093,0.13953488372093,0
2025-07-24,222,1,2,1,0.883720930232558,0.116279069767442,1
2025-07-24,223,7,8,1,5.72093023255814,4.72093023255814,1
2025-07-24,224,9,28,19,22.8759689922481,3.87596899224807,19
2025-07-24,225,1,12,11,4.31007751937984,6.68992248062016,11
2025-07-24,226,12,10,-2,1.68217054263566,3.68217054263566,2
2025-07-24,227,0,0,0,1.09302325581395,1.09302325581395,0
2025-07-24,228,1,2,1,1.94573643410853,0.945736434108527,1
2025-07-24,229,136,161,25,36.4961240310078,11.4961240310078,25
2025-07-24,230,246,324,78,84.7286821705426,6.72868217054264,78
2025-07-24,231,135,131,-4,4.27131782945736,8.27131782945736,4
2025-07-24,232,16,45,29,33.5503875968992,4.55038759689923,29
2025-07-24,233,134,97,-37,-1.31007751937985,35.6899224806202,37
2025-07-24,234,266,236,-30,-42.6899224806202,12.6899224806202,30
2025-07-24,235,1,4,3,1.29457364341085,1.70542635658915,3
2025-07-24,236,236,304,68,43.5891472868217,24.4108527131783,68
2025-07-24,237,359,325,-34,-6.51937984496124,27.4806201550388,34
2025-07-24,238,109,183,74,43.3798449612403,30.6201550387597,74
2025-07-24,239,169,217,48,72.8139534883721,24.8139534883721,48
2025-07-24,240,0,0,0,0.286821705426357,0.286821705426357,0
2025-07-24,241,1,2,1,1.09302325581395,0.0930232558139534,1
2025-07-24,242,0,1,1,0.472868217054264,0.527131782945736,1
2025-07-24,243,5,11,6,11.6744186046512,5.67441860465116,6
2025-07-24,244,7,11,4,12.6666666666667,8.66666666666667,4
2025-07-24,245,0,0,0,0.0852713178294573,0.0852713178294573,0
2025-07-24,246,159,188,29,-22.5116279069767,51.5116279069767,29
2025-07-24,247,3,3,0,3.26356589147287,3.26356589147287,0
2025-07-24,248,0,0,0,0.689922480620155,0.689922480620155,0
2025-07-24,249,117,188,71,70.3798449612403,0.620155038759691,71
2025-07-24,250,0,1,1,0.387596899224806,0.612403100775194,1
2025-07-24,251,0,2,2,0.116279069767442,1.88372093023256,2
2025-07-24,252,0,3,3,1.18604651162791,1.81395348837209,3
2025-07-24,253,0,0,0,0.10077519379845,0.10077519379845,0
2025-07-24,254,2,0,-2,1.35658914728682,3.35658914728682,2
2025-07-24,255,2,22,20,15.5736434108527,4.42635658914729,20
2025-07-24,256,1,15,14,12.046511627907,1.95348837209302,14
2025-07-24,257,0,2,2,2.90697674418605,0.906976744186046,2
2025-07-24,258,0,0,0,1.78294573643411,1.78294573643411,0
2025-07-24,259,1,2,1,1.04651162790698,0.0465116279069768,1
2025-07-24,260,2,7,5,2.10077519379845,2.89922480620155,5
2025-07-24,261,62,27,-35,-22.922480620155,12.077519379845,35
2025-07-24,262,90,110,20,41.2945736434108,21.2945736434108,20
2025-07-24,263,111,177,66,68.4341085271318,2.43410852713178,66
2025-07-25,1,0,14,14,16.6976744186047,2.69767441860465,14
2025-07-25,2,0,0,0,0.0310077519379844,0.0310077519379844,0
2025-07-25,3,1,1,0,0.682170542635659,0.682170542635659,0
2025-07-25,4,8,23,15,26.8217054263566,11.8217054263566,15
2025-07-25,5,0,0,0,0.0232558139534883,0.0232558139534883,0
2025-07-25,6,0,0,0,0.131782945736434,0.131782945736434,0
2025-07-25,7,9,12,3,9.62790697674418,6.62790697674418,3
2025-07-25,8,0,0,0,0.0465116279069767,0.0465116279069767,0
2025-07-25,9,0,0,0,0.527131782945736,0.527131782945736,0
2025-07-25,10,4,7,3,6.08527131782946,3.08527131782946,3
2025-07-25,11,0,0,0,0.488372093023256,0.488372093023256,0
2025-07-25,12,5,1,-4,-0.48062015503876,3.51937984496124,4
2025-07-25,13,76,45,-31,-33.9457364341085,2.94573643410853,31
2025-07-25,14,0,9,9,4.67441860465116,4.32558139534884,9
2025-07-25,15,0,1,1,0.914728682170543,0.0852713178294574,1
2025-07-25,16,0,0,0,1.10077519379845,1.10077519379845,0
2025-07-25,17,6,10,4,4.49612403100775,0.496124031007752,4
2025-07-25,18,0,0,0,1.15503875968992,1.15503875968992,0
2025-07-25,19,0,1,1,0.945736434108527,0.0542635658914729,1
2025-07-25,20,1,3,2,0.612403100775194,1.38759689922481,2
2025-07-25,21,0,0,0,0.930232558139535,0.930232558139535,0
2025-07-25,22,0,0,0,1.2015503875969,1.2015503875969,0
2025-07-25,23,0,1,1,0.155038759689922,0.844961240310078,1
2025-07-25,24,18,29,11,9.77519379844961,1.22480620155039,11
2025-07-25,25,5,8,3,8.10852713178295,5.10852713178295,3
2025-07-25,26,0,0,0,2.16279069767442,2.16279069767442,0
2025-07-25,27,0,0,0,0.108527131782946,0.108527131782946,0
2025-07-25,28,0,3,3,1.65891472868217,1.34108527131783,3
2025-07-25,29,1,0,-1,0.86046511627907,1.86046511627907,1
2025-07-25,30,0,0,0,0.0620155038759689,0.0620155038759689,0
2025-07-25,31,0,0,0,0.193798449612403,0.193798449612403,0
2025-07-25,32,0,0,0,0.713178294573643,0.713178294573643,0
2025-07-25,33,8,17,9,15.2170542635659,6.21705426356589,9
2025-07-25,34,0,2,2,-0.155038759689922,2.15503875968992,2
2025-07-25,35,3,8,5,2.22480620155039,2.77519379844961,5
2025-07-25,36,3,1,-2,3.65116279069767,5.65116279069767,2
2025-07-25,37,3,7,4,5.1937984496124,1.1937984496124,4
2025-07-25,38,0,2,2,1.37984496124031,0.62015503875969,2
2025-07-25,39,2,2,0,3.75193798449612,3.75193798449612,0
2025-07-25,40,0,3,3,6.83720930232558,3.83720930232558,3
2025-07-25,41,18,43,25,26.0232558139535,1.02325581395349,25
2025-07-25,42,13,34,21,24.4108527131783,3.41085271317829,21
2025-07-25,43,137,65,-72,-17.3720930232558,54.6279069767442,72
2025-07-25,44,0,1,1,0.0077519379844961,0.992248062015504,1
2025-07-25,45,10,29,19,12.4806201550388,6.51937984496124,19
2025-07-25,46,0,0,0,0.155038759689922,0.155038759689922,0
2025-07-25,47,0,2,2,0.844961240310077,1.15503875968992,2
2025-07-25,48,164,241,77,70.3565891472868,6.64341085271317,77
2025-07-25,49,2,9,7,7.2015503875969,0.2015503875969,7
2025-07-25,50,55,100,45,47.2790697674419,2.27906976744186,45
2025-07-25,51,0,1,1,2.35658914728682,1.35658914728682,1
2025-07-25,52,4,6,2,4.28682170542636,2.28682170542636,2
2025-07-25,53,0,0,0,0.697674418604651,0.697674418604651,0
2025-07-25,54,0,0,0,1.87596899224806,1.87596899224806,0
2025-07-25,55,1,3,2,1.85271317829457,0.147286821705426,2
2025-07-25,56,3,2,-1,1.47286821705426,2.47286821705426,1
2025-07-25,57,0,0,0,0.0852713178294573,0.0852713178294573,0
2025-07-25,58,0,0,0,0.224806201550388,0.224806201550388,0
2025-07-25,59,0,0,0,0.0310077519379844,0.0310077519379844,0
2025-07-25,60,0,1,1,0.48062015503876,0.51937984496124,1
2025-07-25,61,10,16,6,7.2093023255814,1.2093023255814,6
2025-07-25,62,1,1,0,2.24031007751938,2.24031007751938,0
2025-07-25,63,1,0,-1,1.61240310077519,2.61240310077519,1
2025-07-25,64,0,0,0,0.922480620155039,0.922480620155039,0
2025-07-25,65,12,13,1,1.81395348837209,0.813953488372093,1
2025-07-25,66,9,9,0,5.24031007751938,5.24031007751938,0
2025-07-25,67,0,3,3,0.813953488372093,2.18604651162791,3
2025-07-25,68,226,208,-18,-48.1937984496124,30.1937984496124,18
2025-07-25,69,0,1,1,2.05426356589147,1.05426356589147,1
2025-07-25,70,21,7,-14,-17.8604651162791,3.86046511627907,14
2025-07-25,71,2,4,2,1.93023255813953,0.069767441860465,2
2025-07-25,72,4,2,-2,1.74418604651163,3.74418604651163,2
2025-07-25,73,0,0,0,0.457364341085271,0.457364341085271,0
2025-07-25,74,24,43,19,35.6821705426357,16.6821705426357,19
2025-07-25,75,35,49,14,29.7131782945736,15.7131782945736,14
2025-07-25,76,3,15,12,4.68217054263566,7.31782945736434,12
2025-07-25,77,0,4,4,1.08527131782946,2.91472868217054,4
2025-07-25,78,1,1,0,0.837209302325581,0.837209302325581,0
2025-07-25,79,121,210,89,82.2248062015504,6.77519379844961,89
2025-07-25,80,3,3,0,5.65891472868217,5.65891472868217,0
2025-07-25,81,1,1,0,0.720930232558139,0.720930232558139,0
2025-07-25,82,5,1,-4,1,5,4
2025-07-25,83,5,2,-3,1.15503875968992,4.15503875968992,3
2025-07-25,84,0,1,1,0.0542635658914728,0.945736434108527,1
2025-07-25,85,3,7,4,1.2093023255814,2.7906976744186,4
2025-07-25,86,0,2,2,2.03100775193798,0.031007751937985,2
2025-07-25,87,66,66,0,5.10852713178295,5.10852713178295,0
2025-07-25,88,27,29,2,-2.41085271317829,4.41085271317829,2
2025-07-25,89,7,7,0,4.56589147286822,4.56589147286822,0
2025-07-25,90,109,102,-7,-10.8992248062016,3.89922480620155,7
2025-07-25,91,0,7,7,2.4031007751938,4.5968992248062,7
2025-07-25,92,0,1,1,3.90697674418605,2.90697674418605,1
2025-07-25,93,0,1,1,1.93023255813953,0.930232558139535,1
2025-07-25,94,1,0,-1,0.395348837209302,1.3953488372093,1
2025-07-25,95,1,6,5,6.0077519379845,1.0077519379845,5
2025-07-25,96,0,0,0,0.155038759689922,0.155038759689922,0
2025-07-25,97,12,11,-1,4.94573643410853,5.94573643410853,1
2025-07-25,98,0,2,2,1.51937984496124,0.48062015503876,2
2025-07-25,99,0,0,0,0,0,0
2025-07-25,100,121,88,-33,-24.2713178294574,8.72868217054264,33
2025-07-25,101,1,0,-1,0.565891472868217,1.56589147286822,1
2025-07-25,102,0,6,6,1.48062015503876,4.51937984496124,6
2025-07-25,105,0,0,0,0,0,0
2025-07-25,106,0,2,2,1.85271317829457,0.147286821705426,2
2025-07-25,107,155,125,-30,21.6666666666667,51.6666666666667,30
2025-07-25,108,1,1,0,0.945736434108527,0.945736434108527,0
2025-07-25,109,0,0,0,0.0697674418604651,0.0697674418604651,0
2025-07-25,110,0,0,0,0,0,0
2025-07-25,111,0,0,0,0.0310077519379844,0.0310077519379844,0
2025-07-25,112,9,18,9,16.2790697674419,7.27906976744186,9
2025-07-25,113,93,99,6,13.2558139534884,7.25581395348837,6
2025-07-25,114,85,94,9,24.5658914728682,15.5658914728682,9
2025-07-25,115,0,0,0,0.116279069767442,0.116279069767442,0
2025-07-25,116,14,21,7,12.2015503875969,5.2015503875969,7
2025-07-25,117,1,1,0,1.1937984496124,1.1937984496124,0
2025-07-25,118,0,0,0,0.13953488372093,0.13953488372093,0
2025-07-25,119,1,13,12,1.86046511627907,10.1395348837209,12
2025-07-25,120,0,0,0,0.426356589147287,0.426356589147287,0
2025-07-25,121,0,1,1,1.42635658914729,0.426356589147287,1
2025-07-25,122,0,0,0,0.589147286821705,0.589147286821705,0
2025-07-25,123,0,0,0,1.13178294573643,1.13178294573643,0
2025-07-25,124,0,0,0,1.77519379844961,1.77519379844961,0
2025-07-25,125,35,43,8,-2.09302325581395,10.093023255814,8
2025-07-25,126,0,2,2,0.294573643410853,1.70542635658915,2
2025-07-25,127,0,7,7,4.92248062015504,2.07751937984496,7
2025-07-25,128,0,1,1,0.472868217054264,0.527131782945736,1
2025-07-25,129,4,10,6,4.51162790697674,1.48837209302326,6
2025-07-25,130,7,5,-2,0.403100775193798,2.4031007751938,2
2025-07-25,131,0,2,2,1.41860465116279,0.581395348837209,2
2025-07-25,132,223,79,-144,-215.976744186046,71.9767441860465,144
2025-07-25,133,0,1,1,1.75193798449612,0.751937984496124,1
2025-07-25,134,1,2,1,1.07751937984496,0.0775193798449612,1
2025-07-25,135,0,0,0,1.85271317829457,1.85271317829457,0
2025-07-25,136,0,1,1,0.782945736434108,0.217054263565892,1
2025-07-25,137,102,78,-24,-9.26356589147287,14.7364341085271,24
2025-07-25,138,81,32,-49,-143.744186046512,94.7441860465116,49
2025-07-25,139,0,2,2,1.37209302325581,0.627906976744186,2
2025-07-25,140,134,95,-39,-33.1860465116279,5.81395348837209,39
2025-07-25,141,146,173,27,61.1472868217054,34.1472868217054,27
2025-07-25,142,190,218,28,62.8759689922481,34.8759689922481,28
2025-07-25,143,86,98,12,53.1627906976744,41.1627906976744,12
2025-07-25,144,81,78,-3,-2.15503875968992,0.844961240310078,3
2025-07-25,145,7,19,12,9.4031007751938,2.5968992248062,12
2025-07-25,146,5,5,0,0.720930232558139,0.720930232558139,0
2025-07-25,147,1,0,-1,0.294573643410853,1.29457364341085,1
2025-07-25,148,47,112,65,54.4031007751938,10.5968992248062,65
2025-07-25,149,0,1,1,1.38759689922481,0.387596899224806,1
2025-07-25,150,0,1,1,0.51937984496124,0.48062015503876,1
2025-07-25,151,57,54,-3,13,16,3
2025-07-25,152,9,10,1,2.86821705426357,1.86821705426357,1
2025-07-25,153,0,1,1,0.170542635658915,0.829457364341085,1
2025-07-25,154,0,0,0,0.527131782945736,0.527131782945736,0
2025-07-25,155,0,1,1,1.44186046511628,0.441860465116279,1
2025-07-25,156,0,1,1,0.0542635658914728,0.945736434108527,1
2025-07-25,157,0,0,0,2,2,0
2025-07-25,158,80,98,18,47.8139534883721,29.8139534883721,18
2025-07-25,159,0,0,0,0.395348837209302,0.395348837209302,0
2025-07-25,160,1,3,2,1.89922480620155,0.10077519379845,2
2025-07-25,161,403,264,-139,-286.294573643411,147.294573643411,139
2025-07-25,162,293,181,-112,-210.364341085271,98.3643410852713,112
2025-07-25,163,216,173,-43,-106.403100775194,63.4031007751938,43
2025-07-25,164,192,171,-21,-25.4418604651163,4.44186046511628,21
2025-07-25,165,1,0,-1,1.55038759689922,2.55038759689922,1
2025-07-25,166,34,36,2,7.13178294573643,5.13178294573643,2
2025-07-25,167,0,1,1,1.41860465116279,0.418604651162791,1
2025-07-25,168,2,4,2,2.56589147286822,0.565891472868217,2
2025-07-25,169,0,3,3,1.16279069767442,1.83720930232558,3
2025-07-25,170,221,195,-26,-46.6666666666667,20.6666666666667,26
2025-07-25,171,0,1,1,1.55813953488372,0.558139534883721,1
2025-07-25,172,0,0,0,0.0542635658914728,0.0542635658914728,0
2025-07-25,173,0,3,3,0.775193798449612,2.22480620155039,3
2025-07-25,174,0,1,1,0.573643410852713,0.426356589147287,1
2025-07-25,175,0,0,0,0.767441860465116,0.767441860465116,0
2025-07-25,176,0,0,0,0.0465116279069767,0.0465116279069767,0
2025-07-25,177,2,3,1,1.51162790697674,0.511627906976744,1
2025-07-25,178,0,1,1,0.829457364341085,0.170542635658915,1
2025-07-25,179,2,4,2,3.2015503875969,1.2015503875969,2
2025-07-25,180,1,3,2,0.875968992248062,1.12403100775194,2
2025-07-25,181,6,21,15,16.6744186046512,1.67441860465116,15
2025-07-25,182,0,0,0,1.69767441860465,1.69767441860465,0
2025-07-25,183,0,0,0,0.426356589147287,0.426356589147287,0
2025-07-25,184,0,0,0,0.0155038759689922,0.0155038759689922,0
2025-07-25,185,0,1,1,1.06201550387597,0.0620155038759691,1
2025-07-25,186,241,221,-20,-50.8217054263566,30.8217054263566,20
2025-07-25,187,0,0,0,0.0775193798449612,0.0775193798449612,0
2025-07-25,188,3,8,5,2.85271317829457,2.14728682170543,5
2025-07-25,189,1,8,7,4.48062015503876,2.51937984496124,7
2025-07-25,190,0,1,1,0.689922480620155,0.310077519379845,1
2025-07-25,191,1,4,3,1.65891472868217,1.34108527131783,3
2025-07-25,192,0,1,1,0.697674418604651,0.302325581395349,1
2025-07-25,193,1,3,2,1.24031007751938,0.75968992248062,2
2025-07-25,194,0,0,0,1.15503875968992,1.15503875968992,0
2025-07-25,195,1,9,8,2.09302325581395,5.90697674418605,8
2025-07-25,196,2,1,-1,0.953488372093023,1.95348837209302,1
2025-07-25,197,4,3,-1,1.8062015503876,2.8062015503876,1
2025-07-25,198,1,4,3,3.04651162790698,0.0465116279069768,3
2025-07-25,199,0,0,0,-0.0155038759689922,0.0155038759689922,0
2025-07-25,200,0,3,3,2.31007751937985,0.689922480620155,3
2025-07-25,201,0,1,1,0.589147286821705,0.410852713178295,1
2025-07-25,202,2,4,2,3.57364341085271,1.57364341085271,2
2025-07-25,203,0,1,1,1.3953488372093,0.395348837209302,1
2025-07-25,204,0,0,0,0.0155038759689922,0.0155038759689922,0
2025-07-25,205,2,0,-2,2.62790697674419,4.62790697674419,2
2025-07-25,206,0,0,0,0.193798449612403,0.193798449612403,0
2025-07-25,207,0,0,0,-0.0542635658914728,0.0542635658914728,0
2025-07-25,208,1,1,0,1.27906976744186,1.27906976744186,0
2025-07-25,209,18,22,4,8.03875968992248,4.03875968992248,4
2025-07-25,210,4,2,-2,1.27131782945736,3.27131782945736,2
2025-07-25,211,87,76,-11,3.75193798449612,14.7519379844961,11
2025-07-25,212,0,1,1,0.503875968992248,0.496124031007752,1
2025-07-25,213,1,0,-1,1.29457364341085,2.29457364341085,1
2025-07-25,214,0,0,0,0.147286821705426,0.147286821705426,0
2025-07-25,215,1,3,2,1.75968992248062,0.24031007751938,2
2025-07-25,216,0,7,7,5.67441860465116,1.32558139534884,7
2025-07-25,217,0,1,1,2.6046511627907,1.6046511627907,1
2025-07-25,218,0,3,3,2.7906976744186,0.209302325581395,3
2025-07-25,219,0,1,1,2.43410852713178,1.43410852713178,1
2025-07-25,220,0,6,6,2.24031007751938,3.75968992248062,6
2025-07-25,221,0,1,1,0.13953488372093,0.86046511627907,1
2025-07-25,222,0,0,0,0.883720930232558,0.883720930232558,0
2025-07-25,223,4,14,10,5.72093023255814,4.27906976744186,10
2025-07-25,224,12,17,5,22.8759689922481,17.8759689922481,5
2025-07-25,225,3,12,9,4.31007751937984,4.68992248062016,9
2025-07-25,226,8,5,-3,1.68217054263566,4.68217054263566,3
2025-07-25,227,0,2,2,1.09302325581395,0.906976744186047,2
2025-07-25,228,4,2,-2,1.94573643410853,3.94573643410853,2
2025-07-25,229,127,152,25,36.4961240310078,11.4961240310078,25
2025-07-25,230,207,381,174,84.7286821705426,89.2713178294574,174
2025-07-25,231,143,123,-20,4.27131782945736,24.2713178294574,20
2025-07-25,232,9,42,33,33.5503875968992,0.550387596899228,33
2025-07-25,233,115,102,-13,-1.31007751937985,11.6899224806202,13
2025-07-25,234,200,192,-8,-42.6899224806202,34.6899224806202,8
2025-07-25,235,0,1,1,1.29457364341085,0.294573643410853,1
2025-07-25,236,220,197,-23,43.5891472868217,66.5891472868217,23
2025-07-25,237,296,234,-62,-6.51937984496124,55.4806201550388,62
2025-07-25,238,124,122,-2,43.3798449612403,45.3798449612403,2
2025-07-25,239,145,163,18,72.8139534883721,54.8139534883721,18
2025-07-25,240,1,0,-1,0.286821705426357,1.28682170542636,1
2025-07-25,241,2,2,0,1.09302325581395,1.09302325581395,0
2025-07-25,242,0,1,1,0.472868217054264,0.527131782945736,1
2025-07-25,243,5,15,10,11.6744186046512,1.67441860465116,10
2025-07-25,244,13,21,8,12.6666666666667,4.66666666666667,8
2025-07-25,245,0,0,0,0.0852713178294573,0.0852713178294573,0
2025-07-25,246,169,146,-23,-22.5116279069767,0.488372093023255,23
2025-07-25,247,1,21,20,3.26356589147287,16.7364341085271,20
2025-07-25,248,1,0,-1,0.689922480620155,1.68992248062015,1
2025-07-25,249,121,184,63,70.3798449612403,7.37984496124031,63
2025-07-25,250,2,1,-1,0.387596899224806,1.38759689922481,1
2025-07-25,251,0,0,0,0.116279069767442,0.116279069767442,0
2025-07-25,252,0,0,0,1.18604651162791,1.18604651162791,0
2025-07-25,253,0,0,0,0.10077519379845,0.10077519379845,0
2025-07-25,254,0,3,3,1.35658914728682,1.64341085271318,3
2025-07-25,255,4,23,19,15.5736434108527,3.42635658914729,19
2025-07-25,256,4,16,12,12.046511627907,0.0465116279069768,12
2025-07-25,257,2,2,0,2.90697674418605,2.90697674418605,0
2025-07-25,258,0,2,2,1.78294573643411,0.217054263565891,2
2025-07-25,259,0,1,1,1.04651162790698,0.0465116279069768,1
2025-07-25,260,6,5,-1,2.10077519379845,3.10077519379845,1
2025-07-25,261,45,34,-11,-22.922480620155,11.922480620155,11
2025-07-25,262,95,74,-21,41.2945736434108,62.2945736434108,21
2025-07-25,263,115,156,41,68.4341085271318,27.4341085271318,41
2025-07-28,1,0,12,12,16.6976744186047,4.69767441860465,12
2025-07-28,2,0,0,0,0.0310077519379844,0.0310077519379844,0
2025-07-28,3,0,3,3,0.682170542635659,2.31782945736434,3
2025-07-28,4,7,30,23,26.8217054263566,3.82170542635659,23
2025-07-28,5,0,0,0,0.0232558139534883,0.0232558139534883,0
2025-07-28,6,0,0,0,0.131782945736434,0.131782945736434,0
2025-07-28,7,6,11,5,9.62790697674418,4.62790697674418,5
2025-07-28,8,0,0,0,0.0465116279069767,0.0465116279069767,0
2025-07-28,9,1,1,0,0.527131782945736,0.527131782945736,0
2025-07-28,10,3,7,4,6.08527131782946,2.08527131782946,4
2025-07-28,11,0,0,0,0.488372093023256,0.488372093023256,0
2025-07-28,12,13,0,-13,-0.48062015503876,12.5193798449612,13
2025-07-28,13,68,48,-20,-33.9457364341085,13.9457364341085,20
2025-07-28,14,2,6,4,4.67441860465116,0.674418604651163,4
2025-07-28,15,0,0,0,0.914728682170543,0.914728682170543,0
2025-07-28,16,0,0,0,1.10077519379845,1.10077519379845,0
2025-07-28,17,1,8,7,4.49612403100775,2.50387596899225,7
2025-07-28,18,0,0,0,1.15503875968992,1.15503875968992,0
2025-07-28,19,0,1,1,0.945736434108527,0.0542635658914729,1
2025-07-28,20,0,3,3,0.612403100775194,2.38759689922481,3
2025-07-28,21,0,0,0,0.930232558139535,0.930232558139535,0
2025-07-28,22,0,3,3,1.2015503875969,1.7984496124031,3
2025-07-28,23,0,0,0,0.155038759689922,0.155038759689922,0
2025-07-28,24,16,21,5,9.77519379844961,4.77519379844961,5
2025-07-28,25,2,10,8,8.10852713178295,0.108527131782946,8
2025-07-28,26,0,4,4,2.16279069767442,1.83720930232558,4
2025-07-28,27,0,0,0,0.108527131782946,0.108527131782946,0
2025-07-28,28,1,3,2,1.65891472868217,0.341085271317829,2
2025-07-28,29,0,1,1,0.86046511627907,0.13953488372093,1
2025-07-28,30,0,0,0,0.0620155038759689,0.0620155038759689,0
2025-07-28,31,0,1,1,0.193798449612403,0.806201550387597,1
2025-07-28,32,0,0,0,0.713178294573643,0.713178294573643,0
2025-07-28,33,4,19,15,15.2170542635659,0.217054263565892,15
2025-07-28,34,0,0,0,-0.155038759689922,0.155038759689922,0
2025-07-28,35,0,5,5,2.22480620155039,2.77519379844961,5
2025-07-28,36,0,5,5,3.65116279069767,1.34883720930233,5
2025-07-28,37,3,10,7,5.1937984496124,1.8062015503876,7
2025-07-28,38,0,6,6,1.37984496124031,4.62015503875969,6
2025-07-28,39,0,4,4,3.75193798449612,0.248062015503876,4
2025-07-28,40,2,5,3,6.83720930232558,3.83720930232558,3
2025-07-28,41,21,50,29,26.0232558139535,2.97674418604651,29
2025-07-28,42,11,20,9,24.4108527131783,15.4108527131783,9
2025-07-28,43,101,68,-33,-17.3720930232558,15.6279069767442,33
2025-07-28,44,0,0,0,0.0077519379844961,0.0077519379844961,0
2025-07-28,45,17,23,6,12.4806201550388,6.48062015503876,6
2025-07-28,46,1,0,-1,0.155038759689922,1.15503875968992,1
2025-07-28,47,0,3,3,0.844961240310077,2.15503875968992,3
2025-07-28,48,169,214,45,70.3565891472868,25.3565891472868,45
2025-07-28,49,5,7,2,7.2015503875969,5.2015503875969,2
2025-07-28,50,33,78,45,47.2790697674419,2.27906976744186,45
2025-07-28,51,3,2,-1,2.35658914728682,3.35658914728682,1
2025-07-28,52,0,8,8,4.28682170542636,3.71317829457364,8
2025-07-28,53,0,0,0,0.697674418604651,0.697674418604651,0
2025-07-28,54,0,3,3,1.87596899224806,1.12403100775194,3
2025-07-28,55,0,0,0,1.85271317829457,1.85271317829457,0
2025-07-28,56,3,2,-1,1.47286821705426,2.47286821705426,1
2025-07-28,57,0,0,0,0.0852713178294573,0.0852713178294573,0
2025-07-28,58,0,0,0,0.224806201550388,0.224806201550388,0
2025-07-28,59,0,0,0,0.0310077519379844,0.0310077519379844,0
2025-07-28,60,1,2,1,0.48062015503876,0.51937984496124,1
2025-07-28,61,2,15,13,7.2093023255814,5.7906976744186,13
2025-07-28,62,1,3,2,2.24031007751938,0.24031007751938,2
2025-07-28,63,0,0,0,1.61240310077519,1.61240310077519,0
2025-07-28,64,1,2,1,0.922480620155039,0.0775193798449612,1
2025-07-28,65,12,10,-2,1.81395348837209,3.81395348837209,2
2025-07-28,66,5,6,1,5.24031007751938,4.24031007751938,1
2025-07-28,67,0,0,0,0.813953488372093,0.813953488372093,0
2025-07-28,68,242,201,-41,-48.1937984496124,7.1937984496124,41
2025-07-28,69,0,0,0,2.05426356589147,2.05426356589147,0
2025-07-28,70,26,3,-23,-17.8604651162791,5.13953488372093,23
2025-07-28,71,1,5,4,1.93023255813953,2.06976744186047,4
2025-07-28,72,0,3,3,1.74418604651163,1.25581395348837,3
2025-07-28,73,0,0,0,0.457364341085271,0.457364341085271,0
2025-07-28,74,17,41,24,35.6821705426357,11.6821705426357,24
2025-07-28,75,29,54,25,29.7131782945736,4.71317829457364,25
2025-07-28,76,2,11,9,4.68217054263566,4.31782945736434,9
2025-07-28,77,1,1,0,1.08527131782946,1.08527131782946,0
2025-07-28,78,2,1,-1,0.837209302325581,1.83720930232558,1
2025-07-28,79,82,159,77,82.2248062015504,5.22480620155039,77
2025-07-28,80,3,10,7,5.65891472868217,1.34108527131783,7
2025-07-28,81,0,3,3,0.720930232558139,2.27906976744186,3
2025-07-28,82,3,5,2,1,1,2
2025-07-28,83,1,2,1,1.15503875968992,0.155038759689922,1
2025-07-28,84,0,0,0,0.0542635658914728,0.0542635658914728,0
2025-07-28,85,2,5,3,1.2093023255814,1.7906976744186,3
2025-07-28,86,1,2,1,2.03100775193798,1.03100775193798,1
2025-07-28,87,44,79,35,5.10852713178295,29.8914728682171,35
2025-07-28,88,30,22,-8,-2.41085271317829,5.58914728682171,8
2025-07-28,89,2,6,4,4.56589147286822,0.565891472868217,4
2025-07-28,90,112,105,-7,-10.8992248062016,3.89922480620155,7
2025-07-28,91,0,6,6,2.4031007751938,3.5968992248062,6
2025-07-28,92,1,3,2,3.90697674418605,1.90697674418605,2
2025-07-28,93,0,1,1,1.93023255813953,0.930232558139535,1
2025-07-28,94,0,0,0,0.395348837209302,0.395348837209302,0
2025-07-28,95,1,9,8,6.0077519379845,1.9922480620155,8
2025-07-28,96,0,0,0,0.155038759689922,0.155038759689922,0
2025-07-28,97,2,11,9,4.94573643410853,4.05426356589147,9
2025-07-28,98,0,1,1,1.51937984496124,0.51937984496124,1
2025-07-28,99,0,0,0,0,0,0
2025-07-28,100,126,100,-26,-24.2713178294574,1.72868217054264,26
2025-07-28,101,1,0,-1,0.565891472868217,1.56589147286822,1
2025-07-28,102,0,1,1,1.48062015503876,0.48062015503876,1
2025-07-28,105,0,0,0,0,0,0
2025-07-28,106,2,1,-1,1.85271317829457,2.85271317829457,1
2025-07-28,107,101,131,30,21.6666666666667,8.33333333333333,30
2025-07-28,108,0,0,0,0.945736434108527,0.945736434108527,0
2025-07-28,109,0,0,0,0.0697674418604651,0.0697674418604651,0
2025-07-28,110,0,0,0,0,0,0
2025-07-28,111,0,0,0,0.0310077519379844,0.0310077519379844,0
2025-07-28,112,3,21,18,16.2790697674419,1.72093023255814,18
2025-07-28,113,77,107,30,13.2558139534884,16.7441860465116,30
2025-07-28,114,61,87,26,24.5658914728682,1.43410852713178,26
2025-07-28,115,0,0,0,0.116279069767442,0.116279069767442,0
2025-07-28,116,6,21,15,12.2015503875969,2.7984496124031,15
2025-07-28,117,0,2,2,1.1937984496124,0.806201550387597,2
2025-07-28,118,0,1,1,0.13953488372093,0.86046511627907,1
2025-07-28,119,0,7,7,1.86046511627907,5.13953488372093,7
2025-07-28,120,0,1,1,0.426356589147287,0.573643410852713,1
2025-07-28,121,0,0,0,1.42635658914729,1.42635658914729,0
2025-07-28,122,0,1,1,0.589147286821705,0.410852713178295,1
2025-07-28,123,0,3,3,1.13178294573643,1.86821705426357,3
2025-07-28,124,1,1,0,1.77519379844961,1.77519379844961,0
2025-07-28,125,24,38,14,-2.09302325581395,16.093023255814,14
2025-07-28,126,0,2,2,0.294573643410853,1.70542635658915,2
2025-07-28,127,0,4,4,4.92248062015504,0.922480620155039,4
2025-07-28,128,0,0,0,0.472868217054264,0.472868217054264,0
2025-07-28,129,4,15,11,4.51162790697674,6.48837209302326,11
2025-07-28,130,0,6,6,0.403100775193798,5.5968992248062,6
2025-07-28,131,1,2,1,1.41860465116279,0.418604651162791,1
2025-07-28,132,382,65,-317,-215.976744186046,101.023255813954,317
2025-07-28,133,1,4,3,1.75193798449612,1.24806201550388,3
2025-07-28,134,0,2,2,1.07751937984496,0.922480620155039,2
2025-07-28,135,0,0,0,1.85271317829457,1.85271317829457,0
2025-07-28,136,0,1,1,0.782945736434108,0.217054263565892,1
2025-07-28,137,75,60,-15,-9.26356589147287,5.73643410852713,15
2025-07-28,138,239,31,-208,-143.744186046512,64.2558139534884,208
2025-07-28,139,1,3,2,1.37209302325581,0.627906976744186,2
2025-07-28,140,134,95,-39,-33.1860465116279,5.81395348837209,39
2025-07-28,141,135,206,71,61.1472868217054,9.85271317829457,71
2025-07-28,142,165,197,32,62.8759689922481,30.8759689922481,32
2025-07-28,143,60,124,64,53.1627906976744,10.8372093023256,64
2025-07-28,144,66,50,-16,-2.15503875968992,13.8449612403101,16
2025-07-28,145,8,15,7,9.4031007751938,2.4031007751938,7
2025-07-28,146,9,5,-4,0.720930232558139,4.72093023255814,4
2025-07-28,147,0,2,2,0.294573643410853,1.70542635658915,2
2025-07-28,148,30,75,45,54.4031007751938,9.4031007751938,45
2025-07-28,149,0,1,1,1.38759689922481,0.387596899224806,1
2025-07-28,150,0,1,1,0.51937984496124,0.48062015503876,1
2025-07-28,151,43,65,22,13,9,22
2025-07-28,152,5,6,1,2.86821705426357,1.86821705426357,1
2025-07-28,153,0,0,0,0.170542635658915,0.170542635658915,0
2025-07-28,154,0,0,0,0.527131782945736,0.527131782945736,0
2025-07-28,155,0,4,4,1.44186046511628,2.55813953488372,4
2025-07-28,156,0,0,0,0.0542635658914728,0.0542635658914728,0
2025-07-28,157,2,2,0,2,2,0
2025-07-28,158,63,101,38,47.8139534883721,9.81395348837209,38
2025-07-28,159,1,2,1,0.395348837209302,0.604651162790698,1
2025-07-28,160,1,1,0,1.89922480620155,1.89922480620155,0
2025-07-28,161,571,254,-317,-286.294573643411,30.7054263565892,317
2025-07-28,162,423,186,-237,-210.364341085271,26.6356589147287,237
2025-07-28,163,286,185,-101,-106.403100775194,5.40310077519381,101
2025-07-28,164,219,164,-55,-25.4418604651163,29.5581395348837,55
2025-07-28,165,0,1,1,1.55038759689922,0.550387596899225,1
2025-07-28,166,24,46,22,7.13178294573643,14.8682170542636,22
2025-07-28,167,0,3,3,1.41860465116279,1.58139534883721,3
2025-07-28,168,1,3,2,2.56589147286822,0.565891472868217,2
2025-07-28,169,1,2,1,1.16279069767442,0.162790697674419,1
2025-07-28,170,234,202,-32,-46.6666666666667,14.6666666666667,32
2025-07-28,171,0,1,1,1.55813953488372,0.558139534883721,1
2025-07-28,172,0,0,0,0.0542635658914728,0.0542635658914728,0
2025-07-28,173,0,1,1,0.775193798449612,0.224806201550388,1
2025-07-28,174,0,1,1,0.573643410852713,0.426356589147287,1
2025-07-28,175,0,0,0,0.767441860465116,0.767441860465116,0
2025-07-28,176,0,0,0,0.0465116279069767,0.0465116279069767,0
2025-07-28,177,0,5,5,1.51162790697674,3.48837209302326,5
2025-07-28,178,0,0,0,0.829457364341085,0.829457364341085,0
2025-07-28,179,2,6,4,3.2015503875969,0.798449612403101,4
2025-07-28,180,0,1,1,0.875968992248062,0.124031007751938,1
2025-07-28,181,3,24,21,16.6744186046512,4.32558139534884,21
2025-07-28,182,0,5,5,1.69767441860465,3.30232558139535,5
2025-07-28,183,0,0,0,0.426356589147287,0.426356589147287,0
2025-07-28,184,0,0,0,0.0155038759689922,0.0155038759689922,0
2025-07-28,185,0,4,4,1.06201550387597,2.93798449612403,4
2025-07-28,186,243,182,-61,-50.8217054263566,10.1782945736434,61
2025-07-28,187,0,0,0,0.0775193798449612,0.0775193798449612,0
2025-07-28,188,3,6,3,2.85271317829457,0.147286821705426,3
2025-07-28,189,2,6,4,4.48062015503876,0.48062015503876,4
2025-07-28,190,0,0,0,0.689922480620155,0.689922480620155,0
2025-07-28,191,0,3,3,1.65891472868217,1.34108527131783,3
2025-07-28,192,0,1,1,0.697674418604651,0.302325581395349,1
2025-07-28,193,6,7,1,1.24031007751938,0.24031007751938,1
2025-07-28,194,0,0,0,1.15503875968992,1.15503875968992,0
2025-07-28,195,0,1,1,2.09302325581395,1.09302325581395,1
2025-07-28,196,2,1,-1,0.953488372093023,1.95348837209302,1
2025-07-28,197,1,9,8,1.8062015503876,6.1937984496124,8
2025-07-28,198,2,5,3,3.04651162790698,0.0465116279069768,3
2025-07-28,199,0,0,0,-0.0155038759689922,0.0155038759689922,0
2025-07-28,200,0,6,6,2.31007751937985,3.68992248062015,6
2025-07-28,201,0,2,2,0.589147286821705,1.41085271317829,2
2025-07-28,202,2,5,3,3.57364341085271,0.573643410852713,3
2025-07-28,203,0,2,2,1.3953488372093,0.604651162790698,2
2025-07-28,204,0,0,0,0.0155038759689922,0.0155038759689922,0
2025-07-28,205,0,3,3,2.62790697674419,0.372093023255814,3
2025-07-28,206,0,0,0,0.193798449612403,0.193798449612403,0
2025-07-28,207,1,0,-1,-0.0542635658914728,0.945736434108527,1
2025-07-28,208,1,3,2,1.27906976744186,0.72093023255814,2
2025-07-28,209,14,38,24,8.03875968992248,15.9612403100775,24
2025-07-28,210,1,3,2,1.27131782945736,0.728682170542636,2
2025-07-28,211,74,80,6,3.75193798449612,2.24806201550388,6
2025-07-28,212,1,0,-1,0.503875968992248,1.50387596899225,1
2025-07-28,213,0,4,4,1.29457364341085,2.70542635658915,4
2025-07-28,214,0,0,0,0.147286821705426,0.147286821705426,0
2025-07-28,215,0,1,1,1.75968992248062,0.75968992248062,1
2025-07-28,216,1,7,6,5.67441860465116,0.325581395348837,6
2025-07-28,217,1,8,7,2.6046511627907,4.3953488372093,7
2025-07-28,218,0,7,7,2.7906976744186,4.2093023255814,7
2025-07-28,219,1,5,4,2.43410852713178,1.56589147286822,4
2025-07-28,220,0,3,3,2.24031007751938,0.75968992248062,3
2025-07-28,221,0,0,0,0.13953488372093,0.13953488372093,0
2025-07-28,222,0,2,2,0.883720930232558,1.11627906976744,2
2025-07-28,223,4,6,2,5.72093023255814,3.72093023255814,2
2025-07-28,224,10,33,23,22.8759689922481,0.124031007751935,23
2025-07-28,225,3,8,5,4.31007751937984,0.689922480620155,5
2025-07-28,226,1,13,12,1.68217054263566,10.3178294573643,12
2025-07-28,227,2,2,0,1.09302325581395,1.09302325581395,0
2025-07-28,228,3,4,1,1.94573643410853,0.945736434108527,1
2025-07-28,229,131,171,40,36.4961240310078,3.50387596899225,40
2025-07-28,230,324,304,-20,84.7286821705426,104.728682170543,20
2025-07-28,231,130,143,13,4.27131782945736,8.72868217054264,13
2025-07-28,232,8,33,25,33.5503875968992,8.55038759689923,25
2025-07-28,233,110,106,-4,-1.31007751937985,2.68992248062015,4
2025-07-28,234,203,211,8,-42.6899224806202,50.6899224806202,8
2025-07-28,235,0,5,5,1.29457364341085,3.70542635658915,5
2025-07-28,236,242,299,57,43.5891472868217,13.4108527131783,57
2025-07-28,237,361,320,-41,-6.51937984496124,34.4806201550388,41
2025-07-28,238,122,154,32,43.3798449612403,11.3798449612403,32
2025-07-28,239,143,220,77,72.8139534883721,4.18604651162791,77
2025-07-28,240,0,0,0,0.286821705426357,0.286821705426357,0
2025-07-28,241,0,2,2,1.09302325581395,0.906976744186047,2
2025-07-28,242,0,2,2,0.472868217054264,1.52713178294574,2
2025-07-28,243,3,14,11,11.6744186046512,0.674418604651162,11
2025-07-28,244,6,18,12,12.6666666666667,0.666666666666666,12
2025-07-28,245,0,0,0,0.0852713178294573,0.0852713178294573,0
2025-07-28,246,164,132,-32,-22.5116279069767,9.48837209302325,32
2025-07-28,247,1,19,18,3.26356589147287,14.7364341085271,18
2025-07-28,248,0,3,3,0.689922480620155,2.31007751937985,3
2025-07-28,249,97,170,73,70.3798449612403,2.62015503875969,73
2025-07-28,250,0,1,1,0.387596899224806,0.612403100775194,1
2025-07-28,251,0,0,0,0.116279069767442,0.116279069767442,0
2025-07-28,252,0,3,3,1.18604651162791,1.81395348837209,3
2025-07-28,253,0,0,0,0.10077519379845,0.10077519379845,0
2025-07-28,254,0,5,5,1.35658914728682,3.64341085271318,5
2025-07-28,255,4,22,18,15.5736434108527,2.42635658914729,18
2025-07-28,256,4,19,15,12.046511627907,2.95348837209302,15
2025-07-28,257,0,2,2,2.90697674418605,0.906976744186046,2
2025-07-28,258,1,1,0,1.78294573643411,1.78294573643411,0
2025-07-28,259,0,3,3,1.04651162790698,1.95348837209302,3
2025-07-28,260,3,8,5,2.10077519379845,2.89922480620155,5
2025-07-28,261,66,32,-34,-22.922480620155,11.077519379845,34
2025-07-28,262,63,119,56,41.2945736434108,14.7054263565892,56
2025-07-28,263,110,167,57,68.4341085271318,11.4341085271318,57
2025-07-29,1,0,9,9,16.6976744186047,7.69767441860465,9
2025-07-29,2,0,0,0,0.0310077519379844,0.0310077519379844,0
2025-07-29,3,0,2,2,0.682170542635659,1.31782945736434,2
2025-07-29,4,9,40,31,26.8217054263566,4.17829457364341,31
2025-07-29,5,0,0,0,0.0232558139534883,0.0232558139534883,0
2025-07-29,6,0,1,1,0.131782945736434,0.868217054263566,1
2025-07-29,7,3,15,12,9.62790697674418,2.37209302325582,12
2025-07-29,8,0,1,1,0.0465116279069767,0.953488372093023,1
2025-07-29,9,0,1,1,0.527131782945736,0.472868217054264,1
2025-07-29,10,1,4,3,6.08527131782946,3.08527131782946,3
2025-07-29,11,0,0,0,0.488372093023256,0.488372093023256,0
2025-07-29,12,1,3,2,-0.48062015503876,2.48062015503876,2
2025-07-29,13,111,78,-33,-33.9457364341085,0.945736434108525,33
2025-07-29,14,1,5,4,4.67441860465116,0.674418604651163,4
2025-07-29,15,0,2,2,0.914728682170543,1.08527131782946,2
2025-07-29,16,0,2,2,1.10077519379845,0.89922480620155,2
2025-07-29,17,4,9,5,4.49612403100775,0.503875968992248,5
2025-07-29,18,1,4,3,1.15503875968992,1.84496124031008,3
2025-07-29,19,0,0,0,0.945736434108527,0.945736434108527,0
2025-07-29,20,0,1,1,0.612403100775194,0.387596899224806,1
2025-07-29,21,0,1,1,0.930232558139535,0.0697674418604652,1
2025-07-29,22,0,0,0,1.2015503875969,1.2015503875969,0
2025-07-29,23,0,0,0,0.155038759689922,0.155038759689922,0
2025-07-29,24,19,27,8,9.77519379844961,1.77519379844961,8
2025-07-29,25,6,16,10,8.10852713178295,1.89147286821705,10
2025-07-29,26,0,1,1,2.16279069767442,1.16279069767442,1
2025-07-29,27,0,1,1,0.108527131782946,0.891472868217054,1
2025-07-29,28,1,2,1,1.65891472868217,0.658914728682171,1
2025-07-29,29,0,0,0,0.86046511627907,0.86046511627907,0
2025-07-29,30,0,0,0,0.0620155038759689,0.0620155038759689,0
2025-07-29,31,0,0,0,0.193798449612403,0.193798449612403,0
2025-07-29,32,0,0,0,0.713178294573643,0.713178294573643,0
2025-07-29,33,10,21,11,15.2170542635659,4.21705426356589,11
2025-07-29,34,4,2,-2,-0.155038759689922,1.84496124031008,2
2025-07-29,35,2,6,4,2.22480620155039,1.77519379844961,4
2025-07-29,36,2,3,1,3.65116279069767,2.65116279069767,1
2025-07-29,37,4,9,5,5.1937984496124,0.193798449612403,5
2025-07-29,38,0,2,2,1.37984496124031,0.62015503875969,2
2025-07-29,39,4,6,2,3.75193798449612,1.75193798449612,2
2025-07-29,40,3,10,7,6.83720930232558,0.162790697674419,7
2025-07-29,41,29,58,29,26.0232558139535,2.97674418604651,29
2025-07-29,42,17,26,9,24.4108527131783,15.4108527131783,9
2025-07-29,43,120,94,-26,-17.3720930232558,8.62790697674419,26
2025-07-29,44,0,0,0,0.0077519379844961,0.0077519379844961,0
2025-07-29,45,15,31,16,12.4806201550388,3.51937984496124,16
2025-07-29,46,0,0,0,0.155038759689922,0.155038759689922,0
2025-07-29,47,0,3,3,0.844961240310077,2.15503875968992,3
2025-07-29,48,213,294,81,70.3565891472868,10.6434108527132,81
2025-07-29,49,2,17,15,7.2015503875969,7.7984496124031,15
2025-07-29,50,52,100,48,47.2790697674419,0.720930232558139,48
2025-07-29,51,1,2,1,2.35658914728682,1.35658914728682,1
2025-07-29,52,3,7,4,4.28682170542636,0.286821705426356,4
2025-07-29,53,0,1,1,0.697674418604651,0.302325581395349,1
2025-07-29,54,0,3,3,1.87596899224806,1.12403100775194,3
2025-07-29,55,1,7,6,1.85271317829457,4.14728682170543,6
2025-07-29,56,0,4,4,1.47286821705426,2.52713178294574,4
2025-07-29,57,0,0,0,0.0852713178294573,0.0852713178294573,0
2025-07-29,58,0,0,0,0.224806201550388,0.224806201550388,0
2025-07-29,59,0,0,0,0.0310077519379844,0.0310077519379844,0
2025-07-29,60,0,2,2,0.48062015503876,1.51937984496124,2
2025-07-29,61,7,9,2,7.2093023255814,5.2093023255814,2
2025-07-29,62,1,3,2,2.24031007751938,0.24031007751938,2
2025-07-29,63,1,5,4,1.61240310077519,2.38759689922481,4
2025-07-29,64,0,1,1,0.922480620155039,0.0775193798449612,1
2025-07-29,65,10,10,0,1.81395348837209,1.81395348837209,0
2025-07-29,66,12,23,11,5.24031007751938,5.75968992248062,11
2025-07-29,67,0,1,1,0.813953488372093,0.186046511627907,1
2025-07-29,68,272,219,-53,-48.1937984496124,4.8062015503876,53
2025-07-29,69,3,8,5,2.05426356589147,2.94573643410853,5
2025-07-29,70,7,3,-4,-17.8604651162791,13.8604651162791,4
2025-07-29,71,2,4,2,1.93023255813953,0.069767441860465,2
2025-07-29,72,0,7,7,1.74418604651163,5.25581395348837,7
2025-07-29,73,0,3,3,0.457364341085271,2.54263565891473,3
2025-07-29,74,26,56,30,35.6821705426357,5.68217054263566,30
2025-07-29,75,37,78,41,29.7131782945736,11.2868217054264,41
2025-07-29,76,3,9,6,4.68217054263566,1.31782945736434,6
2025-07-29,77,0,4,4,1.08527131782946,2.91472868217054,4
2025-07-29,78,0,0,0,0.837209302325581,0.837209302325581,0
2025-07-29,79,146,234,88,82.2248062015504,5.77519379844961,88
2025-07-29,80,3,8,5,5.65891472868217,0.658914728682171,5
2025-07-29,81,1,2,1,0.720930232558139,0.279069767441861,1
2025-07-29,82,0,5,5,1,4,5
2025-07-29,83,1,0,-1,1.15503875968992,2.15503875968992,1
2025-07-29,84,0,0,0,0.0542635658914728,0.0542635658914728,0
2025-07-29,85,0,4,4,1.2093023255814,2.7906976744186,4
2025-07-29,86,0,2,2,2.03100775193798,0.031007751937985,2
2025-07-29,87,66,76,10,5.10852713178295,4.89147286821705,10
2025-07-29,88,39,21,-18,-2.41085271317829,15.5891472868217,18
2025-07-29,89,2,11,9,4.56589147286822,4.43410852713178,9
2025-07-29,90,154,123,-31,-10.8992248062016,20.1007751937984,31
2025-07-29,91,4,10,6,2.4031007751938,3.5968992248062,6
2025-07-29,92,0,6,6,3.90697674418605,2.09302325581395,6
2025-07-29,93,0,1,1,1.93023255813953,0.930232558139535,1
2025-07-29,94,1,2,1,0.395348837209302,0.604651162790698,1
2025-07-29,95,3,9,6,6.0077519379845,0.00775193798449614,6
2025-07-29,96,0,0,0,0.155038759689922,0.155038759689922,0
2025-07-29,97,7,13,6,4.94573643410853,1.05426356589147,6
2025-07-29,98,0,3,3,1.51937984496124,1.48062015503876,3
2025-07-29,99,0,0,0,0,0,0
2025-07-29,100,143,93,-50,-24.2713178294574,25.7286821705426,50
2025-07-29,101,0,2,2,0.565891472868217,1.43410852713178,2
2025-07-29,102,0,0,0,1.48062015503876,1.48062015503876,0
2025-07-29,105,0,0,0,0,0,0
2025-07-29,106,3,5,2,1.85271317829457,0.147286821705426,2
2025-07-29,107,140,229,89,21.6666666666667,67.3333333333333,89
2025-07-29,108,0,0,0,0.945736434108527,0.945736434108527,0
2025-07-29,109,0,0,0,0.0697674418604651,0.0697674418604651,0
2025-07-29,110,0,0,0,0,0,0
2025-07-29,111,0,0,0,0.0310077519379844,0.0310077519379844,0
2025-07-29,112,2,18,16,16.2790697674419,0.279069767441861,16
2025-07-29,113,118,122,4,13.2558139534884,9.25581395348837,4
2025-07-29,114,100,98,-2,24.5658914728682,26.5658914728682,2
2025-07-29,115,0,0,0,0.116279069767442,0.116279069767442,0
2025-07-29,116,4,26,22,12.2015503875969,9.7984496124031,22
2025-07-29,117,1,1,0,1.1937984496124,1.1937984496124,0
2025-07-29,118,0,0,0,0.13953488372093,0.13953488372093,0
2025-07-29,119,0,7,7,1.86046511627907,5.13953488372093,7
2025-07-29,120,0,0,0,0.426356589147287,0.426356589147287,0
2025-07-29,121,0,1,1,1.42635658914729,0.426356589147287,1
2025-07-29,122,0,2,2,0.589147286821705,1.41085271317829,2
2025-07-29,123,0,0,0,1.13178294573643,1.13178294573643,0
2025-07-29,124,0,2,2,1.77519379844961,0.224806201550388,2
2025-07-29,125,58,62,4,-2.09302325581395,6.09302325581395,4
2025-07-29,126,0,0,0,0.294573643410853,0.294573643410853,0
2025-07-29,127,1,10,9,4.92248062015504,4.07751937984496,9
2025-07-29,128,1,2,1,0.472868217054264,0.527131782945736,1
2025-07-29,129,5,11,6,4.51162790697674,1.48837209302326,6
2025-07-29,130,7,3,-4,0.403100775193798,4.4031007751938,4
2025-07-29,131,0,0,0,1.41860465116279,1.41860465116279,0
2025-07-29,132,277,41,-236,-215.976744186046,20.0232558139535,236
2025-07-29,133,5,3,-2,1.75193798449612,3.75193798449612,2
2025-07-29,134,1,3,2,1.07751937984496,0.922480620155039,2
2025-07-29,135,2,0,-2,1.85271317829457,3.85271317829457,2
2025-07-29,136,1,0,-1,0.782945736434108,1.78294573643411,1
2025-07-29,137,104,82,-22,-9.26356589147287,12.7364341085271,22
2025-07-29,138,177,55,-122,-143.744186046512,21.7441860465116,122
2025-07-29,139,0,3,3,1.37209302325581,1.62790697674419,3
2025-07-29,140,184,155,-29,-33.1860465116279,4.18604651162791,29
2025-07-29,141,199,277,78,61.1472868217054,16.8527131782946,78
2025-07-29,142,243,312,69,62.8759689922481,6.12403100775194,69
2025-07-29,143,84,143,59,53.1627906976744,5.83720930232558,59
2025-07-29,144,89,97,8,-2.15503875968992,10.1550387596899,8
2025-07-29,145,8,21,13,9.4031007751938,3.5968992248062,13
2025-07-29,146,3,6,3,0.720930232558139,2.27906976744186,3
2025-07-29,147,1,1,0,0.294573643410853,0.294573643410853,0
2025-07-29,148,58,115,57,54.4031007751938,2.5968992248062,57
2025-07-29,149,1,0,-1,1.38759689922481,2.38759689922481,1
2025-07-29,150,0,1,1,0.51937984496124,0.48062015503876,1
2025-07-29,151,66,82,16,13,3,16
2025-07-29,152,6,9,3,2.86821705426357,0.131782945736434,3
2025-07-29,153,2,0,-2,0.170542635658915,2.17054263565891,2
2025-07-29,154,0,2,2,0.527131782945736,1.47286821705426,2
2025-07-29,155,0,3,3,1.44186046511628,1.55813953488372,3
2025-07-29,156,0,0,0,0.0542635658914728,0.0542635658914728,0
2025-07-29,157,0,2,2,2,0,2
2025-07-29,158,76,137,61,47.8139534883721,13.1860465116279,61
2025-07-29,159,3,2,-1,0.395348837209302,1.3953488372093,1
2025-07-29,160,0,3,3,1.89922480620155,1.10077519379845,3
2025-07-29,161,646,363,-283,-286.294573643411,3.29457364341084,283
2025-07-29,162,476,263,-213,-210.364341085271,2.63565891472871,213
2025-07-29,163,361,235,-126,-106.403100775194,19.5968992248062,126
2025-07-29,164,255,190,-65,-25.4418604651163,39.5581395348837,65
2025-07-29,165,1,2,1,1.55038759689922,0.550387596899225,1
2025-07-29,166,32,53,21,7.13178294573643,13.8682170542636,21
2025-07-29,167,1,4,3,1.41860465116279,1.58139534883721,3
2025-07-29,168,2,4,2,2.56589147286822,0.565891472868217,2
2025-07-29,169,0,3,3,1.16279069767442,1.83720930232558,3
2025-07-29,170,298,247,-51,-46.6666666666667,4.33333333333334,51
2025-07-29,171,0,1,1,1.55813953488372,0.558139534883721,1
2025-07-29,172,0,0,0,0.0542635658914728,0.0542635658914728,0
2025-07-29,173,2,2,0,0.775193798449612,0.775193798449612,0
2025-07-29,174,0,1,1,0.573643410852713,0.426356589147287,1
2025-07-29,175,0,2,2,0.767441860465116,1.23255813953488,2
2025-07-29,176,0,0,0,0.0465116279069767,0.0465116279069767,0
2025-07-29,177,1,3,2,1.51162790697674,0.488372093023256,2
2025-07-29,178,0,0,0,0.829457364341085,0.829457364341085,0
2025-07-29,179,2,10,8,3.2015503875969,4.7984496124031,8
2025-07-29,180,1,4,3,0.875968992248062,2.12403100775194,3
2025-07-29,181,5,27,22,16.6744186046512,5.32558139534884,22
2025-07-29,182,0,2,2,1.69767441860465,0.302325581395349,2
2025-07-29,183,0,0,0,0.426356589147287,0.426356589147287,0
2025-07-29,184,0,0,0,0.0155038759689922,0.0155038759689922,0
2025-07-29,185,1,0,-1,1.06201550387597,2.06201550387597,1
2025-07-29,186,249,210,-39,-50.8217054263566,11.8217054263566,39
2025-07-29,187,0,0,0,0.0775193798449612,0.0775193798449612,0
2025-07-29,188,3,4,1,2.85271317829457,1.85271317829457,1
2025-07-29,189,3,7,4,4.48062015503876,0.48062015503876,4
2025-07-29,190,0,1,1,0.689922480620155,0.310077519379845,1
2025-07-29,191,0,1,1,1.65891472868217,0.658914728682171,1
2025-07-29,192,0,0,0,0.697674418604651,0.697674418604651,0
2025-07-29,193,2,9,7,1.24031007751938,5.75968992248062,7
2025-07-29,194,0,2,2,1.15503875968992,0.844961240310078,2
2025-07-29,195,2,2,0,2.09302325581395,2.09302325581395,0
2025-07-29,196,0,3,3,0.953488372093023,2.04651162790698,3
2025-07-29,197,2,5,3,1.8062015503876,1.1937984496124,3
2025-07-29,198,0,7,7,3.04651162790698,3.95348837209302,7
2025-07-29,199,0,0,0,-0.0155038759689922,0.0155038759689922,0
2025-07-29,200,0,2,2,2.31007751937985,0.310077519379845,2
2025-07-29,201,1,0,-1,0.589147286821705,1.58914728682171,1
2025-07-29,202,1,8,7,3.57364341085271,3.42635658914729,7
2025-07-29,203,0,6,6,1.3953488372093,4.6046511627907,6
2025-07-29,204,0,1,1,0.0155038759689922,0.984496124031008,1
2025-07-29,205,2,3,1,2.62790697674419,1.62790697674419,1
2025-07-29,206,0,0,0,0.193798449612403,0.193798449612403,0
2025-07-29,207,0,0,0,-0.0542635658914728,0.0542635658914728,0
2025-07-29,208,0,1,1,1.27906976744186,0.27906976744186,1
2025-07-29,209,18,34,16,8.03875968992248,7.96124031007752,16
2025-07-29,210,0,4,4,1.27131782945736,2.72868217054264,4
2025-07-29,211,88,80,-8,3.75193798449612,11.7519379844961,8
2025-07-29,212,0,2,2,0.503875968992248,1.49612403100775,2
2025-07-29,213,1,3,2,1.29457364341085,0.705426356589147,2
2025-07-29,214,0,0,0,0.147286821705426,0.147286821705426,0
2025-07-29,215,0,2,2,1.75968992248062,0.24031007751938,2
2025-07-29,216,2,11,9,5.67441860465116,3.32558139534884,9
2025-07-29,217,0,2,2,2.6046511627907,0.604651162790698,2
2025-07-29,218,0,7,7,2.7906976744186,4.2093023255814,7
2025-07-29,219,1,4,3,2.43410852713178,0.565891472868217,3
2025-07-29,220,1,9,8,2.24031007751938,5.75968992248062,8
2025-07-29,221,0,0,0,0.13953488372093,0.13953488372093,0
2025-07-29,222,1,3,2,0.883720930232558,1.11627906976744,2
2025-07-29,223,3,8,5,5.72093023255814,0.72093023255814,5
2025-07-29,224,13,25,12,22.8759689922481,10.8759689922481,12
2025-07-29,225,3,12,9,4.31007751937984,4.68992248062016,9
2025-07-29,226,8,7,-1,1.68217054263566,2.68217054263566,1
2025-07-29,227,0,1,1,1.09302325581395,0.0930232558139534,1
2025-07-29,228,1,5,4,1.94573643410853,2.05426356589147,4
2025-07-29,229,153,207,54,36.4961240310078,17.5038759689922,54
2025-07-29,230,379,439,60,84.7286821705426,24.7286821705426,60
2025-07-29,231,188,181,-7,4.27131782945736,11.2713178294574,7
2025-07-29,232,21,52,31,33.5503875968992,2.55038759689923,31
2025-07-29,233,129,129,0,-1.31007751937985,1.31007751937985,0
2025-07-29,234,323,246,-77,-42.6899224806202,34.3100775193798,77
2025-07-29,235,0,5,5,1.29457364341085,3.70542635658915,5
2025-07-29,236,342,406,64,43.5891472868217,20.4108527131783,64
2025-07-29,237,451,473,22,-6.51937984496124,28.5193798449612,22
2025-07-29,238,150,199,49,43.3798449612403,5.62015503875969,49
2025-07-29,239,201,295,94,72.8139534883721,21.1860465116279,94
2025-07-29,240,0,0,0,0.286821705426357,0.286821705426357,0
2025-07-29,241,0,0,0,1.09302325581395,1.09302325581395,0
2025-07-29,242,0,0,0,0.472868217054264,0.472868217054264,0
2025-07-29,243,8,18,10,11.6744186046512,1.67441860465116,10
2025-07-29,244,9,24,15,12.6666666666667,2.33333333333333,15
2025-07-29,245,0,0,0,0.0852713178294573,0.0852713178294573,0
2025-07-29,246,248,228,-20,-22.5116279069767,2.51162790697675,20
2025-07-29,247,1,10,9,3.26356589147287,5.73643410852713,9
2025-07-29,248,1,0,-1,0.689922480620155,1.68992248062015,1
2025-07-29,249,137,228,91,70.3798449612403,20.6201550387597,91
2025-07-29,250,1,4,3,0.387596899224806,2.61240310077519,3
2025-07-29,251,0,0,0,0.116279069767442,0.116279069767442,0
2025-07-29,252,0,0,0,1.18604651162791,1.18604651162791,0
2025-07-29,253,1,0,-1,0.10077519379845,1.10077519379845,1
2025-07-29,254,1,2,1,1.35658914728682,0.356589147286822,1
2025-07-29,255,6,15,9,15.5736434108527,6.57364341085271,9
2025-07-29,256,5,13,8,12.046511627907,4.04651162790698,8
2025-07-29,257,0,5,5,2.90697674418605,2.09302325581395,5
2025-07-29,258,1,5,4,1.78294573643411,2.21705426356589,4
2025-07-29,259,0,2,2,1.04651162790698,0.953488372093023,2
2025-07-29,260,2,6,4,2.10077519379845,1.89922480620155,4
2025-07-29,261,59,23,-36,-22.922480620155,13.077519379845,36
2025-07-29,262,89,122,33,41.2945736434108,8.29457364341085,33
2025-07-29,263,125,225,100,68.4341085271318,31.5658914728682,100
2025-07-30,1,0,14,14,16.6976744186047,2.69767441860465,14
2025-07-30,2,0,0,0,0.0310077519379844,0.0310077519379844,0
2025-07-30,3,0,0,0,0.682170542635659,0.682170542635659,0
2025-07-30,4,11,44,33,26.8217054263566,6.17829457364341,33
2025-07-30,5,0,0,0,0.0232558139534883,0.0232558139534883,0
2025-07-30,6,0,1,1,0.131782945736434,0.868217054263566,1
2025-07-30,7,4,30,26,9.62790697674418,16.3720930232558,26
2025-07-30,8,0,0,0,0.0465116279069767,0.0465116279069767,0
2025-07-30,9,0,1,1,0.527131782945736,0.472868217054264,1
2025-07-30,10,2,8,6,6.08527131782946,0.0852713178294575,6
2025-07-30,11,0,0,0,0.488372093023256,0.488372093023256,0
2025-07-30,12,3,1,-2,-0.48062015503876,1.51937984496124,2
2025-07-30,13,105,67,-38,-33.9457364341085,4.05426356589147,38
2025-07-30,14,0,3,3,4.67441860465116,1.67441860465116,3
2025-07-30,15,0,0,0,0.914728682170543,0.914728682170543,0
2025-07-30,16,0,1,1,1.10077519379845,0.10077519379845,1
2025-07-30,17,9,7,-2,4.49612403100775,6.49612403100775,2
2025-07-30,18,1,3,2,1.15503875968992,0.844961240310078,2
2025-07-30,19,0,2,2,0.945736434108527,1.05426356589147,2
2025-07-30,20,1,1,0,0.612403100775194,0.612403100775194,0
2025-07-30,21,0,2,2,0.930232558139535,1.06976744186047,2
2025-07-30,22,0,4,4,1.2015503875969,2.7984496124031,4
2025-07-30,23,0,0,0,0.155038759689922,0.155038759689922,0
2025-07-30,24,28,21,-7,9.77519379844961,16.7751937984496,7
2025-07-30,25,7,16,9,8.10852713178295,0.891472868217054,9
2025-07-30,26,1,1,0,2.16279069767442,2.16279069767442,0
2025-07-30,27,0,0,0,0.108527131782946,0.108527131782946,0
2025-07-30,28,1,2,1,1.65891472868217,0.658914728682171,1
2025-07-30,29,2,2,0,0.86046511627907,0.86046511627907,0
2025-07-30,30,0,0,0,0.0620155038759689,0.0620155038759689,0
2025-07-30,31,0,1,1,0.193798449612403,0.806201550387597,1
2025-07-30,32,2,3,1,0.713178294573643,0.286821705426357,1
2025-07-30,33,12,29,17,15.2170542635659,1.78294573643411,17
2025-07-30,34,4,2,-2,-0.155038759689922,1.84496124031008,2
2025-07-30,35,0,3,3,2.22480620155039,0.775193798449612,3
2025-07-30,36,1,2,1,3.65116279069767,2.65116279069767,1
2025-07-30,37,3,7,4,5.1937984496124,1.1937984496124,4
2025-07-30,38,0,2,2,1.37984496124031,0.62015503875969,2
2025-07-30,39,1,6,5,3.75193798449612,1.24806201550388,5
2025-07-30,40,1,13,12,6.83720930232558,5.16279069767442,12
2025-07-30,41,28,51,23,26.0232558139535,3.02325581395349,23
2025-07-30,42,13,43,30,24.4108527131783,5.58914728682171,30
2025-07-30,43,154,112,-42,-17.3720930232558,24.6279069767442,42
2025-07-30,44,0,0,0,0.0077519379844961,0.0077519379844961,0
2025-07-30,45,23,27,4,12.4806201550388,8.48062015503876,4
2025-07-30,46,0,0,0,0.155038759689922,0.155038759689922,0
2025-07-30,47,0,0,0,0.844961240310077,0.844961240310077,0
2025-07-30,48,260,259,-1,70.3565891472868,71.3565891472868,1
2025-07-30,49,7,10,3,7.2015503875969,4.2015503875969,3
2025-07-30,50,68,106,38,47.2790697674419,9.27906976744186,38
2025-07-30,51,0,4,4,2.35658914728682,1.64341085271318,4
2025-07-30,52,3,7,4,4.28682170542636,0.286821705426356,4
2025-07-30,53,1,3,2,0.697674418604651,1.30232558139535,2
2025-07-30,54,0,3,3,1.87596899224806,1.12403100775194,3
2025-07-30,55,0,4,4,1.85271317829457,2.14728682170543,4
2025-07-30,56,1,4,3,1.47286821705426,1.52713178294574,3
2025-07-30,57,0,0,0,0.0852713178294573,0.0852713178294573,0
2025-07-30,58,0,0,0,0.224806201550388,0.224806201550388,0
2025-07-30,59,0,0,0,0.0310077519379844,0.0310077519379844,0
2025-07-30,60,0,1,1,0.48062015503876,0.51937984496124,1
2025-07-30,61,5,10,5,7.2093023255814,2.2093023255814,5
2025-07-30,62,2,5,3,2.24031007751938,0.75968992248062,3
2025-07-30,63,0,3,3,1.61240310077519,1.38759689922481,3
2025-07-30,64,0,0,0,0.922480620155039,0.922480620155039,0
2025-07-30,65,15,12,-3,1.81395348837209,4.81395348837209,3
2025-07-30,66,18,20,2,5.24031007751938,3.24031007751938,2
2025-07-30,67,0,1,1,0.813953488372093,0.186046511627907,1
2025-07-30,68,346,260,-86,-48.1937984496124,37.8062015503876,86
2025-07-30,69,1,3,2,2.05426356589147,0.054263565891473,2
2025-07-30,70,8,1,-7,-17.8604651162791,10.8604651162791,7
2025-07-30,71,0,3,3,1.93023255813953,1.06976744186047,3
2025-07-30,72,1,1,0,1.74418604651163,1.74418604651163,0
2025-07-30,73,0,0,0,0.457364341085271,0.457364341085271,0
2025-07-30,74,27,36,9,35.6821705426357,26.6821705426357,9
2025-07-30,75,43,76,33,29.7131782945736,3.28682170542636,33
2025-07-30,76,3,13,10,4.68217054263566,5.31782945736434,10
2025-07-30,77,0,2,2,1.08527131782946,0.914728682170543,2
2025-07-30,78,0,2,2,0.837209302325581,1.16279069767442,2
2025-07-30,79,158,252,94,82.2248062015504,11.7751937984496,94
2025-07-30,80,8,12,4,5.65891472868217,1.65891472868217,4
2025-07-30,81,0,0,0,0.720930232558139,0.720930232558139,0
2025-07-30,82,1,6,5,1,4,5
2025-07-30,83,0,2,2,1.15503875968992,0.844961240310078,2
2025-07-30,84,0,0,0,0.0542635658914728,0.0542635658914728,0
2025-07-30,85,0,2,2,1.2093023255814,0.790697674418605,2
2025-07-30,86,0,3,3,2.03100775193798,0.968992248062015,3
2025-07-30,87,90,83,-7,5.10852713178295,12.1085271317829,7
2025-07-30,88,47,26,-21,-2.41085271317829,18.5891472868217,21
2025-07-30,89,2,6,4,4.56589147286822,0.565891472868217,4
2025-07-30,90,176,154,-22,-10.8992248062016,11.1007751937984,22
2025-07-30,91,3,9,6,2.4031007751938,3.5968992248062,6
2025-07-30,92,1,4,3,3.90697674418605,0.906976744186046,3
2025-07-30,93,0,1,1,1.93023255813953,0.930232558139535,1
2025-07-30,94,0,2,2,0.395348837209302,1.6046511627907,2
2025-07-30,95,1,7,6,6.0077519379845,0.00775193798449614,6
2025-07-30,96,0,0,0,0.155038759689922,0.155038759689922,0
2025-07-30,97,4,11,7,4.94573643410853,2.05426356589147,7
2025-07-30,98,1,1,0,1.51937984496124,1.51937984496124,0
2025-07-30,99,0,0,0,0,0,0
2025-07-30,100,150,101,-49,-24.2713178294574,24.7286821705426,49
2025-07-30,101,0,0,0,0.565891472868217,0.565891472868217,0
2025-07-30,102,0,1,1,1.48062015503876,0.48062015503876,1
2025-07-30,105,0,0,0,0,0,0
2025-07-30,106,4,5,1,1.85271317829457,0.852713178294574,1
2025-07-30,107,205,237,32,21.6666666666667,10.3333333333333,32
2025-07-30,108,0,2,2,0.945736434108527,1.05426356589147,2
2025-07-30,109,0,0,0,0.0697674418604651,0.0697674418604651,0
2025-07-30,110,0,0,0,0,0,0
2025-07-30,111,0,0,0,0.0310077519379844,0.0310077519379844,0
2025-07-30,112,5,18,13,16.2790697674419,3.27906976744186,13
2025-07-30,113,143,146,3,13.2558139534884,10.2558139534884,3
2025-07-30,114,106,109,3,24.5658914728682,21.5658914728682,3
2025-07-30,115,0,0,0,0.116279069767442,0.116279069767442,0
2025-07-30,116,9,20,11,12.2015503875969,1.2015503875969,11
2025-07-30,117,0,1,1,1.1937984496124,0.193798449612403,1
2025-07-30,118,0,0,0,0.13953488372093,0.13953488372093,0
2025-07-30,119,1,8,7,1.86046511627907,5.13953488372093,7
2025-07-30,120,0,0,0,0.426356589147287,0.426356589147287,0
2025-07-30,121,1,1,0,1.42635658914729,1.42635658914729,0
2025-07-30,122,0,2,2,0.589147286821705,1.41085271317829,2
2025-07-30,123,0,0,0,1.13178294573643,1.13178294573643,0
2025-07-30,124,0,2,2,1.77519379844961,0.224806201550388,2
2025-07-30,125,55,68,13,-2.09302325581395,15.093023255814,13
2025-07-30,126,0,0,0,0.294573643410853,0.294573643410853,0
2025-07-30,127,1,7,6,4.92248062015504,1.07751937984496,6
2025-07-30,128,0,0,0,0.472868217054264,0.472868217054264,0
2025-07-30,129,3,3,0,4.51162790697674,4.51162790697674,0
2025-07-30,130,8,8,0,0.403100775193798,0.403100775193798,0
2025-07-30,131,0,0,0,1.41860465116279,1.41860465116279,0
2025-07-30,132,313,71,-242,-215.976744186046,26.0232558139535,242
2025-07-30,133,1,0,-1,1.75193798449612,2.75193798449612,1
2025-07-30,134,4,4,0,1.07751937984496,1.07751937984496,0
2025-07-30,135,0,0,0,1.85271317829457,1.85271317829457,0
2025-07-30,136,0,0,0,0.782945736434108,0.782945736434108,0
2025-07-30,137,120,106,-14,-9.26356589147287,4.73643410852713,14
2025-07-30,138,98,79,-19,-143.744186046512,124.744186046512,19
2025-07-30,139,0,3,3,1.37209302325581,1.62790697674419,3
2025-07-30,140,157,117,-40,-33.1860465116279,6.81395348837209,40
2025-07-30,141,255,295,40,61.1472868217054,21.1472868217054,40
2025-07-30,142,292,314,22,62.8759689922481,40.8759689922481,22
2025-07-30,143,121,163,42,53.1627906976744,11.1627906976744,42
2025-07-30,144,114,109,-5,-2.15503875968992,2.84496124031008,5
2025-07-30,145,24,36,12,9.4031007751938,2.5968992248062,12
2025-07-30,146,19,16,-3,0.720930232558139,3.72093023255814,3
2025-07-30,147,0,0,0,0.294573643410853,0.294573643410853,0
2025-07-30,148,74,138,64,54.4031007751938,9.5968992248062,64
2025-07-30,149,0,2,2,1.38759689922481,0.612403100775194,2
2025-07-30,150,1,1,0,0.51937984496124,0.51937984496124,0
2025-07-30,151,62,87,25,13,12,25
2025-07-30,152,8,10,2,2.86821705426357,0.868217054263566,2
2025-07-30,153,0,0,0,0.170542635658915,0.170542635658915,0
2025-07-30,154,0,0,0,0.527131782945736,0.527131782945736,0
2025-07-30,155,2,4,2,1.44186046511628,0.558139534883721,2
2025-07-30,156,0,0,0,0.0542635658914728,0.0542635658914728,0
2025-07-30,157,1,0,-1,2,3,1
2025-07-30,158,101,163,62,47.8139534883721,14.1860465116279,62
2025-07-30,159,0,3,3,0.395348837209302,2.6046511627907,3
2025-07-30,160,0,1,1,1.89922480620155,0.89922480620155,1
2025-07-30,161,664,326,-338,-286.294573643411,51.7054263565892,338
2025-07-30,162,525,272,-253,-210.364341085271,42.6356589147287,253
2025-07-30,163,407,252,-155,-106.403100775194,48.5968992248062,155
2025-07-30,164,276,177,-99,-25.4418604651163,73.5581395348837,99
2025-07-30,165,0,1,1,1.55038759689922,0.550387596899225,1
2025-07-30,166,31,57,26,7.13178294573643,18.8682170542636,26
2025-07-30,167,0,2,2,1.41860465116279,0.581395348837209,2
2025-07-30,168,1,6,5,2.56589147286822,2.43410852713178,5
2025-07-30,169,0,3,3,1.16279069767442,1.83720930232558,3
2025-07-30,170,317,243,-74,-46.6666666666667,27.3333333333333,74
2025-07-30,171,0,2,2,1.55813953488372,0.441860465116279,2
2025-07-30,172,0,0,0,0.0542635658914728,0.0542635658914728,0
2025-07-30,173,0,1,1,0.775193798449612,0.224806201550388,1
2025-07-30,174,0,0,0,0.573643410852713,0.573643410852713,0
2025-07-30,175,0,0,0,0.767441860465116,0.767441860465116,0
2025-07-30,176,0,0,0,0.0465116279069767,0.0465116279069767,0
2025-07-30,177,0,2,2,1.51162790697674,0.488372093023256,2
2025-07-30,178,0,0,0,0.829457364341085,0.829457364341085,0
2025-07-30,179,3,12,9,3.2015503875969,5.7984496124031,9
2025-07-30,180,1,0,-1,0.875968992248062,1.87596899224806,1
2025-07-30,181,2,32,30,16.6744186046512,13.3255813953488,30
2025-07-30,182,0,5,5,1.69767441860465,3.30232558139535,5
2025-07-30,183,0,0,0,0.426356589147287,0.426356589147287,0
2025-07-30,184,0,0,0,0.0155038759689922,0.0155038759689922,0
2025-07-30,185,0,1,1,1.06201550387597,0.0620155038759691,1
2025-07-30,186,274,232,-42,-50.8217054263566,8.82170542635659,42
2025-07-30,187,0,0,0,0.0775193798449612,0.0775193798449612,0
2025-07-30,188,6,9,3,2.85271317829457,0.147286821705426,3
2025-07-30,189,2,7,5,4.48062015503876,0.51937984496124,5
2025-07-30,190,0,0,0,0.689922480620155,0.689922480620155,0
2025-07-30,191,0,4,4,1.65891472868217,2.34108527131783,4
2025-07-30,192,0,1,1,0.697674418604651,0.302325581395349,1
2025-07-30,193,4,8,4,1.24031007751938,2.75968992248062,4
2025-07-30,194,0,2,2,1.15503875968992,0.844961240310078,2
2025-07-30,195,0,3,3,2.09302325581395,0.906976744186046,3
2025-07-30,196,4,4,0,0.953488372093023,0.953488372093023,0
2025-07-30,197,4,6,2,1.8062015503876,0.193798449612403,2
2025-07-30,198,0,2,2,3.04651162790698,1.04651162790698,2
2025-07-30,199,0,0,0,-0.0155038759689922,0.0155038759689922,0
2025-07-30,200,1,3,2,2.31007751937985,0.310077519379845,2
2025-07-30,201,1,0,-1,0.589147286821705,1.58914728682171,1
2025-07-30,202,2,3,1,3.57364341085271,2.57364341085271,1
2025-07-30,203,0,0,0,1.3953488372093,1.3953488372093,0
2025-07-30,204,0,0,0,0.0155038759689922,0.0155038759689922,0
2025-07-30,205,0,5,5,2.62790697674419,2.37209302325581,5
2025-07-30,206,0,0,0,0.193798449612403,0.193798449612403,0
2025-07-30,207,1,0,-1,-0.0542635658914728,0.945736434108527,1
2025-07-30,208,0,3,3,1.27906976744186,1.72093023255814,3
2025-07-30,209,15,38,23,8.03875968992248,14.9612403100775,23
2025-07-30,210,0,0,0,1.27131782945736,1.27131782945736,0
2025-07-30,211,112,112,0,3.75193798449612,3.75193798449612,0
2025-07-30,212,0,0,0,0.503875968992248,0.503875968992248,0
2025-07-30,213,1,5,4,1.29457364341085,2.70542635658915,4
2025-07-30,214,0,0,0,0.147286821705426,0.147286821705426,0
2025-07-30,215,1,0,-1,1.75968992248062,2.75968992248062,1
2025-07-30,216,1,8,7,5.67441860465116,1.32558139534884,7
2025-07-30,217,0,3,3,2.6046511627907,0.395348837209302,3
2025-07-30,218,2,3,1,2.7906976744186,1.7906976744186,1
2025-07-30,219,1,6,5,2.43410852713178,2.56589147286822,5
2025-07-30,220,1,4,3,2.24031007751938,0.75968992248062,3
2025-07-30,221,0,0,0,0.13953488372093,0.13953488372093,0
2025-07-30,222,1,3,2,0.883720930232558,1.11627906976744,2
2025-07-30,223,3,16,13,5.72093023255814,7.27906976744186,13
2025-07-30,224,17,44,27,22.8759689922481,4.12403100775193,27
2025-07-30,225,5,9,4,4.31007751937984,0.310077519379845,4
2025-07-30,226,8,19,11,1.68217054263566,9.31782945736434,11
2025-07-30,227,0,2,2,1.09302325581395,0.906976744186047,2
2025-07-30,228,1,4,3,1.94573643410853,1.05426356589147,3
2025-07-30,229,151,225,74,36.4961240310078,37.5038759689922,74
2025-07-30,230,422,421,-1,84.7286821705426,85.7286821705426,1
2025-07-30,231,215,179,-36,4.27131782945736,40.2713178294574,36
2025-07-30,232,13,46,33,33.5503875968992,0.550387596899228,33
2025-07-30,233,126,143,17,-1.31007751937985,18.3100775193798,17
2025-07-30,234,375,282,-93,-42.6899224806202,50.3100775193798,93
2025-07-30,235,0,2,2,1.29457364341085,0.705426356589147,2
2025-07-30,236,354,411,57,43.5891472868217,13.4108527131783,57
2025-07-30,237,610,545,-65,-6.51937984496124,58.4806201550388,65
2025-07-30,238,158,198,40,43.3798449612403,3.37984496124031,40
2025-07-30,239,223,284,61,72.8139534883721,11.8139534883721,61
2025-07-30,240,0,0,0,0.286821705426357,0.286821705426357,0
2025-07-30,241,2,2,0,1.09302325581395,1.09302325581395,0
2025-07-30,242,0,0,0,0.472868217054264,0.472868217054264,0
2025-07-30,243,2,13,11,11.6744186046512,0.674418604651162,11
2025-07-30,244,18,36,18,12.6666666666667,5.33333333333333,18
2025-07-30,245,0,0,0,0.0852713178294573,0.0852713178294573,0
2025-07-30,246,246,233,-13,-22.5116279069767,9.51162790697675,13
2025-07-30,247,0,15,15,3.26356589147287,11.7364341085271,15
2025-07-30,248,0,1,1,0.689922480620155,0.310077519379845,1
2025-07-30,249,169,237,68,70.3798449612403,2.37984496124031,68
2025-07-30,250,0,1,1,0.387596899224806,0.612403100775194,1
2025-07-30,251,0,0,0,0.116279069767442,0.116279069767442,0
2025-07-30,252,0,0,0,1.18604651162791,1.18604651162791,0
2025-07-30,253,0,0,0,0.10077519379845,0.10077519379845,0
2025-07-30,254,1,2,1,1.35658914728682,0.356589147286822,1
2025-07-30,255,11,26,15,15.5736434108527,0.573643410852712,15
2025-07-30,256,8,20,12,12.046511627907,0.0465116279069768,12
2025-07-30,257,0,1,1,2.90697674418605,1.90697674418605,1
2025-07-30,258,0,2,2,1.78294573643411,0.217054263565891,2
2025-07-30,259,1,0,-1,1.04651162790698,2.04651162790698,1
2025-07-30,260,2,5,3,2.10077519379845,0.89922480620155,3
2025-07-30,261,71,43,-28,-22.922480620155,5.07751937984496,28
2025-07-30,262,96,158,62,41.2945736434108,20.7054263565892,62
2025-07-30,263,170,225,55,68.4341085271318,13.4341085271318,55
2025-07-31,1,0,30,30,16.6976744186047,13.3023255813953,30
2025-07-31,2,0,0,0,0.0310077519379844,0.0310077519379844,0
2025-07-31,3,0,0,0,0.682170542635659,0.682170542635659,0
2025-07-31,4,14,23,9,26.8217054263566,17.8217054263566,9
2025-07-31,5,0,0,0,0.0232558139534883,0.0232558139534883,0
2025-07-31,6,1,0,-1,0.131782945736434,1.13178294573643,1
2025-07-31,7,11,24,13,9.62790697674418,3.37209302325582,13
2025-07-31,8,0,0,0,0.0465116279069767,0.0465116279069767,0
2025-07-31,9,0,3,3,0.527131782945736,2.47286821705426,3
2025-07-31,10,4,9,5,6.08527131782946,1.08527131782946,5
2025-07-31,11,0,1,1,0.488372093023256,0.511627906976744,1
2025-07-31,12,0,0,0,-0.48062015503876,0.48062015503876,0
2025-07-31,13,74,42,-32,-33.9457364341085,1.94573643410853,32
2025-07-31,14,3,14,11,4.67441860465116,6.32558139534884,11
2025-07-31,15,0,0,0,0.914728682170543,0.914728682170543,0
2025-07-31,16,1,3,2,1.10077519379845,0.89922480620155,2
2025-07-31,17,4,6,2,4.49612403100775,2.49612403100775,2
2025-07-31,18,1,4,3,1.15503875968992,1.84496124031008,3
2025-07-31,19,0,0,0,0.945736434108527,0.945736434108527,0
2025-07-31,20,0,0,0,0.612403100775194,0.612403100775194,0
2025-07-31,21,0,3,3,0.930232558139535,2.06976744186047,3
2025-07-31,22,1,3,2,1.2015503875969,0.798449612403101,2
2025-07-31,23,0,1,1,0.155038759689922,0.844961240310078,1
2025-07-31,24,18,18,0,9.77519379844961,9.77519379844961,0
2025-07-31,25,9,15,6,8.10852713178295,2.10852713178295,6
2025-07-31,26,1,9,8,2.16279069767442,5.83720930232558,8
2025-07-31,27,0,0,0,0.108527131782946,0.108527131782946,0
2025-07-31,28,1,4,3,1.65891472868217,1.34108527131783,3
2025-07-31,29,0,0,0,0.86046511627907,0.86046511627907,0
2025-07-31,30,0,0,0,0.0620155038759689,0.0620155038759689,0
2025-07-31,31,0,0,0,0.193798449612403,0.193798449612403,0
2025-07-31,32,0,0,0,0.713178294573643,0.713178294573643,0
2025-07-31,33,9,23,14,15.2170542635659,1.21705426356589,14
2025-07-31,34,0,0,0,-0.155038759689922,0.155038759689922,0
2025-07-31,35,0,3,3,2.22480620155039,0.775193798449612,3
2025-07-31,36,1,3,2,3.65116279069767,1.65116279069767,2
2025-07-31,37,2,13,11,5.1937984496124,5.8062015503876,11
2025-07-31,38,2,2,0,1.37984496124031,1.37984496124031,0
2025-07-31,39,2,11,9,3.75193798449612,5.24806201550388,9
2025-07-31,40,1,11,10,6.83720930232558,3.16279069767442,10
2025-07-31,41,30,65,35,26.0232558139535,8.97674418604651,35
2025-07-31,42,12,40,28,24.4108527131783,3.58914728682171,28
2025-07-31,43,87,56,-31,-17.3720930232558,13.6279069767442,31
2025-07-31,44,0,0,0,0.0077519379844961,0.0077519379844961,0
2025-07-31,45,9,25,16,12.4806201550388,3.51937984496124,16
2025-07-31,46,0,0,0,0.155038759689922,0.155038759689922,0
2025-07-31,47,0,2,2,0.844961240310077,1.15503875968992,2
2025-07-31,48,125,228,103,70.3565891472868,32.6434108527132,103
2025-07-31,49,4,7,3,7.2015503875969,4.2015503875969,3
2025-07-31,50,41,71,30,47.2790697674419,17.2790697674419,30
2025-07-31,51,1,1,0,2.35658914728682,2.35658914728682,0
2025-07-31,52,3,9,6,4.28682170542636,1.71317829457364,6
2025-07-31,53,1,4,3,0.697674418604651,2.30232558139535,3
2025-07-31,54,1,2,1,1.87596899224806,0.875968992248062,1
2025-07-31,55,1,4,3,1.85271317829457,1.14728682170543,3
2025-07-31,56,0,5,5,1.47286821705426,3.52713178294574,5
2025-07-31,57,0,0,0,0.0852713178294573,0.0852713178294573,0
2025-07-31,58,0,1,1,0.224806201550388,0.775193798449612,1
2025-07-31,59,0,0,0,0.0310077519379844,0.0310077519379844,0
2025-07-31,60,1,1,0,0.48062015503876,0.48062015503876,0
2025-07-31,61,8,16,8,7.2093023255814,0.790697674418604,8
2025-07-31,62,0,6,6,2.24031007751938,3.75968992248062,6
2025-07-31,63,0,1,1,1.61240310077519,0.612403100775194,1
2025-07-31,64,0,4,4,0.922480620155039,3.07751937984496,4
2025-07-31,65,7,14,7,1.81395348837209,5.18604651162791,7
2025-07-31,66,8,9,1,5.24031007751938,4.24031007751938,1
2025-07-31,67,0,1,1,0.813953488372093,0.186046511627907,1
2025-07-31,68,249,171,-78,-48.1937984496124,29.8062015503876,78
2025-07-31,69,3,3,0,2.05426356589147,2.05426356589147,0
2025-07-31,70,9,6,-3,-17.8604651162791,14.8604651162791,3
2025-07-31,71,0,4,4,1.93023255813953,2.06976744186047,4
2025-07-31,72,3,6,3,1.74418604651163,1.25581395348837,3
2025-07-31,73,0,0,0,0.457364341085271,0.457364341085271,0
2025-07-31,74,10,68,58,35.6821705426357,22.3178294573643,58
2025-07-31,75,44,73,29,29.7131782945736,0.713178294573645,29
2025-07-31,76,4,13,9,4.68217054263566,4.31782945736434,9
2025-07-31,77,1,3,2,1.08527131782946,0.914728682170543,2
2025-07-31,78,0,1,1,0.837209302325581,0.162790697674419,1
2025-07-31,79,109,174,65,82.2248062015504,17.2248062015504,65
2025-07-31,80,6,11,5,5.65891472868217,0.658914728682171,5
2025-07-31,81,0,4,4,0.720930232558139,3.27906976744186,4
2025-07-31,82,5,6,1,1,0,1
2025-07-31,83,2,2,0,1.15503875968992,1.15503875968992,0
2025-07-31,84,0,0,0,0.0542635658914728,0.0542635658914728,0
2025-07-31,85,1,2,1,1.2093023255814,0.209302325581395,1
2025-07-31,86,0,1,1,2.03100775193798,1.03100775193798,1
2025-07-31,87,67,56,-11,5.10852713178295,16.1085271317829,11
2025-07-31,88,25,11,-14,-2.41085271317829,11.5891472868217,14
2025-07-31,89,6,13,7,4.56589147286822,2.43410852713178,7
2025-07-31,90,104,100,-4,-10.8992248062016,6.89922480620155,4
2025-07-31,91,2,5,3,2.4031007751938,0.596899224806202,3
2025-07-31,92,3,10,7,3.90697674418605,3.09302325581395,7
2025-07-31,93,3,5,2,1.93023255813953,0.069767441860465,2
2025-07-31,94,0,0,0,0.395348837209302,0.395348837209302,0
2025-07-31,95,5,11,6,6.0077519379845,0.00775193798449614,6
2025-07-31,96,0,2,2,0.155038759689922,1.84496124031008,2
2025-07-31,97,3,12,9,4.94573643410853,4.05426356589147,9
2025-07-31,98,0,1,1,1.51937984496124,0.51937984496124,1
2025-07-31,99,0,0,0,0,0,0
2025-07-31,100,108,81,-27,-24.2713178294574,2.72868217054264,27
2025-07-31,101,1,0,-1,0.565891472868217,1.56589147286822,1
2025-07-31,102,0,1,1,1.48062015503876,0.48062015503876,1
2025-07-31,105,0,0,0,0,0,0
2025-07-31,106,0,5,5,1.85271317829457,3.14728682170543,5
2025-07-31,107,133,143,10,21.6666666666667,11.6666666666667,10
2025-07-31,108,0,0,0,0.945736434108527,0.945736434108527,0
2025-07-31,109,0,0,0,0.0697674418604651,0.0697674418604651,0
2025-07-31,110,0,0,0,0,0,0
2025-07-31,111,0,0,0,0.0310077519379844,0.0310077519379844,0
2025-07-31,112,8,29,21,16.2790697674419,4.72093023255814,21
2025-07-31,113,88,85,-3,13.2558139534884,16.2558139534884,3
2025-07-31,114,65,84,19,24.5658914728682,5.56589147286822,19
2025-07-31,115,0,0,0,0.116279069767442,0.116279069767442,0
2025-07-31,116,9,22,13,12.2015503875969,0.7984496124031,13
2025-07-31,117,0,3,3,1.1937984496124,1.8062015503876,3
2025-07-31,118,0,0,0,0.13953488372093,0.13953488372093,0
2025-07-31,119,0,1,1,1.86046511627907,0.86046511627907,1
2025-07-31,120,0,0,0,0.426356589147287,0.426356589147287,0
2025-07-31,121,0,2,2,1.42635658914729,0.573643410852713,2
2025-07-31,122,0,1,1,0.589147286821705,0.410852713178295,1
2025-07-31,123,2,1,-1,1.13178294573643,2.13178294573643,1
2025-07-31,124,0,2,2,1.77519379844961,0.224806201550388,2
2025-07-31,125,35,44,9,-2.09302325581395,11.093023255814,9
2025-07-31,126,2,1,-1,0.294573643410853,1.29457364341085,1
2025-07-31,127,3,5,2,4.92248062015504,2.92248062015504,2
2025-07-31,128,0,0,0,0.472868217054264,0.472868217054264,0
2025-07-31,129,7,11,4,4.51162790697674,0.511627906976744,4
2025-07-31,130,3,6,3,0.403100775193798,2.5968992248062,3
2025-07-31,131,0,4,4,1.41860465116279,2.58139534883721,4
2025-07-31,132,326,89,-237,-215.976744186046,21.0232558139535,237
2025-07-31,133,0,1,1,1.75193798449612,0.751937984496124,1
2025-07-31,134,0,6,6,1.07751937984496,4.92248062015504,6
2025-07-31,135,0,3,3,1.85271317829457,1.14728682170543,3
2025-07-31,136,0,2,2,0.782945736434108,1.21705426356589,2
2025-07-31,137,89,72,-17,-9.26356589147287,7.73643410852713,17
2025-07-31,138,159,56,-103,-143.744186046512,40.7441860465116,103
2025-07-31,139,1,4,3,1.37209302325581,1.62790697674419,3
2025-07-31,140,154,100,-54,-33.1860465116279,20.8139534883721,54
2025-07-31,141,154,206,52,61.1472868217054,9.14728682170543,52
2025-07-31,142,182,203,21,62.8759689922481,41.8759689922481,21
2025-07-31,143,86,101,15,53.1627906976744,38.1627906976744,15
2025-07-31,144,66,63,-3,-2.15503875968992,0.844961240310078,3
2025-07-31,145,18,15,-3,9.4031007751938,12.4031007751938,3
2025-07-31,146,10,12,2,0.720930232558139,1.27906976744186,2
2025-07-31,147,0,2,2,0.294573643410853,1.70542635658915,2
2025-07-31,148,44,90,46,54.4031007751938,8.4031007751938,46
2025-07-31,149,0,1,1,1.38759689922481,0.387596899224806,1
2025-07-31,150,0,1,1,0.51937984496124,0.48062015503876,1
2025-07-31,151,62,68,6,13,7,6
2025-07-31,152,10,6,-4,2.86821705426357,6.86821705426357,4
2025-07-31,153,0,0,0,0.170542635658915,0.170542635658915,0
2025-07-31,154,0,0,0,0.527131782945736,0.527131782945736,0
2025-07-31,155,2,2,0,1.44186046511628,1.44186046511628,0
2025-07-31,156,0,0,0,0.0542635658914728,0.0542635658914728,0
2025-07-31,157,1,3,2,2,0,2
2025-07-31,158,53,119,66,47.8139534883721,18.1860465116279,66
2025-07-31,159,2,1,-1,0.395348837209302,1.3953488372093,1
2025-07-31,160,1,5,4,1.89922480620155,2.10077519379845,4
2025-07-31,161,554,221,-333,-286.294573643411,46.7054263565892,333
2025-07-31,162,381,210,-171,-210.364341085271,39.3643410852713,171
2025-07-31,163,315,155,-160,-106.403100775194,53.5968992248062,160
2025-07-31,164,201,178,-23,-25.4418604651163,2.44186046511628,23
2025-07-31,165,0,3,3,1.55038759689922,1.44961240310078,3
2025-07-31,166,31,42,11,7.13178294573643,3.86821705426357,11
2025-07-31,167,0,2,2,1.41860465116279,0.581395348837209,2
2025-07-31,168,6,5,-1,2.56589147286822,3.56589147286822,1
2025-07-31,169,1,1,0,1.16279069767442,1.16279069767442,0
2025-07-31,170,239,232,-7,-46.6666666666667,39.6666666666667,7
2025-07-31,171,0,4,4,1.55813953488372,2.44186046511628,4
2025-07-31,172,0,0,0,0.0542635658914728,0.0542635658914728,0
2025-07-31,173,0,0,0,0.775193798449612,0.775193798449612,0
2025-07-31,174,0,1,1,0.573643410852713,0.426356589147287,1
2025-07-31,175,0,1,1,0.767441860465116,0.232558139534884,1
2025-07-31,176,0,0,0,0.0465116279069767,0.0465116279069767,0
2025-07-31,177,0,2,2,1.51162790697674,0.488372093023256,2
2025-07-31,178,0,1,1,0.829457364341085,0.170542635658915,1
2025-07-31,179,6,14,8,3.2015503875969,4.7984496124031,8
2025-07-31,180,1,1,0,0.875968992248062,0.875968992248062,0
2025-07-31,181,11,28,17,16.6744186046512,0.325581395348838,17
2025-07-31,182,1,0,-1,1.69767441860465,2.69767441860465,1
2025-07-31,183,0,1,1,0.426356589147287,0.573643410852713,1
2025-07-31,184,0,0,0,0.0155038759689922,0.0155038759689922,0
2025-07-31,185,0,3,3,1.06201550387597,1.93798449612403,3
2025-07-31,186,213,169,-44,-50.8217054263566,6.82170542635659,44
2025-07-31,187,0,0,0,0.0775193798449612,0.0775193798449612,0
2025-07-31,188,5,9,4,2.85271317829457,1.14728682170543,4
2025-07-31,189,4,8,4,4.48062015503876,0.48062015503876,4
2025-07-31,190,0,0,0,0.689922480620155,0.689922480620155,0
2025-07-31,191,0,2,2,1.65891472868217,0.341085271317829,2
2025-07-31,192,0,1,1,0.697674418604651,0.302325581395349,1
2025-07-31,193,2,5,3,1.24031007751938,1.75968992248062,3
2025-07-31,194,0,0,0,1.15503875968992,1.15503875968992,0
2025-07-31,195,1,3,2,2.09302325581395,0.0930232558139537,2
2025-07-31,196,1,2,1,0.953488372093023,0.0465116279069768,1
2025-07-31,197,1,8,7,1.8062015503876,5.1937984496124,7
2025-07-31,198,2,7,5,3.04651162790698,1.95348837209302,5
2025-07-31,199,0,0,0,-0.0155038759689922,0.0155038759689922,0
2025-07-31,200,0,3,3,2.31007751937985,0.689922480620155,3
2025-07-31,201,0,0,0,0.589147286821705,0.589147286821705,0
2025-07-31,202,1,8,7,3.57364341085271,3.42635658914729,7
2025-07-31,203,0,2,2,1.3953488372093,0.604651162790698,2
2025-07-31,204,0,0,0,0.0155038759689922,0.0155038759689922,0
2025-07-31,205,0,1,1,2.62790697674419,1.62790697674419,1
2025-07-31,206,0,0,0,0.193798449612403,0.193798449612403,0
2025-07-31,207,2,0,-2,-0.0542635658914728,1.94573643410853,2
2025-07-31,208,0,2,2,1.27906976744186,0.72093023255814,2
2025-07-31,209,14,18,4,8.03875968992248,4.03875968992248,4
2025-07-31,210,0,2,2,1.27131782945736,0.728682170542636,2
2025-07-31,211,59,70,11,3.75193798449612,7.24806201550388,11
2025-07-31,212,1,0,-1,0.503875968992248,1.50387596899225,1
2025-07-31,213,1,2,1,1.29457364341085,0.294573643410853,1
2025-07-31,214,0,0,0,0.147286821705426,0.147286821705426,0
2025-07-31,215,2,2,0,1.75968992248062,1.75968992248062,0
2025-07-31,216,1,6,5,5.67441860465116,0.674418604651163,5
2025-07-31,217,2,3,1,2.6046511627907,1.6046511627907,1
2025-07-31,218,2,8,6,2.7906976744186,3.2093023255814,6
2025-07-31,219,3,3,0,2.43410852713178,2.43410852713178,0
2025-07-31,220,0,1,1,2.24031007751938,1.24031007751938,1
2025-07-31,221,0,0,0,0.13953488372093,0.13953488372093,0
2025-07-31,222,1,4,3,0.883720930232558,2.11627906976744,3
2025-07-31,223,6,21,15,5.72093023255814,9.27906976744186,15
2025-07-31,224,17,25,8,22.8759689922481,14.8759689922481,8
2025-07-31,225,5,7,2,4.31007751937984,2.31007751937984,2
2025-07-31,226,15,15,0,1.68217054263566,1.68217054263566,0
2025-07-31,227,1,3,2,1.09302325581395,0.906976744186047,2
2025-07-31,228,2,2,0,1.94573643410853,1.94573643410853,0
2025-07-31,229,115,161,46,36.4961240310078,9.50387596899225,46
2025-07-31,230,237,374,137,84.7286821705426,52.2713178294574,137
2025-07-31,231,135,133,-2,4.27131782945736,6.27131782945736,2
2025-07-31,232,11,57,46,33.5503875968992,12.4496124031008,46
2025-07-31,233,95,101,6,-1.31007751937985,7.31007751937985,6
2025-07-31,234,234,198,-36,-42.6899224806202,6.68992248062016,36
2025-07-31,235,2,3,1,1.29457364341085,0.294573643410853,1
2025-07-31,236,206,301,95,43.5891472868217,51.4108527131783,95
2025-07-31,237,262,288,26,-6.51937984496124,32.5193798449612,26
2025-07-31,238,94,164,70,43.3798449612403,26.6201550387597,70
2025-07-31,239,135,226,91,72.8139534883721,18.1860465116279,91
2025-07-31,240,0,0,0,0.286821705426357,0.286821705426357,0
2025-07-31,241,1,3,2,1.09302325581395,0.906976744186047,2
2025-07-31,242,0,1,1,0.472868217054264,0.527131782945736,1
2025-07-31,243,5,10,5,11.6744186046512,6.67441860465116,5
2025-07-31,244,5,22,17,12.6666666666667,4.33333333333333,17
2025-07-31,245,0,0,0,0.0852713178294573,0.0852713178294573,0
2025-07-31,246,146,132,-14,-22.5116279069767,8.51162790697675,14
2025-07-31,247,2,5,3,3.26356589147287,0.263565891472868,3
2025-07-31,248,0,1,1,0.689922480620155,0.310077519379845,1
2025-07-31,249,90,178,88,70.3798449612403,17.6201550387597,88
2025-07-31,250,0,2,2,0.387596899224806,1.61240310077519,2
2025-07-31,251,0,0,0,0.116279069767442,0.116279069767442,0
2025-07-31,252,0,5,5,1.18604651162791,3.81395348837209,5
2025-07-31,253,0,0,0,0.10077519379845,0.10077519379845,0
2025-07-31,254,0,5,5,1.35658914728682,3.64341085271318,5
2025-07-31,255,5,18,13,15.5736434108527,2.57364341085271,13
2025-07-31,256,4,25,21,12.046511627907,8.95348837209302,21
2025-07-31,257,0,5,5,2.90697674418605,2.09302325581395,5
2025-07-31,258,2,3,1,1.78294573643411,0.782945736434109,1
2025-07-31,259,1,0,-1,1.04651162790698,2.04651162790698,1
2025-07-31,260,5,10,5,2.10077519379845,2.89922480620155,5
2025-07-31,261,55,23,-32,-22.922480620155,9.07751937984496,32
2025-07-31,262,72,118,46,41.2945736434108,4.70542635658915,46
2025-07-31,263,115,156,41,68.4341085271318,27.4341085271318,41
